P49913,0.294, 0.391, 0.939,170,1
P00004,0.000, 0.019, 1.000,105,1
P27695,0.129, 0.032, 0.124,318,1
Q64693,0.859, 0.443, 0.573,256,0
P32774,0.164, 0.147, 0.549,122,1
P0DMM9,0.024, 0.003, 1.000,295,1
P13569,0.265, 0.570, 0.355,1480,6
P0DN86,0.278, 0.353, 0.500,165,1
P61926,0.658, 0.924, 0.780,76,0
P38936,0.549, 0.379, 0.545,164,1
P49918,0.678, 0.539, 0.500,316,1
P46527,0.591, 0.198, 0.607,198,1
P11938,0.466, 0.588, 0.268,827,4
P13551,0.058, 0.426, 0.879,691,3
P14061,0.125, 0.056, 0.144,328,1
P14738,0.704, 0.253, 0.105,1018,1
P06179,0.028, 0.122, 1.000,495,2
P26477,0.402, 0.344, 0.488,97,1
Q13541,0.432, 0.776, 0.588,118,1
Q07731,0.403, 0.342, 0.412,211,1
P04150,0.593, 0.140, 0.061,777,2
P13255,0.147, 0.212, 0.789,293,2
P56206,0.000, 0.089, 1.000,506,2
P10912,0.668, 0.213, 0.244,638,1
P22121,0.735, 0.547, 0.090,677,2
P17096,0.729, 1.000, 0.988,107,0
P02315,0.714, 1.000, 0.720,70,0
P02929,0.502, 0.169, 0.801,239,1
P02259,0.600, 0.105, 0.685,190,1
P02687,0.804, 0.969, 0.669,169,0
P70475,0.639, 0.789, 0.155,1187,7
P07805,0.074, 0.168, 0.419,423,2
P27001,0.006, 0.210, 1.000,350,2
P78356,0.185, 0.177, 0.222,416,3
P10688,0.086, 0.317, 0.849,756,3
P15340,0.984, 0.000, 1.000,62,0
P11409,0.101, 0.202, 0.386,336,3
P27694,0.146, 0.275, 0.199,616,4
P19793,0.368, 0.141, 0.193,462,2
P49799,0.366, 0.054, 0.426,205,1
O86488,0.340, 0.258, 0.029,1315,4
Q57733,0.176, 0.107, 0.886,147,1
P60881,0.204, 0.274, 0.475,206,2
P63027,0.336, 0.572, 0.923,116,0
P37840,0.372, 0.534, 0.653,140,0
P23441,0.811, 0.213, 0.261,372,1
P04818,0.080, 0.035, 0.725,313,1
P03372,0.496, 0.137, 0.065,595,3
P11387,0.262, 0.050, 0.004,765,2
P06786,0.235, 0.256, 0.179,1428,5
P07248,0.692, 0.994, 0.228,1323,8
P01100,0.787, 0.211, 0.285,380,1
Q92731,0.442, 0.186, 0.086,530,3
P51123,0.656, 0.465, 0.248,2129,9
P39935,0.620, 0.528, 0.229,952,3
P03069,0.595, 0.534, 0.640,281,1
P61244,0.381, 0.152, 0.934,160,1
Q04206,0.450, 0.145, 0.238,551,1
P04637,0.402, 0.119, 0.259,393,2
P0ABI8,0.006, 0.137, 1.000,663,1
P0ABJ1,0.238, 0.734, 0.613,315,3
Q14722,0.143, 0.167, 0.182,419,1
P27088,0.251, 0.300, 0.641,267,1
Q08209,0.156, 0.296, 0.532,521,1
P04177,0.184, 0.227, 0.435,498,1
Q9HKT1,0.069, 0.185, 0.275,262,2
P10922,0.603, 0.091, 0.624,194,1
Q53654,0.123, 0.237, 0.203,1183,5
P50440,0.146, 0.016, 0.096,423,1
P0A6H5,0.124, 0.320, 0.944,443,4
P10587,0.331, 0.680, 0.882,1979,10
P09372,0.188, 0.063, 0.080,197,1
P32773,0.598, 0.164, 0.328,286,2
P69924,0.080, 0.040, 0.562,376,1
P07598,0.060, 0.096, 0.917,421,1
P40881,0.146, 0.028, 0.110,247,1
P27577,0.514, 0.388, 0.115,440,2
P22239,0.858, 1.000, 0.399,155,0
P31109,0.223, 0.319, 0.883,117,1
P81455,0.245, 0.109, 1.000,49,1
P05059,0.675, 0.486, 0.287,449,1
P10163,0.922, 1.000, 0.437,310,0
P12957,0.533, 0.377, 0.227,771,4
P15146,0.969, 1.000, 0.120,1861,0
P01730,0.166, 0.225, 0.476,458,2
P40357,0.616, 0.477, 0.278,651,2
Q04207,0.441, 0.154, 0.220,549,1
P22531,0.167, 0.950, 1.000,72,0
P07221,0.114, 0.060, 0.333,395,1
Q06787,0.438, 0.256, 0.082,632,3
P10961,0.798, 0.386, 0.135,833,2
P15865,0.672, 0.070, 0.463,219,1
P01050,0.077, 0.284, 1.000,65,1
P12272,0.718, 0.440, 0.701,177,0
P0A7L8,0.083, 0.115, 1.000,85,1
O95405,0.589, 0.290, 0.095,1425,5
P14602,0.507, 0.243, 0.396,209,1
Q9VAN6,0.689, 0.199, 0.521,276,1
P0A7U3,0.109, 0.183, 1.000,92,1
P02547,0.448, 0.194, 0.179,549,4
Q13426,0.392, 0.079, 0.189,336,1
P01112,0.080, 0.150, 1.000,189,1
P32851,0.184, 0.366, 0.793,288,3
P54725,0.413, 0.892, 0.232,363,4
P0CL52,0.493, 0.623, 0.112,685,4
P09803,0.238, 0.348, 0.336,884,5
P77173,0.485, 0.089, 0.736,328,1
O75324,0.625, 0.424, 0.600,88,0
Q03768,0.245, 0.440, 0.416,265,3
P05318,0.453, 0.949, 0.563,106,1
P19429,0.381, 0.323, 0.900,210,1
Q9NVS9,0.131, 0.110, 0.237,261,1
P32882,0.043, 0.136, 0.581,445,2
P04049,0.432, 0.481, 0.178,648,4
O00273,0.362, 0.820, 0.508,331,3
Q9NQB0,0.822, 0.472, 0.208,619,2
P42512,0.090, 0.048, 0.089,720,1
Q9Y5B0,0.534, 0.333, 0.127,961,4
P01094,0.383, 0.333, 0.807,68,1
P19972,0.149, 0.482, 0.302,222,2
P08775,0.284, 0.313, 0.123,1970,4
P11473,0.204, 0.094, 0.172,427,4
Q95V77,0.854, 1.000, 0.443,143,0
P04273,0.504, 0.825, 0.218,254,1
P12359,0.277, 0.221, 0.065,332,1
P38038,0.080, 0.114, 0.250,599,3
P02668,0.916, 0.000, 0.505,190,0
P0AFZ3,0.333, 0.063, 0.745,165,1
P02313,0.678, 1.000, 1.000,90,0
P20810,0.661, 0.850, 0.336,708,0
P0A707,0.066, 0.221, 1.000,180,1
P20963,0.750, 0.636, 0.780,164,0
P02721,0.102, 0.670, 1.000,108,1
P0A8H9,0.231, 0.100, 1.000,65,1
P21513,0.514, 0.402, 0.208,1061,4
P10451,0.949, 1.000, 0.584,314,0
P05221,0.470, 0.151, 0.553,200,1
O60927,0.571, 1.000, 0.778,126,0
P17810,0.118, 0.299, 0.559,346,2
P32499,0.737, 0.213, 0.218,720,2
P14635,0.358, 0.083, 0.193,433,1
Q05140,0.706, 0.293, 0.079,915,1
Q9CXW3,0.288, 0.350, 0.712,229,2
P07293,0.317, 0.711, 0.338,1873,10
P05455,0.385, 0.410, 0.517,408,2
Q14449,0.311, 0.226, 0.174,540,4
P14859,0.817, 0.186, 0.099,743,2
P14448,0.486, 0.393, 0.284,741,3
P02686,0.921, 1.000, 0.557,304,0
P38398,0.826, 0.362, 0.027,1863,3
P31896,0.009, 0.011, 1.000,639,1
P35611,0.540, 0.380, 0.206,737,3
P35612,0.514, 0.467, 0.313,726,2
P23025,0.275, 0.292, 0.640,273,1
P00514,0.095, 0.235, 0.442,380,3
P21758,0.536, 0.519, 0.662,453,3
P63315,0.130, 0.993, 0.715,161,2
P01555,0.124, 0.137, 0.653,258,1
O88339,0.623, 0.337, 0.408,575,2
P0A877,0.037, 0.074, 1.000,268,2
P26645,0.971, 0.000, 0.337,309,0
P40316,0.775, 0.571, 0.422,373,1
O31851,0.209, 0.046, 0.804,196,1
P01106,0.768, 0.182, 0.473,454,1
Q16665,0.610, 0.210, 0.216,826,4
P04925,0.497, 0.710, 0.183,254,1
Q24298,0.216, 0.564, 0.347,1507,9
P02699,0.078, 0.153, 0.295,348,1
P04695,0.031, 0.115, 1.000,350,1
Q12287,0.420, 0.876, 0.793,69,1
P08050,0.424, 0.472, 0.283,382,2
P08523,0.043, 0.006, 1.000,163,1
Q04656,0.293, 0.847, 0.461,1500,14
P10388,0.942, 0.793, 0.049,848,0
Q32NN2,0.484, 0.517, 0.207,341,2
P40337,0.272, 0.038, 0.518,213,1
Q9QXT8,0.407, 0.875, 0.241,256,2
P0C5S4,0.518, 1.000, 0.915,114,1
P10415,0.414, 0.350, 0.394,239,1
Q07817,0.433, 0.310, 0.277,233,1
P0AE70,0.018, 0.147, 1.000,111,1
P0ABQ4,0.000, 0.082, 1.000,159,1
P31751,0.179, 0.387, 0.419,481,3
Q07108,0.287, 0.098, 0.369,199,1
P51946,0.142, 0.184, 0.261,323,3
P06132,0.025, 0.039, 1.000,367,1
P00533,0.293, 0.330, 0.222,1210,7
P62495,0.096, 0.511, 0.646,437,3
P24071,0.234, 0.218, 0.641,287,2
Q9UJY5,0.358, 0.302, 0.201,639,4
O43464,0.365, 0.189, 0.186,458,3
O15350,0.513, 0.291, 0.074,636,3
P05121,0.110, 0.098, 0.227,402,2
Q9UM07,0.043, 0.074, 0.744,663,2
P11309,0.122, 0.048, 0.082,313,1
O75469,0.161, 0.181, 0.242,434,3
P09651,0.513, 0.150, 0.084,372,2
P01099,0.687, 0.712, 0.737,166,0
O14832,0.168, 0.203, 0.298,338,2
Q08605,0.691, 0.430, 0.156,581,2
P02666,0.848, 0.704, 0.848,224,0
P21815,0.959, 0.000, 0.414,317,0
P27797,0.113, 0.227, 0.726,417,3
Q00987,0.620, 0.226, 0.231,491,3
Q64364,0.882, 1.000, 0.490,169,0
P06968,0.000, 0.020, 1.000,152,1
P16442,0.161, 0.027, 0.261,354,1
P62965,0.000, 0.051, 1.000,137,1
Q02248,0.244, 0.163, 0.189,781,2
P09883,0.158, 0.265, 0.076,582,2
Q9Y6Q9,0.784, 0.567, 0.103,1424,3
P62152,0.101, 0.493, 1.000,149,2
P16535,0.431, 0.285, 0.339,953,6
P07140,0.173, 0.021, 0.197,649,2
P04972,0.701, 1.000, 0.984,87,0
P45481,0.669, 0.560, 0.088,2441,8
P06709,0.016, 0.095, 1.000,321,1
Q56311,0.113, 0.142, 0.646,151,1
Q27974,0.542, 0.360, 0.122,910,4
O33599,0.257, 0.030, 0.062,316,2
P23202,0.263, 0.034, 0.247,354,1
Q99967,0.907, 0.957, 0.372,270,0
P62328,0.091, 1.000, 1.000,44,0
Q15185,0.238, 0.131, 0.790,160,1
A6Q0K5,0.234, 0.292, 0.919,107,1
Q16222,0.061, 0.065, 0.377,522,2
Q15382,0.065, 0.110, 1.000,184,1
Q9NR00,0.340, 0.542, 0.944,106,1
P45577,0.302, 0.858, 0.401,232,2
P08047,0.892, 0.954, 0.021,785,1
P22868,0.032, 0.231, 1.000,348,2
P38582,0.081, 0.598, 1.000,111,1
P35869,0.652, 0.371, 0.161,848,4
O28362,0.029, 0.151, 1.000,102,1
P63158,0.288, 0.340, 0.257,215,2
P49841,0.135, 0.108, 0.104,420,2
P25814,0.034, 0.089, 1.000,116,1
P09983,0.432, 0.268, 0.433,1023,8
P17870,0.193, 0.285, 0.420,418,3
Q09161,0.053, 0.045, 0.547,790,3
P52298,0.064, 0.076, 1.000,156,1
P40136,0.118, 0.330, 0.441,800,4
O74718,0.353, 0.376, 0.068,662,2
Q9ES89,0.143, 0.155, 0.615,330,1
P07342,0.118, 0.037, 0.110,687,1
P50097,0.042, 0.172, 0.571,503,3
O00204,0.200, 0.069, 0.315,365,1
P07363,0.155, 0.582, 0.277,654,5
P0A6G1,0.165, 0.223, 1.000,97,1
P0ABS1,0.080, 0.194, 1.000,151,1
P0ABE0,0.275, 0.309, 0.418,156,2
P78504,0.304, 0.804, 0.553,1218,12
Q96T21,0.715, 0.360, 0.103,854,1
P07516,0.683, 0.656, 0.826,202,0
P0A6R3,0.081, 0.133, 1.000,98,1
P53551,0.431, 0.340, 0.397,258,2
P0AFG8,0.016, 0.083, 1.000,887,2
P53350,0.168, 0.213, 0.179,603,2
P32170,0.004, 0.017, 1.000,419,1
P11632,0.259, 0.652, 0.749,93,1
Q9SQZ9,0.119, 0.322, 0.286,176,1
Q01853,0.141, 0.510, 0.553,806,7
P50477,0.169, 0.097, 0.160,445,2
P43351,0.485, 0.111, 0.142,418,1
Q05158,0.366, 1.000, 0.858,194,2
Q14191,0.387, 0.541, 0.176,1432,6
P02511,0.383, 0.352, 0.567,175,1
O35718,0.387, 0.869, 0.437,225,1
Q9Y613,0.418, 0.529, 0.254,1164,5
P53563,0.417, 0.353, 0.309,233,1
P80457,0.034, 0.051, 0.500,1332,2
P84092,0.066, 0.207, 0.485,435,3
Q9Y3D6,0.270, 0.675, 0.489,152,1
P37727,0.249, 0.129, 0.205,650,4
P08083,0.233, 0.077, 0.013,387,1
P11157,0.264, 0.185, 0.299,390,1
Q9Z0U4,0.143, 0.364, 0.322,960,7
Q13485,0.375, 0.200, 0.125,552,3
P04156,0.502, 0.825, 0.229,253,1
P25963,0.256, 0.140, 0.457,317,1
O24646,0.584, 0.086, 0.469,168,1
P50542,0.481, 0.212, 0.310,639,4
Q49AN0,0.192, 0.106, 0.130,593,1
Q43125,0.276, 0.112, 0.022,681,1
Q6Q547,0.017, 0.070, 1.000,58,1
Q08826,0.160, 0.257, 0.694,162,2
Q9UBE0,0.092, 0.073, 0.217,346,2
Q9UBT2,0.163, 0.215, 0.252,640,4
P09938,0.201, 0.273, 0.388,399,1
P49723,0.121, 0.235, 0.165,345,1
P21793,0.150, 0.016, 0.260,360,1
O88900,0.326, 0.298, 0.178,538,5
Q62165,0.477, 0.380, 0.222,893,4
P10275,0.621, 0.289, 0.063,920,2
Q9Z2F5,0.228, 0.021, 0.132,430,1
P04234,0.380, 0.377, 0.908,171,2
P07766,0.430, 0.500, 0.651,207,1
P09693,0.379, 0.646, 0.884,182,2
P30273,0.477, 0.688, 0.927,86,0
O60356,0.464, 0.795, 0.920,82,0
P56210,0.000, 0.759, 1.000,133,2
Q97ZL0,0.010, 0.100, 1.000,101,1
P60472,0.083, 0.051, 0.434,253,1
P52179,0.350, 0.740, 0.291,1685,11
Q969F2,0.827, 0.861, 0.421,451,1
O95997,0.639, 0.986, 0.635,202,0
P02783,0.849, 0.763, 0.789,112,0
P12950,0.803, 1.000, 0.400,168,0
Q08655,0.669, 0.948, 0.753,115,0
P06701,0.471, 0.773, 0.382,978,4
Q9LZP9,0.458, 0.915, 0.967,131,1
O43236,0.355, 0.562, 0.206,478,3
P51608,0.832, 0.512, 0.500,486,1
Q9VPU8,0.148, 0.337, 0.608,345,2
Q91V27,0.614, 0.267, 0.147,590,2
Q14061,0.397, 0.842, 0.441,63,1
B0FRH7,0.308, 0.434, 0.756,120,2
Q9NX55,0.430, 0.522, 0.635,121,1
O00488,0.306, 0.720, 0.585,134,1
P02628,0.028, 0.029, 1.000,108,1
P16860,0.731, 0.750, 0.581,134,0
P0AFX7,0.504, 0.467, 0.688,216,1
Q9NZ94,0.328, 0.170, 0.183,848,4
Q9C000,0.360, 0.731, 0.233,1473,11
Q16143,0.650, 0.980, 0.437,134,0
Q00955,0.087, 0.589, 0.644,2233,11
P49354,0.169, 0.022, 0.095,379,1
O66493,0.005, 0.075, 1.000,398,1
P28583,0.267, 0.465, 0.588,508,3
Q9Y296,0.050, 0.183, 1.000,219,1
Q61337,0.823, 0.859, 0.601,204,0
Q6P8Z1,0.818, 1.000, 0.741,170,0
P63098,0.071, 0.133, 1.000,170,1
Q07932,0.732, 1.000, 0.537,112,0
P09132,0.208, 0.078, 0.332,144,1
P77072,0.033, 0.195, 1.000,212,1
P54252,0.302, 0.552, 0.497,361,1
P0AG16,0.085, 0.123, 0.647,505,2
O24172,0.060, 0.319, 1.000,50,1
P11233,0.088, 0.207, 0.557,206,1
A2VD23,1.000, 0.000, 0.403,613,0
Q9CQK7,0.313, 0.281, 0.869,243,1
J7QLC0,0.391, 0.402, 0.276,1706,7
P48539,0.419, 0.278, 0.924,62,1
P49869,0.678, 0.342, 0.084,1073,3
P60723,0.000, 0.070, 1.000,201,1
Q24246,0.366, 0.762, 0.366,663,3
P42759,0.808, 1.000, 0.533,260,0
Q16595,0.429, 0.091, 0.578,210,1
Q13573,0.322, 0.414, 0.758,536,4
O81283,0.643, 0.635, 0.107,1503,5
Q9SLF3,0.537, 0.529, 0.156,1206,5
P30291,0.539, 0.219, 0.126,646,3
Q22472,0.704, 0.865, 0.553,378,0
Q07412,0.004, 0.028, 1.000,248,1
P02788,0.035, 0.025, 0.229,710,2
P60896,0.571, 1.000, 0.900,70,0
P53954,0.046, 0.275, 0.565,548,3
Q68FT9,0.097, 0.049, 0.474,432,3
P00736,0.112, 0.275, 0.607,705,4
P63045,0.284, 0.578, 0.849,116,0
P83949,0.784, 0.227, 0.121,389,1
P35638,0.533, 0.355, 0.578,169,1
P45976,0.804, 1.000, 0.647,327,1
P0AG11,0.122, 0.172, 0.943,139,1
P15309,0.114, 0.024, 0.430,386,1
O76070,0.259, 0.862, 0.394,127,0
P38634,0.793, 0.832, 0.542,284,1
Q09472,0.660, 0.412, 0.071,2414,9
P17120,0.364, 0.818, 0.426,1184,10
P51671,0.165, 0.284, 0.939,97,1
Q91ZE9,0.751, 0.586, 0.533,185,0
Q01231,0.480, 0.392, 0.279,358,2
P00441,0.000, 0.019, 1.000,154,1
P26039,0.168, 0.966, 0.673,2541,16
Q9ZPI5,0.016, 0.055, 1.000,725,1
P59113,0.242, 0.478, 0.335,677,4
P07674,0.288, 0.212, 0.417,358,3
P31168,0.815, 1.000, 0.606,265,0
P42758,1.000, 0.000, 0.518,193,0
P16458,0.389, 0.111, 0.147,385,1
Q9CX60,0.571, 1.000, 0.800,105,0
Q8LBP4,0.418, 0.479, 0.270,462,2
P81558,0.865, 1.000, 0.696,171,0
Q01417,0.890, 1.000, 0.474,173,0
P32004,0.220, 0.511, 0.364,1257,8
P42763,0.817, 1.000, 0.728,185,0
P19250,0.179, 0.051, 0.352,189,1
P81019,0.508, 0.112, 0.634,183,1
Q29983,0.230, 0.240, 0.239,383,2
Q92886,0.680, 0.171, 0.553,237,1
P12810,0.060, 0.401, 1.000,151,1
P11171,0.570, 0.293, 0.216,864,4
Q99801,0.667, 0.269, 0.589,234,1
P08067,0.140, 0.119, 0.236,215,1
P30185,0.903, 1.000, 0.351,186,0
P45561,0.873, 1.000, 0.624,189,0
Q8N488,0.715, 0.154, 0.822,228,2
Q9Y258,0.277, 0.147, 0.884,94,1
P46937,0.738, 0.939, 0.393,504,3
P24522,0.218, 0.380, 0.610,165,2
P22943,0.808, 1.000, 0.897,109,0
Q15517,1.000, 0.000, 0.089,529,0
Q9UER7,0.594, 0.079, 0.047,740,2
O35613,0.594, 0.076, 0.093,739,2
Q9Y3M2,0.119, 0.531, 1.000,126,1
Q9UGL1,0.317, 0.646, 0.284,1544,12
P02545,0.306, 0.163, 0.157,664,4
P35521,0.392, 0.280, 0.630,235,2
P37231,0.313, 0.199, 0.121,505,3
Q13569,0.456, 0.103, 0.075,410,1
Q05344,0.325, 0.453, 0.166,723,4
Q8IRG6,0.233, 0.406, 0.236,1083,4
P0AGE2,0.366, 0.088, 0.661,178,1
Q9MAA7,0.049, 0.113, 0.714,345,1
Q9LQT8,0.279, 0.157, 0.315,533,3
P41851,0.400, 0.353, 0.925,165,1
P00760,0.098, 0.018, 0.541,246,1
P00974,0.290, 0.211, 0.828,100,1
P02631,0.009, 0.093, 1.000,109,1
Q00496,0.075, 0.332, 0.773,1251,8
O08785,0.575, 0.254, 0.070,855,4
Q9UKV8,0.054, 0.097, 0.259,859,2
Q99LM3,0.749, 0.124, 0.200,459,1
P01160,0.669, 0.660, 0.614,151,0
P46108,0.359, 0.969, 0.368,304,4
Q9TY14,0.153, 0.247, 0.660,445,3
E6PBU9,0.143, 0.537, 0.112,189,2
C4M0U8,0.391, 1.000, 0.847,151,2
Q70Q12,0.607, 0.594, 0.596,94,0
Q04884,0.601, 0.464, 0.146,238,0
Q9BSY4,0.500, 1.000, 0.600,110,2
P80220,0.286, 0.491, 0.682,77,0
E6PBU3,0.413, 0.429, 0.356,143,1
O00585,0.395, 0.753, 0.699,134,1
P0A9K9,0.291, 0.942, 0.316,196,2
P27782,0.806, 0.170, 0.360,397,1
Q24F70,0.444, 0.222, 0.277,162,1
P20435,0.400, 0.118, 0.597,155,1
P40719,0.080, 0.542, 0.613,449,4
P15311,0.102, 0.230, 0.431,586,3
P0ACF8,0.109, 0.508, 1.000,137,2
P46670,0.194, 0.454, 0.309,268,2
P10279,0.515, 0.742, 0.250,264,1
G4NEJ8,0.507, 0.051, 0.256,162,1
B2LME8,0.137, 0.229, 0.146,400,2
P38801,0.348, 0.109, 0.704,184,1
P08245,0.371, 1.000, 0.725,108,1
P9WHJ5,0.153, 0.361, 0.882,111,1
P36886,0.710, 1.000, 0.699,131,0
P05387,0.443, 0.610, 0.255,115,1
P50616,0.611, 0.142, 0.355,345,1
P62326,0.091, 0.975, 1.000,44,0
P15382,0.496, 0.722, 0.829,129,0
O15273,0.324, 0.310, 0.685,167,1
O14214,0.246, 0.218, 0.252,304,3
P9WNK3,0.063, 0.289, 1.000,96,1
P61012,0.269, 0.342, 1.000,52,0
P22179,0.361, 0.468, 0.789,144,1
A1B8N7,0.048, 0.827, 1.000,188,2
Q84ZX5,0.515, 0.812, 0.633,132,1
P80870,0.415, 0.408, 0.482,130,1
P0A882,0.075, 0.030, 1.000,108,1
Q9V452,0.300, 0.153, 0.880,140,1
P01252,0.991, 0.000, 0.982,110,0
Q9DCL8,0.509, 0.762, 0.695,206,0
P41236,0.585, 0.600, 0.750,205,1
P40422,0.300, 0.653, 1.000,70,1
Q885L4,0.007, 0.316, 1.000,137,2
N1NXA6,0.091, 0.389, 1.000,99,2
Q9NJS1,0.398, 0.920, 1.000,83,0
O31467,0.300, 0.184, 0.903,70,1
P13183,0.025, 0.385, 1.000,80,1
P22995,0.434, 1.000, 0.917,83,1
P69428,0.505, 0.227, 0.956,89,1
Q03337,0.456, 0.591, 0.419,283,3
P01139,0.494, 0.245, 0.563,241,1
Q16186,0.676, 0.523, 0.484,407,2
P46065,0.390, 1.000, 0.626,205,2
O14733,0.296, 0.373, 0.361,419,2
P01096,0.340, 0.277, 0.568,109,1
P23632,0.505, 1.000, 0.370,107,1
O60888,0.385, 0.028, 0.405,179,1
Q49ZM2,0.348, 0.664, 0.167,155,1
Q9KX51,0.172, 0.165, 0.680,256,1
P00127,0.361, 0.234, 0.188,147,1
Q9X8U3,0.392, 0.033, 0.334,199,1
Q980M2,0.431, 0.989, 0.353,165,2
A8AZZ3,0.754, 1.000, 0.272,195,1
Q9L9I0,0.477, 0.115, 0.180,151,1
P49785,0.376, 0.309, 0.184,218,1
Q9X0Q3,0.065, 0.319, 1.000,201,2
Q9BQ15,0.445, 0.085, 0.681,211,1
Q6P3W2,0.255, 1.000, 0.816,149,2
O54465,0.125, 0.381, 1.000,72,1
Q9NHC3,0.183, 0.351, 0.235,279,3
F2Z293,0.078, 0.348, 0.577,243,1
H0W0T5,0.115, 0.288, 0.583,565,3
P80428,0.176, 0.085, 0.199,489,2
Q9H981,0.168, 0.073, 0.208,624,2
Q12406,0.163, 0.173, 0.577,477,4
P9WHN5,0.328, 0.162, 0.811,64,1
G8HXD9,0.464, 0.267, 0.692,56,0
G1TDB3,0.355, 0.450, 0.273,124,1
P50106,0.474, 0.333, 0.692,137,1
Q9DDG2,0.319, 0.450, 0.404,147,1
Q9RY65,0.165, 0.171, 1.000,91,1
P21246,0.310, 0.741, 0.423,168,2
P9WF19,0.023, 0.381, 1.000,86,1
O31818,0.065, 0.597, 1.000,77,1
P08240,0.339, 0.500, 0.324,638,2
Q7B2Z6,0.549, 1.000, 0.911,82,0
P10121,0.392, 0.242, 0.138,497,1
Q57565,0.215, 0.457, 0.651,451,2
P44654,0.120, 0.386, 1.000,150,1
Q04660,0.221, 0.337, 0.163,807,4
O75496,0.584, 0.333, 0.688,209,1
O32728,0.088, 0.338, 0.636,250,3
P47813,0.354, 0.312, 0.746,144,1
Q58876,0.112, 0.312, 0.625,213,1
P9WJ35,0.071, 0.372, 1.000,84,2
P41567,0.221, 0.614, 0.760,113,1
Q8N4Q1,0.345, 0.441, 0.510,142,1
A0A0J9X1Q5,0.067, 0.345, 0.672,853,4
I7MK25,0.498, 0.175, 0.376,193,1
Q5JH72,0.359, 0.975, 0.914,64,0
Q8GY31,0.206, 0.647, 0.500,146,1
P21583,0.429, 0.538, 0.564,273,1
A0MHA3,1.000, 0.000, 0.704,71,0
P67966,0.380, 0.900, 0.782,192,2
J8TM36,0.055, 0.294, 1.000,277,2
Q9BQB4,0.563, 0.430, 0.917,213,2
A0L5S6,0.044, 0.309, 1.000,274,1
P62552,0.375, 1.000, 0.888,72,1
P80723,0.925, 1.000, 0.462,227,0
Q5ZYC9,0.583, 0.880, 0.386,120,1
G1K3N3,0.435, 0.312, 0.276,108,1
P61925,0.619, 0.932, 0.745,76,0
P31087,0.012, 0.200, 1.000,81,1
O88998,0.340, 0.272, 0.759,485,1
Q12972,0.606, 0.254, 0.545,351,1
Q62627,0.651, 0.223, 0.315,332,1
Q93009,0.103, 0.294, 0.369,1102,4
Q647G9,0.310, 1.000, 0.845,145,1
O35274,0.587, 0.314, 0.165,817,2
P12736,0.154, 0.196, 0.325,241,2
Q9HAU5,0.282, 0.297, 0.177,1272,5
P17677,0.866, 0.407, 0.471,238,0
Q9H832,0.280, 0.090, 0.143,354,1
Q9YGY0,0.651, 0.324, 0.195,842,3
P06836,0.893, 0.269, 0.514,242,0
Q63K18,0.213, 1.000, 0.897,89,1
C0J347,0.483, 0.534, 0.228,464,3
P46984,0.203, 0.428, 0.680,123,1
O15169,0.615, 0.361, 0.192,862,3
P52630,0.247, 0.367, 0.190,851,5
P42224,0.129, 0.196, 0.496,750,5
P0DJ89,0.715, 1.000, 0.399,337,0
P60460,0.321, 0.555, 0.941,53,0
P09415,0.050, 0.097, 1.000,120,1
Q60795,0.600, 0.447, 0.210,597,3
Q02548,0.621, 0.243, 0.251,391,2
P0ABD8,0.276, 0.292, 0.395,156,2
P42866,0.294, 0.367, 0.412,398,2
Q86FP9,0.608, 0.517, 0.854,79,0
Q86FP8,0.675, 0.385, 0.908,80,0
P36595,0.366, 0.167, 0.328,142,1
P12357,0.970, 0.000, 0.605,167,0
Q87WW0,0.043, 0.168, 1.000,305,1
A0A0H3CFC9,0.508, 0.800, 0.904,61,0
P0ACX9,0.302, 0.113, 0.947,63,1
P12355,0.350, 0.473, 0.346,231,2
P0AAC0,0.085, 0.277, 0.706,316,3
P27356,0.087, 0.064, 1.000,138,1
Q9I332,0.674, 0.449, 0.506,369,1
P39015,0.435, 0.293, 0.563,273,2
P01097,0.388, 0.211, 1.000,85,1
Q9WZ73,0.219, 0.164, 0.872,141,1
P0A4T9,0.107, 0.292, 0.813,253,2
B8YB65,0.529, 0.286, 0.473,104,1
O87120,0.311, 0.026, 0.347,222,1
Q9KJ82,0.329, 0.274, 0.921,76,1
P97303,0.709, 0.337, 0.073,839,2
P51177,0.387, 0.992, 0.455,204,2
P68390,0.032, 0.212, 1.000,185,2
O94742,0.517, 0.768, 0.979,89,0
Q83AR4,0.048, 0.078, 1.000,188,2
P56254,0.589, 1.000, 0.754,124,0
Q6URW6,0.314, 0.777, 0.809,2000,11
Q01101,0.734, 0.906, 0.375,510,2
P27708,0.086, 0.321, 0.360,2225,5
P02619,0.009, 0.037, 1.000,107,1
Q4DRC4,0.203, 0.109, 0.571,241,2
Q59471,0.139, 0.099, 0.324,224,1
Q59472,0.115, 0.124, 0.348,173,1
Q51912,0.512, 0.852, 0.248,719,7
Q06556,0.583, 0.746, 0.238,1091,5
Q91006,0.229, 0.404, 0.926,359,2
P73124,0.293, 0.805, 0.894,65,1
Q39805,0.952, 0.000, 0.172,226,0
I1JLC8,0.152, 0.224, 1.000,105,1
Q9S446,0.049, 0.393, 1.000,206,1
Q9FUM5,0.784, 0.000, 0.981,65,0
Q9FUW7,0.989, 0.000, 0.379,280,0
Q47785,0.175, 0.212, 0.554,103,1
Q7DB66,0.227, 0.422, 0.952,190,1
O50835,0.579, 0.100, 0.200,354,1
Q39532,0.710, 0.162, 0.224,408,1
Q6QCC2,0.120, 0.075, 0.150,274,1
P0A6X3,0.363, 0.046, 0.702,102,1
Q7LKB1,0.385, 0.603, 0.099,685,2
Q8MWS6,0.618, 0.589, 0.222,466,2
Q76LA1,0.031, 0.021, 1.000,98,1
Q8GT36,0.913, 0.000, 0.872,103,0
A7UMX5,0.887, 0.619, 0.185,996,1
Q42512,1.000, 0.000, 0.288,139,0
Q9SIN5,1.000, 0.000, 0.390,141,0
Q9Y6C2,0.586, 0.857, 0.493,1016,4
Q9NQI0,0.427, 0.361, 0.103,724,1
P19599,0.912, 1.000, 0.207,264,0
Q9UBB5,0.523, 0.653, 0.335,411,2
Q6MRH6,0.961, 0.000, 0.649,101,0
P42568,0.643, 0.128, 0.126,568,2
O23764,0.898, 0.559, 0.316,422,0
Q61548,0.698, 0.265, 0.069,901,1
Q7YUB9,0.884, 0.000, 0.921,86,0
P20676,0.952, 0.688, 0.132,1076,0
Q02629,0.842, 0.306, 0.095,959,1
P14907,0.795, 0.291, 0.043,823,3
P40477,0.599, 0.423, 0.090,1460,3
P40517,0.502, 0.245, 0.177,327,1
Q9C1S9,0.135, 0.088, 0.252,476,2
Q7TP21,0.263, 0.353, 0.213,680,5
Q1K7R9,0.177, 0.655, 0.407,610,4
Q9SKI4,0.172, 0.390, 0.192,640,4
Q10Q08,0.183, 0.384, 0.339,630,4
Q9XES8,0.674, 1.000, 0.717,89,0
P96884,0.004, 0.090, 1.000,266,1
O66683,0.375, 0.963, 0.819,88,1
B7T1D7,0.120, 0.240, 0.500,285,3
Q9BP37,0.784, 1.000, 0.608,88,0
Q9BP38,0.918, 0.000, 0.490,171,0
P35637,0.768, 0.623, 0.113,526,2
Q13698,0.304, 0.681, 0.263,1873,10
P46531,0.652, 0.917, 0.592,2555,25
P20444,0.128, 0.258, 0.289,672,4
P16471,0.613, 0.253, 0.258,622,2
Q13148,0.476, 0.981, 0.208,414,3
P22626,0.481, 0.158, 0.164,353,1
Q9UHD9,0.702, 0.909, 0.568,624,3
Q13501,0.504, 0.381, 0.288,440,4
P27986,0.138, 0.416, 0.290,724,5
D0PV95,0.430, 0.413, 0.158,708,3
P16333,0.336, 0.784, 0.283,377,4
Q16236,0.612, 0.451, 0.211,605,3
O60566,0.512, 0.699, 0.271,1050,5
Q12834,0.252, 0.177, 0.595,499,1
P35222,0.247, 0.163, 0.243,781,2
P24864,0.302, 0.073, 0.185,410,1
Q38825,0.716, 0.958, 0.557,243,2
Q27934,0.781, 0.486, 0.426,400,1
P43403,0.149, 0.252, 0.349,619,5
Q9Y261,0.801, 0.231, 0.333,457,1
Q8VHK2,0.675, 0.765, 0.076,1430,5
O43806,0.525, 0.107, 0.373,158,1
P49757,0.668, 0.435, 0.280,651,1
O14558,0.457, 0.184, 0.643,160,1
Q12778,0.861, 0.295, 0.211,655,1
P10071,0.868, 0.826, 0.040,1580,3
P40019,0.575, 0.922, 0.569,153,0
P22470,0.752, 0.815, 0.205,610,2
Q6FI81,0.250, 0.453, 0.896,312,1
A0A0G2JXC5,0.783, 0.367, 0.117,1038,4
P38293,0.217, 0.656, 0.935,148,1
P70604,0.276, 0.424, 0.156,580,4
P08008,0.452, 0.016, 0.363,219,1
O34800,0.304, 0.461, 0.882,56,0
Q9I322,0.222, 0.175, 0.946,81,1
A0A068MVV3,0.262, 0.813, 0.882,65,1
Q14457,0.289, 0.463, 0.401,450,4
Q9JK11,0.903, 0.969, 0.099,1163,2
P9WI73,0.111, 0.197, 0.207,750,2
P19594,0.285, 0.620, 0.646,158,1
O66858,0.367, 1.000, 0.725,398,3
P07305,0.608, 0.079, 0.594,194,1
P04908,0.139, 0.080, 0.942,130,1
P06899,0.262, 0.043, 0.607,126,1
A6NF83,0.309, 1.000, 0.900,97,0
P9WPI9,0.288, 0.131, 0.285,291,1
Q9UMS4,0.083, 0.173, 0.241,504,3
Q96SD1,0.449, 0.163, 0.116,692,2
O14974,0.595, 0.301, 0.104,1030,3
Q13625,0.596, 0.551, 0.111,1128,5
Q9HAN9,0.133, 0.075, 0.218,279,2
O30916,0.086, 0.072, 0.314,561,1
P02730,0.167, 0.418, 0.383,911,5
F9UST4,0.022, 0.155, 1.000,276,1
P24255,0.209, 0.881, 0.541,477,5
O00268,0.711, 0.521, 0.113,1085,6
P42768,0.500, 0.530, 0.514,502,2
O43516,0.758, 0.877, 0.464,503,0
Q15726,0.674, 0.733, 0.344,138,0
O43474,0.809, 1.000, 0.109,513,1
P28235,0.327, 0.496, 0.413,333,2
P08033,0.223, 0.454, 0.556,283,2
P0AE98,0.405, 0.879, 0.894,138,2
Q14978,0.808, 0.448, 0.149,699,2
Q8RY59,0.448, 0.465, 0.065,589,3
P56621,0.285, 0.588, 0.961,95,0
P22216,0.342, 0.450, 0.266,821,6
Q9R224,0.766, 0.800, 0.725,128,0
O96013,0.455, 0.198, 0.160,591,1
P46669,0.460, 0.296, 0.533,326,1
P34087,0.000, 0.053, 1.000,171,1
P53874,0.536, 0.276, 0.101,792,3
O14140,0.493, 1.000, 0.886,71,0
P55036,0.329, 0.854, 0.419,377,2
Q9H211,0.386, 0.451, 0.326,546,3
P39007,0.044, 0.318, 0.409,718,3
P48439,0.080, 0.395, 0.575,350,3
B9KDD4,0.003, 0.074, 1.000,712,2
O29867,0.030, 0.122, 1.000,868,3
Q47184,0.162, 0.547, 0.290,192,1
O55000,0.706, 0.449, 0.232,872,2
O75807,0.887, 0.628, 0.224,674,1
P02263,0.140, 0.072, 0.943,129,1
Q15797,0.243, 0.168, 0.202,465,2
O43312,0.653, 0.115, 0.181,755,2
Q9UMZ1,0.970, 0.000, 0.990,101,0
P55735,0.111, 0.130, 0.613,322,2
P36100,0.475, 0.514, 0.411,482,3
P20591,0.133, 0.441, 0.353,662,3
Q9UJX2,0.129, 0.331, 0.380,597,2
P19634,0.426, 0.645, 0.317,815,2
P25638,0.189, 0.366, 0.476,111,1
O76074,0.183, 0.432, 0.393,875,5
O13916,0.624, 0.233, 0.861,80,0
O95292,0.305, 0.444, 0.351,243,1
P61073,0.210, 0.273, 0.390,352,2
P02283,0.260, 0.032, 0.658,123,1
P01137,0.275, 0.445, 0.756,390,4
P05386,0.447, 0.476, 0.235,114,1
P12956,0.119, 0.341, 0.286,609,3
P13010,0.162, 0.313, 0.377,732,4
P41208,0.151, 0.165, 0.152,172,2
P53905,0.348, 0.267, 1.000,115,1
P49848,0.501, 0.814, 0.253,677,3
Q9H816,0.363, 0.088, 0.058,532,1
Q8NG31,0.834, 0.922, 0.022,2342,4
Q15691,0.291, 0.216, 0.450,268,3
Q6VMQ6,0.827, 0.540, 0.065,1270,2
Q68DK7,0.728, 0.496, 0.235,614,2
Q8N5Y2,0.456, 0.304, 0.138,521,4
P05067,0.445, 0.480, 0.198,770,4
Q9JM54,0.670, 1.000, 0.769,103,0
Q16576,0.099, 0.075, 0.242,425,2
Q9Y3E7,0.262, 0.219, 0.534,222,1
P24928,0.283, 0.318, 0.117,1970,5
Q97W59,0.087, 0.323, 1.000,139,1
Q7Z094,0.457, 1.000, 0.619,46,0
Q9VZU1,0.634, 0.978, 0.167,388,3
O43313,0.838, 0.933, 0.092,823,2
Q9KMA5,0.019, 0.108, 1.000,104,1
P0AE72,0.000, 0.183, 1.000,82,1
P49768,0.392, 0.416, 0.311,467,2
Q13542,0.358, 0.312, 0.441,120,1
Q6BBK3,0.107, 0.388, 1.000,75,1
Q96273,0.825, 1.000, 0.800,97,0
Q9SLJ2,0.980, 0.000, 0.760,98,0
O14519,0.496, 0.085, 0.702,115,1
Q99LJ8,0.273, 0.209, 0.443,297,2
Q03518,0.251, 0.640, 0.653,748,3
O60828,0.483, 0.855, 0.781,265,1
P50750,0.156, 0.153, 0.429,372,2
Q8WUP2,0.499, 0.743, 0.269,373,1
Q6NUK1,0.176, 0.570, 0.608,477,3
Q9UMX1,0.242, 0.131, 0.264,484,2
Q9N4U5,0.570, 0.886, 0.577,547,1
Q9QWH1,0.819, 0.365, 0.136,850,2
P25916,0.376, 0.163, 0.410,324,2
O60741,0.404, 0.345, 0.062,890,3
Q15796,0.287, 0.240, 0.125,467,3
P36152,0.503, 0.503, 0.732,348,1
Q01924,0.686, 0.265, 0.050,638,1
Q8R316,0.575, 0.402, 0.195,516,2
Q9HCJ0,0.891, 0.463, 0.028,1936,2
Q9Y4P1,0.188, 0.138, 0.473,393,3
Q8IV16,0.484, 0.159, 0.539,184,1
Q9C0C7,0.744, 0.354, 0.078,1298,3
P28324,0.736, 0.158, 0.284,431,1
P32639,0.141, 0.412, 0.397,2163,8
P17931,0.448, 0.007, 0.134,250,1
O00522,0.196, 0.297, 0.342,736,5
B7T1D9,0.076, 0.193, 0.382,275,3
O94907,0.512, 0.239, 0.375,266,2
Q96B02,0.139, 0.170, 0.906,151,1
P0A903,0.119, 0.258, 0.950,344,2
P52564,0.273, 0.345, 0.451,334,3
Q13469,0.684, 0.192, 0.070,925,3
Q9UNL4,0.321, 0.437, 0.312,249,2
P12302,0.303, 0.242, 0.185,267,1
P46014,0.306, 0.255, 0.157,581,3
Q49492,0.004, 0.008, 1.000,254,1
P15927,0.304, 0.202, 0.293,270,2
P62826,0.088, 0.249, 0.523,216,1
Q24139,0.819, 0.613, 0.416,370,1
Q8WXE9,0.563, 0.381, 0.144,905,5
J7M799,0.540, 0.148, 0.383,237,1
P0CU43,0.509, 0.155, 0.342,224,1
P0CU44,0.509, 0.163, 0.342,224,1
P0CU45,0.515, 0.163, 0.410,227,1
P0CU46,0.502, 0.221, 0.371,237,1
P0CU47,0.744, 0.168, 0.335,414,1
P0CU51,0.541, 0.144, 0.403,229,1
P0CU50,0.525, 0.166, 0.429,227,1
P0CU48,0.528, 0.140, 0.417,227,1
P0CU49,1.000, 0.000, 0.626,238,0
P0CU52,0.537, 0.152, 0.328,227,1
P84233,0.279, 0.051, 0.921,136,1
P62799,0.156, 0.138, 0.936,103,1
P53330,0.765, 0.621, 0.625,157,0
P01130,0.274, 0.613, 0.383,860,8
Q9Z0P7,0.242, 0.133, 0.264,484,2
G0SCY6,0.460, 0.426, 0.776,126,1
G0S4M4,0.116, 0.063, 0.466,744,3
P45985,0.293, 0.322, 0.239,399,2
P47093,0.036, 0.333, 1.000,109,1
Q06406,0.151, 0.192, 1.000,86,1
Q92913,0.356, 0.101, 0.506,245,1
O61667,0.689, 0.486, 0.493,106,0
Q16543,0.158, 0.566, 0.449,378,3
Q2KIG3,0.056, 0.042, 0.161,423,1
Q15004,0.730, 0.633, 0.803,111,0
P06400,0.358, 0.213, 0.397,928,6
Q01094,0.623, 0.382, 0.316,437,3
Q09427,0.179, 0.594, 0.436,1582,10
Q03071,0.141, 0.576, 1.000,99,1
C6ZFX3,0.776, 1.000, 0.671,94,0
E1UJ20,0.046, 0.625, 1.000,109,1
P04052,0.260, 0.455, 0.300,1887,5
P31431,0.737, 0.654, 0.829,198,1
O60829,0.912, 0.000, 0.989,102,0
P54936,0.280, 0.500, 0.432,961,6
P90976,0.205, 0.852, 0.624,297,3
O14936,0.254, 0.387, 0.409,926,6
A5F384,0.043, 0.224, 1.000,276,2
P44228,0.351, 1.000, 0.222,128,2
P14921,0.513, 0.386, 0.142,441,2
Q2Q4X9,0.315, 0.865, 0.622,260,3
Q9UJX4,0.173, 0.508, 0.451,755,4
P30260,0.417, 0.144, 0.091,824,2
Q9Y239,0.111, 0.398, 0.459,953,6
P30281,0.154, 0.134, 0.221,292,1
P10923,0.939, 0.951, 0.597,294,0
Q15637,0.598, 0.665, 0.473,639,3
Q9UKT4,0.581, 0.519, 0.169,447,2
Q9UBU9,0.224, 0.260, 0.085,619,3
Q13042,0.227, 0.374, 0.233,620,4
Q8NHZ8,0.435, 0.396, 0.568,85,0
P60006,0.537, 0.607, 0.985,121,0
Q96DE5,0.464, 0.356, 0.334,110,1
Q01081,0.279, 0.168, 0.240,240,2
Q92973,0.043, 0.126, 0.233,898,2
Q9Y3B4,0.080, 0.139, 1.000,125,1
P41352,0.041, 0.174, 0.561,443,2
P41351,0.053, 0.125, 0.623,449,2
Q13188,0.305, 0.288, 0.187,491,3
Q9UHB7,0.757, 0.298, 0.096,1163,2
P28229,0.452, 0.502, 0.312,396,2
Q8IW19,0.638, 0.367, 0.234,511,2
Q9SP32,0.370, 0.785, 0.284,1909,13
P36118,0.649, 0.496, 0.516,322,1
Q6GX35,0.837, 0.865, 0.168,1005,1
Q96GU1,0.908, 0.000, 0.966,130,0
P06748,0.466, 0.292, 0.431,294,2
P55980,0.433, 0.629, 0.229,1186,6
Q02413,0.568, 0.210, 0.227,1049,2
Q9UJX5,0.188, 0.468, 0.447,808,6
Q9UJX3,0.124, 0.481, 0.185,565,2
Q96FI4,0.282, 0.114, 0.227,390,2
O13828,0.713, 0.502, 0.129,741,1
P04626,0.331, 0.368, 0.260,1255,6
P40161,0.422, 0.273, 0.291,455,3
P11912,0.362, 0.389, 0.732,226,2
P40259,0.420, 0.398, 0.812,229,1
P69346,0.000, 0.048, 1.000,83,1
Q9UBK2,0.791, 0.617, 0.217,798,1
Q9NR61,0.311, 0.498, 0.360,685,5
P22059,0.312, 0.360, 0.250,807,4
Q01097,0.531, 0.627, 0.173,1482,8
P09429,0.288, 0.451, 0.274,215,2
Q9VMA3,0.786, 0.692, 0.182,1117,1
P08510,0.406, 0.332, 0.416,655,6
P0AFG0,0.326, 0.975, 0.678,181,3
Q9NK80,0.389, 0.352, 0.157,956,3
O70480,0.319, 0.178, 1.000,141,1
Q9JI51,0.111, 0.498, 0.802,224,3
Q5R6Q2,0.169, 0.561, 0.675,255,1
G3V7P1,0.281, 0.385, 0.858,274,3
P33328,0.165, 0.281, 0.897,115,1
P32867,0.265, 0.512, 0.728,290,2
P39926,0.305, 0.473, 0.679,295,2
P08263,0.009, 0.005, 1.000,222,1
Q9UQC2,0.812, 0.622, 0.191,676,2
Q15418,0.271, 0.492, 0.387,735,3
P9WIP5,0.056, 0.358, 1.000,71,1
O25010,0.288, 0.230, 0.809,73,1
P32917,0.559, 0.646, 0.174,917,4
P53378,0.216, 0.736, 0.676,473,4
P25344,0.494, 0.595, 0.186,346,3
Q06810,0.806, 0.371, 0.628,360,1
Q06710,0.709, 0.220, 0.154,450,2
Q5RJL0,0.805, 0.672, 0.621,282,0
Q9UM11,0.244, 0.229, 0.398,496,1
Q9UJX6,0.207, 0.821, 0.589,822,6
Q57904,0.056, 0.567, 1.000,198,1
P15273,0.246, 0.224, 0.313,468,2
O75554,0.550, 0.479, 0.382,376,3
Q07889,0.276, 0.351, 0.134,1333,6
B6KJB6,1.000, 0.000, 0.089,542,0
P04147,0.204, 0.318, 0.142,577,4
P06401,0.658, 0.178, 0.041,933,2
P84634,0.291, 0.739, 0.457,1702,13
Q8WV28,0.682, 0.296, 0.515,456,1
M5BF30,0.454, 0.488, 0.068,589,3
P84051,0.081, 0.097, 1.000,124,1
P29274,0.267, 0.132, 0.120,412,3
Q8CJF7,0.589, 0.526, 0.088,2243,4
Q8WYP5,0.600, 0.662, 0.093,2266,7
J7FTI7,0.630, 1.000, 0.383,162,2
Q99523,0.192, 0.188, 0.135,831,3
P33763,0.000, 0.141, 1.000,92,1
D6PZY5,0.500, 0.834, 0.206,156,1
P23443,0.373, 0.262, 0.147,525,1
Q9EPU7,0.357, 0.622, 0.070,560,6
Q96GC6,0.537, 0.827, 0.140,653,4
P27682,0.786, 1.000, 0.866,210,1
Q9XTY3,0.740, 1.000, 0.872,211,1
Q04964,0.644, 0.676, 0.835,104,0
Q9UMR2,0.198, 0.393, 0.495,479,2
P08235,0.666, 0.177, 0.056,984,3
Q9Z1X4,0.491, 0.173, 0.096,898,4
Q9CXY6,0.139, 0.021, 0.151,390,1
Q12905,0.134, 0.021, 0.157,390,1
Q9GSG7,0.344, 0.256, 0.259,459,2
B9UCQ5,0.268, 0.212, 0.280,414,3
P12931,0.194, 0.179, 0.201,536,2
Q88QP8,0.023, 0.217, 1.000,397,1
P0C0Y1,0.244, 0.486, 1.000,49,0
C6KSX0,0.202, 0.228, 0.470,347,4
P41969,0.741, 0.154, 0.255,429,1
P34233,0.719, 0.285, 0.615,588,1
P06239,0.179, 0.263, 0.307,509,2
Q8NQJ3,0.329, 0.438, 0.574,143,1
Q868N5,0.131, 0.434, 0.603,1770,9
P19880,0.763, 0.443, 0.198,650,2
P52799,0.474, 0.314, 0.323,333,1
P9WJA9,0.463, 1.000, 0.521,162,1
Q92945,0.612, 0.526, 0.270,711,4
P18212,0.302, 0.226, 0.175,265,1
Q8VHC5,0.528, 0.945, 0.496,271,2
P21374,0.225, 0.286, 0.907,235,2
Q80ZV0,0.305, 0.738, 0.531,308,2
P52945,0.704, 0.357, 0.608,283,1
Q9BRG1,0.017, 0.110, 1.000,176,2
P47142,0.099, 0.170, 0.303,202,2
Q93KQ4,0.198, 1.000, 0.566,116,1
P26599,0.349, 0.719, 0.212,557,4
Q86WV6,0.156, 0.391, 0.494,379,1
Q96IZ0,0.656, 0.247, 0.372,340,1
Q12483,0.125, 0.662, 0.896,233,2
P19339,0.483, 0.263, 0.327,354,1
Q06208,0.286, 0.192, 0.115,395,2
P29539,0.501, 0.509, 0.178,1916,6
Q9Y6H6,0.544, 0.447, 0.803,103,0
P47910,0.584, 0.476, 0.813,101,1
Q06696,0.277, 0.492, 0.408,566,5
O88597,0.301, 0.501, 0.422,448,4
Q96AC1,0.238, 0.378, 0.357,680,4
Q14653,0.216, 0.311, 0.185,427,3
Q9NR28,0.289, 0.129, 0.609,239,1
P20823,0.685, 0.342, 0.098,631,2
Q06609,0.083, 0.035, 0.325,339,2
Q03834,0.299, 0.381, 0.214,1242,4
Q06433,0.120, 0.067, 0.217,457,3
Q01831,0.456, 0.278, 0.088,940,3
P47480,0.007, 0.174, 1.000,444,2
P14736,0.280, 0.119, 0.204,754,2
P32628,0.453, 0.761, 0.245,398,4
P07276,0.549, 0.743, 0.273,1031,3
P29083,0.460, 0.944, 0.372,439,3
A0A0H2ZP82,0.479, 0.690, 0.380,853,6
Q8NI22,0.356, 0.425, 0.615,146,2
P32776,0.394, 0.886, 0.716,642,5
P17778,0.140, 0.037, 0.143,409,2
Q13351,0.735, 0.958, 0.331,362,1
Q07955,0.399, 0.369, 0.150,248,2
O75506,0.224, 0.135, 1.000,76,1
P09038,0.552, 0.031, 0.466,288,1
P20239,0.323, 0.737, 0.474,713,4
P35236,0.208, 0.134, 0.548,360,1
P51449,0.348, 0.153, 0.195,518,2
P84022,0.203, 0.171, 0.153,425,2
P0C1H4,0.151, 0.206, 1.000,126,1
P0A7K2,0.231, 0.785, 0.429,121,1
Q96T88,0.224, 0.401, 0.366,793,6
Q3E840,0.061, 0.143, 1.000,82,1
P36578,0.159, 0.025, 0.132,427,2
Q5XJY5,0.184, 0.261, 0.212,511,4
Q09882,0.350, 0.533, 0.666,557,4
P05434,0.136, 0.336, 0.176,169,2
P12301,0.427, 0.256, 0.262,232,1
P70444,0.441, 1.000, 0.535,195,1
P55957,0.631, 1.000, 0.707,195,1
P27177,0.546, 0.630, 0.496,273,1
Q9I9C0,0.611, 0.933, 0.437,270,1
Q5S1W7,0.538, 0.961, 0.325,171,1
Q548Y4,0.466, 0.154, 0.152,549,1
P12081,0.077, 0.119, 0.714,509,3
Q26680,0.224, 0.876, 0.326,218,2
Q9I1X7,0.084, 0.323, 0.357,840,4
P71590,0.659, 0.516, 0.205,527,2
O75928,0.454, 0.174, 0.134,621,3
P06454,1.000, 0.000, 0.991,111,0
P02549,0.175, 0.999, 0.869,2419,19
Q5VZK9,0.439, 0.365, 0.153,1371,5
P62318,0.277, 0.176, 0.686,126,1
Q07666,0.610, 0.341, 0.370,443,2
P0A8H8,0.231, 0.100, 1.000,65,1
P0AD49,0.151, 0.073, 0.530,113,1
Q9NT62,0.402, 0.494, 0.540,314,2
O95644,0.688, 0.263, 0.106,943,3
P69490,0.132, 0.355, 0.955,159,1
Q7Z3C6,0.337, 0.282, 0.178,839,2
Q06628,0.676, 0.401, 0.175,738,3
Q8AVN9,0.513, 0.667, 0.283,524,7
P80644,0.036, 0.082, 1.000,191,1
P52597,0.446, 0.982, 0.211,415,3
P9WKX3,0.322, 0.084, 0.696,174,1
P04271,0.033, 0.247, 1.000,92,1
P9WNR7,0.067, 0.169, 0.970,480,2
P68688,0.024, 0.711, 1.000,85,1
Q6PHW0,0.149, 0.191, 0.604,289,1
Q8NM20,0.585, 1.000, 0.538,89,1
Q07528,0.422, 0.433, 0.211,640,5
P48788,0.291, 0.357, 0.945,182,1
P05556,0.108, 0.448, 0.694,798,4
P51023,0.738, 0.527, 0.043,718,2
P62877,0.278, 0.666, 0.766,108,1
O43172,0.189, 0.465, 0.577,522,2
Q60598,0.754, 0.321, 0.658,546,2
Q8BHZ5,0.681, 0.480, 0.711,157,0
Q13029,0.796, 0.848, 0.079,1718,6
P37173,0.226, 0.262, 0.212,567,2
E6Y5X0,0.007, 0.037, 1.000,840,2
O95718,0.308, 0.123, 0.114,433,2
Q9NQA5,0.170, 0.324, 0.224,729,2
Q9H1D0,0.217, 0.309, 0.272,765,2
P58753,0.380, 0.161, 0.213,221,1
Q8WUG5,0.399, 0.500, 0.393,649,3
P50402,0.724, 0.330, 0.343,254,1
P78560,0.176, 0.792, 0.773,199,2
Q07912,0.586, 0.275, 0.164,1038,3
P98170,0.302, 0.550, 0.288,497,5
O54928,0.593, 0.354, 0.164,536,2
P53632,0.365, 0.326, 0.104,584,1
Q8GYN5,0.872, 1.000, 0.609,211,0
Q3LS93,0.961, 0.000, 0.124,329,0
Q05917,0.678, 0.452, 0.510,289,1
Q53GG5,0.565, 0.525, 0.549,364,2
Q2JIZ5,0.152, 0.669, 0.671,834,7
Q86UX7,0.181, 0.403, 0.486,667,4
Q87P35,0.141, 0.584, 0.589,325,3
D2JX42,0.602, 0.281, 0.221,143,1
A0A1Z3GD05,1.000, 0.000, 0.362,138,0
P98177,0.826, 0.286, 0.286,505,1
A0A1Z3GD08,0.992, 0.000, 0.407,136,0
P15941,0.895, 0.810, 0.207,1255,2
A0ZWU1,0.550, 0.177, 0.956,251,1
Q99ML1,0.772, 0.500, 0.490,193,1
Q9BUH6,0.255, 0.211, 0.710,204,1
O96017,0.324, 0.300, 0.262,543,4
P49790,0.897, 0.369, 0.058,1475,4
P04985,0.988, 0.000, 0.032,747,0
P53999,0.464, 0.030, 0.627,127,1
P40855,0.435, 0.634, 0.584,299,2
P49005,0.119, 0.165, 0.731,469,4
Q9I832,0.946, 0.000, 0.500,264,0
Q15910,0.312, 0.365, 0.340,746,5
P25644,0.548, 0.278, 0.283,796,2
Q7Q3R9,0.514, 0.780, 0.831,103,0
P85800,0.125, 0.965, 1.000,32,0
Q6F3E8,1.000, 0.000, 0.237,219,0
O43715,0.131, 0.197, 1.000,76,1
O14713,0.325, 0.111, 0.462,200,1
P37330,0.001, 0.048, 1.000,723,1
P68005,0.111, 0.438, 1.000,36,1
P38968,0.399, 0.379, 0.143,1273,4
P08514,0.107, 0.204, 0.308,1039,5
P05106,0.105, 0.329, 0.600,788,5
Q92540,0.605, 0.177, 0.064,1137,4
Q13451,0.088, 0.041, 0.352,457,1
P05107,0.102, 0.433, 0.588,769,4
O60260,0.204, 0.603, 0.221,465,3
Q9JK66,0.217, 0.610, 0.267,465,4
P10686,0.167, 0.312, 0.281,1290,8
P04480,0.169, 0.242, 0.302,592,4
Q9M605,0.777, 1.000, 0.574,130,0
P09012,0.348, 0.266, 0.816,282,2
Q96270,0.739, 0.977, 0.648,169,0
Q5NJL5,1.000, 0.000, 0.000,358,0
P17639,0.022, 0.044, 1.000,92,1
P01042,0.500, 0.392, 0.192,644,3
O75533,0.299, 0.365, 0.197,1304,2
Q9XTN4,0.791, 0.517, 0.413,704,3
P47047,0.141, 0.303, 0.270,1073,5
P68246,0.355, 0.245, 0.676,183,1
O95630,0.165, 0.218, 0.115,424,3
Q99075,0.514, 0.703, 0.533,208,1
O95149,0.194, 0.276, 0.314,360,2
Q2GI62,1.000, 0.000, 0.000,548,0
P52926,0.633, 1.000, 0.782,109,0
Q96AY2,0.482, 0.261, 0.170,570,4
Q9UPR3,0.337, 0.350, 0.240,1016,7
Q9JIH2,0.590, 0.310, 0.219,466,2
Q15596,0.801, 0.495, 0.107,1464,2
P0C077,0.021, 0.150, 1.000,95,1
P02655,0.574, 1.000, 0.828,101,0
Q9UKT5,0.294, 0.450, 0.588,387,3
P08592,0.416, 0.449, 0.163,770,4
Q07930,0.171, 0.219, 0.515,204,2
O14776,0.397, 0.536, 0.093,1098,8
O60885,0.703, 0.413, 0.135,1362,4
Q13568,0.405, 0.345, 0.252,498,4
Q96RI1,0.403, 0.394, 0.179,486,2
P77522,0.164, 0.370, 0.543,495,4
Q92900,0.338, 0.375, 0.136,1129,5
Q02078,0.787, 0.202, 0.150,507,1
C4M7X2,0.061, 0.343, 0.492,769,3
P07986,0.136, 0.091, 0.441,484,2
Q9RJY2,0.160, 0.291, 0.087,364,2
P83731,0.255, 0.385, 0.749,157,2
Q9EPH0,0.162, 0.325, 0.451,744,2
P11021,0.086, 0.236, 0.430,654,2
Q5JJ98,0.186, 0.496, 0.392,804,5
Q8BH64,0.121, 0.231, 0.438,543,3
Q4JC68,0.018, 0.116, 1.000,551,1
P50553,0.678, 0.276, 0.774,236,1
Q9NRY2,0.347, 0.529, 0.611,104,1
P31324,0.192, 0.396, 0.286,416,3
A0A2K8FR49,0.889, 1.000, 0.772,172,0
S6AWC2,0.588, 0.708, 0.473,158,1
O65934,0.193, 0.395, 0.244,865,4
Q9HZJ8,0.267, 0.016, 0.464,161,1
P21333,0.231, 0.870, 0.771,2647,19
P04083,0.023, 0.074, 1.000,346,1
Q63450,0.292, 0.336, 0.322,374,2
P38516,0.090, 0.224, 0.667,235,2
P19619,0.017, 0.073, 1.000,346,1
P0CE48,0.026, 0.242, 1.000,394,2
P0CF51,0.179, 0.177, 0.743,173,1
A4C1A5,0.207, 0.706, 1.000,150,2
P27058,0.925, 0.000, 0.189,200,0
M1GUG5,0.814, 0.000, 0.871,86,0
P01071,0.066, 0.089, 1.000,181,2
P13693,0.140, 0.041, 0.664,172,2
Q09514,0.234, 0.172, 0.500,266,2
P39748,0.126, 0.048, 0.333,380,1
O74958,0.607, 0.099, 0.386,488,1
P35520,0.087, 0.169, 0.207,551,2
P49736,0.241, 0.777, 0.398,904,4
Q02554,0.433, 0.461, 0.455,436,1
Q6CMF0,0.049, 0.208, 0.694,1113,4
P76407,0.157, 0.143, 0.701,299,2
Q8HYY9,0.265, 0.166, 1.000,49,1
Q8TEK3,0.687, 0.412, 0.058,1537,4
Q14493,0.537, 0.248, 0.518,270,1
P36894,0.213, 0.320, 0.531,532,3
Q80VP1,0.623, 0.332, 0.411,575,2
P27321,0.668, 0.840, 0.343,713,0
Q07009,0.035, 0.419, 0.971,700,3
Q8K4J6,0.727, 0.296, 0.138,964,4
O14745,0.352, 0.844, 0.611,358,2
O08807,0.273, 0.015, 0.293,274,1
O15922,0.281, 0.153, 0.214,447,4
P16220,0.694, 0.471, 0.405,327,1
Q92793,0.672, 0.441, 0.086,2442,9
P47710,0.644, 0.834, 0.571,185,0
P04183,0.287, 0.072, 0.359,234,2
Q9H2Y7,0.755, 0.553, 0.044,1883,4
Q9M4V2,0.278, 0.583, 0.295,501,2
O75683,0.391, 0.368, 0.355,361,2
Q9NRJ3,0.393, 0.637, 0.560,127,1
P32684,0.179, 0.110, 0.268,290,1
Q9Z8L4,0.280, 0.063, 0.679,399,1
P0DP23,0.100, 0.507, 1.000,149,2
P52272,0.678, 0.814, 0.136,730,3
P30429,0.110, 0.281, 0.418,549,3
P17405,0.164, 0.012, 0.220,631,1
P09546,0.128, 0.149, 0.602,1320,4
P32504,0.381, 0.599, 0.415,956,6
P62805,0.146, 0.148, 1.000,103,1
A6QHR2,0.010, 0.171, 1.000,420,2
O74774,0.179, 0.459, 0.140,592,2
P41814,0.155, 0.250, 0.271,478,2
P33322,0.220, 0.170, 0.359,483,3
P70447,0.700, 0.177, 0.560,263,1
Q9Y7M4,0.065, 0.230, 1.000,93,1
Q9FG31,0.886, 1.000, 0.521,158,0
O74499,0.212, 0.180, 1.000,113,1
O14352,0.273, 0.239, 0.454,121,1
P38919,0.078, 0.258, 0.372,411,2
Q13415,0.447, 0.409, 0.262,861,4
P33411,0.291, 0.388, 0.344,251,1
P28300,0.482, 0.328, 0.195,417,1
O69245,0.125, 0.089, 0.136,232,1
C6ECL5,0.379, 0.250, 0.509,161,1
E1BSW7,0.201, 0.099, 0.607,139,1
Q9JPP1,0.695, 0.577, 0.309,427,2
P49427,0.203, 0.128, 0.271,236,1
P28698,0.409, 0.883, 0.098,734,4
P27472,0.092, 0.057, 0.141,705,1
P60604,0.006, 0.140, 1.000,165,1
P74518,0.183, 0.461, 0.372,191,2
O94316,0.086, 0.379, 0.349,984,3
P19836,0.297, 0.283, 0.128,367,1
Q00944,0.330, 0.309, 0.227,1053,5
Q02199,0.667, 0.541, 0.168,472,1
P52948,0.613, 0.871, 0.155,1817,7
Q03281,0.433, 0.505, 0.132,663,4
P30307,0.596, 0.074, 0.134,473,1
P0AG30,0.002, 0.155, 1.000,419,2
O94444,0.173, 0.756, 0.740,243,2
P02671,0.573, 0.496, 0.206,866,4
P04386,0.436, 0.459, 0.204,881,7
P0ABS5,0.069, 0.390, 0.551,581,3
P0AGE0,0.359, 0.097, 0.688,178,1
P63159,0.293, 0.322, 0.239,215,2
Q2TAZ0,0.443, 0.699, 0.411,1938,13
O67086,0.016, 0.086, 1.000,118,1
P32337,0.023, 0.140, 0.783,1089,3
P47054,0.116, 0.463, 0.560,1683,9
Q676U5,0.183, 0.145, 0.142,607,4
Q24570,0.906, 0.000, 0.576,138,0
Q9HD26,0.426, 0.611, 0.437,462,3
Q925J9,0.737, 0.648, 0.103,1575,4
P49687,0.499, 0.473, 0.218,1317,4
P46673,0.203, 0.417, 0.631,744,5
P35729,0.076, 0.465, 0.671,1037,5
P36161,0.163, 0.605, 0.509,1157,7
P32566,0.536, 0.119, 0.295,505,3
P16050,0.003, 0.112, 1.000,662,2
Q8WUM0,0.192, 0.604, 0.344,1156,8
F0ZBA6,0.029, 0.067, 0.793,643,1
Q72J05,0.051, 0.381, 0.647,600,3
P37028,0.079, 0.045, 1.000,266,1
O15234,0.855, 0.490, 0.351,703,1
P08621,0.449, 0.357, 0.470,437,1
Q9BS26,0.103, 0.102, 0.379,406,1
P52695,0.120, 0.116, 1.000,108,1
P51965,0.222, 0.013, 0.441,193,1
O00571,0.392, 0.312, 0.224,662,3
P21734,0.084, 0.350, 0.560,215,2
P53136,0.159, 0.129, 0.717,463,2
P37455,0.320, 0.119, 0.309,172,1
P0ADV9,0.105, 0.141, 1.000,191,1
P0A9A6,0.199, 0.306, 0.276,383,1
P17865,0.202, 0.210, 0.168,382,1
Q2TUW1,1.000, 0.000, 0.454,238,1
P15516,0.687, 0.000, 0.971,51,0
P02808,0.742, 0.000, 0.891,62,0
O82132,0.627, 0.568, 0.604,335,1
Q03519,0.201, 0.524, 0.886,686,3
Q93P54,0.039, 0.010, 0.154,521,1
Q9U3S5,0.793, 0.971, 0.149,1050,5
P32521,0.730, 0.759, 0.119,1480,6
P29375,0.327, 0.605, 0.229,1690,10
Q9SQQ6,0.562, 0.256, 0.205,338,1
P24385,0.142, 0.150, 0.430,295,2
Q02821,0.198, 0.055, 0.253,542,2
Q99958,0.805, 0.255, 0.268,501,1
Q13547,0.201, 0.055, 0.338,482,1
P08476,0.336, 0.396, 0.420,426,5
P10721,0.264, 0.321, 0.386,976,7
Q8RWK8,0.597, 0.506, 0.204,608,2
P38862,0.058, 0.177, 0.759,630,2
P68363,0.049, 0.130, 0.367,451,2
Q96F86,0.327, 0.248, 0.260,508,3
P14598,0.200, 0.359, 0.485,390,2
P42226,0.286, 0.253, 0.157,847,4
P32120,0.193, 0.260, 0.311,420,2
Q12306,0.277, 0.452, 0.430,101,1
Q8IVG9,0.417, 0.000, 1.000,24,0
Q9Y6K9,0.241, 0.179, 0.228,419,3
P29131,0.564, 0.404, 0.539,319,1
Q7KLE5,0.495, 0.244, 0.085,602,3
Q92905,0.129, 0.340, 0.721,334,2
Q96PU5,0.415, 0.503, 0.236,975,8
P63165,0.267, 0.486, 0.371,101,1
Q05471,0.502, 0.791, 0.273,1514,6
P60761,0.500, 0.512, 0.334,78,0
P50498,0.905, 1.000, 0.203,272,0
Q71UI9,0.156, 0.046, 0.500,128,1
Q15843,0.099, 0.054, 1.000,81,1
Q0JRZ9,0.328, 0.118, 0.085,810,2
Q96RF0,0.435, 0.338, 0.074,628,3
Q7DD77,0.232, 0.475, 0.927,181,1
Q8T9B6,0.300, 0.516, 0.907,180,1
Q8IG33,0.338, 0.545, 0.905,186,1
Q9ERE7,0.621, 0.400, 0.604,224,1
O43663,0.263, 0.190, 0.129,620,3
Q03689,0.080, 0.199, 0.825,289,2
O14672,0.210, 0.522, 0.552,748,5
P0C8E0,0.053, 0.167, 1.000,19,0
P0C8E1,0.158, 0.000, 1.000,19,0
A0LU48,0.020, 0.067, 1.000,503,2
Q5L0X5,0.138, 0.223, 0.725,261,1
P53865,0.537, 0.145, 0.497,581,4
O60200,0.140, 0.108, 1.000,86,1
Q05776,0.034, 0.183, 1.000,175,1
Q00169,0.007, 0.090, 1.000,270,1
P53779,0.260, 0.157, 0.131,464,2
Q9BUQ8,0.272, 0.456, 0.327,820,3
P13861,0.203, 0.208, 0.232,404,3
O46385,0.658, 0.418, 0.117,2194,4
O60701,0.054, 0.032, 0.481,494,2
A0A178W0D3,0.545, 0.602, 0.582,259,1
P06837,0.872, 0.312, 0.515,227,0
Q92804,0.799, 0.721, 0.059,592,2
Q9BTL3,0.644, 0.261, 0.408,118,1
Q8N5F7,0.658, 0.781, 0.359,415,1
P51825,0.774, 0.356, 0.114,1210,2
P0DMV9,0.085, 0.247, 0.400,641,3
P36080,0.353, 0.559, 0.490,434,3
P78794,0.397, 0.538, 0.476,265,3
O14187,0.117, 0.610, 0.624,2363,9
Q8IYB3,0.815, 0.827, 0.182,904,1
O14810,0.507, 0.576, 0.868,134,1
O95429,0.819, 0.060, 0.211,457,1
Q13464,0.277, 0.620, 0.650,1354,11
P29536,0.578, 0.308, 0.265,600,1
Q00780,0.824, 0.017, 0.399,744,1
O08583,0.577, 0.408, 0.272,255,1
Q88MI5,0.011, 0.110, 1.000,92,1
Q92837,0.763, 0.515, 0.540,279,1
Q4ACU6,0.656, 0.355, 0.041,1730,5
Q9GRZ3,0.732, 0.364, 0.127,1641,5
Q09260,0.687, 0.779, 0.323,490,2
O23661,0.546, 0.366, 0.136,608,4
Q15046,0.103, 0.088, 0.223,597,1
P08631,0.184, 0.187, 0.114,526,3
P82804,0.290, 0.551, 0.734,207,2
Q9NYB9,0.564, 0.094, 0.170,513,3
P70429,0.507, 0.358, 0.286,414,2
Q96GD4,0.270, 0.151, 0.107,344,2
Q9NQS7,0.641, 0.719, 0.245,918,6
Q9ZVD0,0.581, 0.755, 0.196,720,4
Q8IZD2,0.847, 0.484, 0.055,1858,3
P35201,0.579, 0.663, 0.406,549,2
Q7RTP6,0.582, 0.386, 0.076,2002,5
P11746,0.668, 0.169, 0.371,286,1
Q04637,0.632, 0.663, 0.123,1599,4
P06730,0.134, 0.059, 0.657,217,1
P48598,0.297, 0.138, 0.168,259,1
Q96N21,0.533, 0.064, 0.210,525,2
Q8IYW5,0.631, 0.219, 0.170,571,3
Q9BTT0,0.415, 0.084, 0.648,268,1
P21952,0.697, 0.257, 0.214,449,2
Q08050,0.819, 0.398, 0.117,763,2
O88513,0.548, 0.323, 0.664,206,1
P04198,0.767, 0.215, 0.458,464,1
P14653,0.761, 0.167, 0.423,301,1
P54274,0.420, 0.177, 0.148,439,2
P49765,0.488, 0.311, 0.664,207,1
P35568,0.830, 0.059, 0.064,1242,2
Q5SQI0,0.551, 0.122, 0.307,421,1
Q86YV5,0.747, 0.321, 0.067,1406,4
O94687,0.670, 0.536, 0.040,549,2
O35254,0.583, 0.283, 0.103,451,1
Q5RJI5,0.489, 0.504, 0.149,778,4
Q80VW5,0.580, 0.805, 0.178,918,5
Q9BVI0,0.675, 0.466, 0.073,1012,6
Q5T4W7,0.473, 0.146, 0.702,220,1
Q9WTY2,0.566, 0.203, 0.445,341,1
P15391,0.569, 0.445, 0.213,556,3
Q96RS0,0.588, 0.461, 0.131,853,2
Q8IU57,0.573, 0.234, 0.204,520,2
Q03707,0.524, 0.485, 0.156,834,4
Q15583,0.740, 0.288, 0.303,401,1
P46938,0.736, 0.962, 0.334,488,3
Q8TEA8,0.229, 0.087, 0.541,209,1
Q9UKX7,0.590, 0.276, 0.264,468,2
O35625,0.614, 0.370, 0.204,863,3
O95400,0.434, 0.845, 0.433,341,2
P17181,0.276, 0.362, 0.254,557,2
Q23985,0.496, 0.341, 0.200,738,4
P17105,0.412, 0.115, 0.148,459,1
Q9NRR4,0.356, 0.386, 0.132,1374,5
Q12476,0.575, 0.925, 0.313,344,2
P07199,0.470, 0.623, 0.264,599,5
Q12432,0.326, 0.311, 0.252,401,3
P51617,0.440, 0.316, 0.148,712,5
P17480,0.258, 0.439, 0.194,764,7
Q12495,0.434, 0.730, 0.263,606,5
Q96G97,0.382, 0.277, 0.270,398,2
Q3U182,0.919, 0.358, 0.223,692,1
Q15642,0.281, 0.139, 0.107,601,3
Q12000,0.313, 0.680, 0.853,345,4
Q86UE8,0.375, 0.240, 0.037,772,2
P36106,0.654, 1.000, 0.483,594,2
Q01970,0.201, 0.219, 0.129,1234,5
Q6SJQ7,0.564, 0.122, 0.337,337,2
O60502,0.317, 0.222, 0.151,916,4
Q12102,0.227, 0.318, 0.286,859,5
P46674,0.389, 0.498, 0.201,1301,3
Q8ZRP0,0.054, 0.254, 0.463,804,2
P0AD27,0.036, 0.294, 0.944,586,3
P40709,0.031, 0.247, 0.839,586,2
A7ZUK2,0.091, 0.448, 0.659,1407,7
O28769,0.077, 0.519, 0.922,338,2
D1A4G7,0.096, 0.264, 0.708,1315,4
Q928V6,0.099, 0.499, 0.758,452,3
P56926,0.152, 0.170, 0.138,852,5
A0KJC7,0.146, 0.341, 0.356,478,3
Q5A3P6,0.582, 0.423, 0.137,947,5
P00800,0.068, 0.102, 0.162,548,2
A0R1T8,0.190, 0.391, 0.642,294,2
Q28146,0.220, 0.288, 0.268,1530,10
P35828,0.007, 0.065, 1.000,1026,3
O53168,0.186, 0.430, 0.306,472,3
Q8A6W3,0.040, 0.215, 0.525,1041,3
P0DOC6,0.496, 0.998, 0.728,1389,11
P09327,0.224, 0.788, 0.603,827,6
P02640,0.225, 0.786, 0.662,826,7
Q05022,0.199, 0.693, 0.276,1729,11
P36594,0.219, 0.376, 0.142,1752,6
Q13740,0.145, 0.160, 0.234,583,3
P56287,0.147, 0.272, 0.299,678,2
Q8ZRW0,0.035, 0.218, 0.714,786,3
Q01080,0.159, 0.424, 0.849,415,4
Q9BE39,0.363, 0.810, 0.851,1935,9
Q9UKL0,0.480, 0.285, 0.210,485,3
A5YKK6,0.238, 0.756, 0.307,2376,14
P9WGI1,0.426, 0.063, 0.094,528,2
P04050,0.193, 0.301, 0.207,1733,4
Q80UG2,0.152, 0.499, 0.612,1893,10
Q92558,0.578, 0.351, 0.381,559,1
P18564,0.156, 0.538, 0.667,788,6
S6B291,0.118, 0.282, 0.602,466,4
Q07866,0.299, 0.276, 0.100,573,4
P56696,0.478, 0.546, 0.190,695,3
O70201,0.028, 0.081, 1.000,140,1
Q8R4T5,0.691, 0.410, 0.360,394,1
P15825,0.195, 0.311, 0.190,348,3
P30130,0.099, 0.127, 0.495,878,4
Q16790,0.390, 0.067, 0.223,459,1
Q16611,0.228, 0.558, 0.917,211,1
Q07812,0.125, 0.321, 0.584,192,1
P0ACN7,0.111, 0.270, 0.631,341,2
P39061,0.741, 0.512, 0.121,1774,5
Q9NUM4,0.351, 0.135, 0.365,274,1
Q04410,0.406, 0.145, 0.392,372,2
P07948,0.178, 0.249, 0.208,512,2
P16070,0.762, 0.118, 0.085,742,1
Q9Y6G9,0.614, 1.000, 0.358,523,2
P0AES9,0.300, 0.169, 0.667,110,1
O82775,0.883, 0.598, 0.664,256,0
Q8VY98,0.857, 0.762, 0.676,266,0
Q8NBP7,0.184, 0.180, 0.261,692,2
P43629,0.345, 0.272, 0.281,444,2
Q6P5W5,0.292, 0.592, 0.329,647,5
Q15109,0.225, 0.268, 0.493,404,2
P09077,0.758, 0.446, 0.371,417,2
P07548,0.860, 0.329, 0.363,586,1
Q9NP70,0.967, 0.000, 0.144,447,0
Q969R2,0.397, 0.377, 0.227,916,6
P60880,0.204, 0.274, 0.426,206,2
P10081,0.104, 0.325, 0.856,395,2
Q15717,0.240, 0.254, 0.117,326,3
Q8R1S4,0.656, 0.122, 0.197,759,2
Q8BPB0,0.112, 0.166, 0.500,216,1
P80192,0.637, 0.382, 0.093,1104,4
P55042,0.451, 0.231, 0.375,308,1
Q8VEL9,0.560, 0.186, 0.455,341,1
P39905,0.407, 0.392, 0.523,211,1
P83755,0.051, 0.044, 0.549,353,1
P56777,0.004, 0.041, 1.000,508,1
P23321,0.274, 0.183, 0.099,332,2
Q16647,0.022, 0.100, 1.000,500,1
Q8VDQ1,0.006, 0.026, 1.000,351,1
P28827,0.139, 0.314, 0.216,1452,7
F1RAX4,0.170, 0.378, 0.412,670,4
F1QGH7,0.253, 0.142, 0.142,780,2
Q9H900,0.164, 0.283, 0.238,591,4
P10761,0.283, 0.329, 0.293,424,2
Q96PM5,0.100, 0.055, 0.310,261,2
P47273,0.112, 0.284, 0.411,151,1
Q05080,0.426, 0.279, 0.115,669,2
P47523,0.300, 0.103, 0.390,556,1
P78362,0.407, 0.174, 0.172,688,3
Q9H8Y8,0.562, 0.263, 0.146,452,1
Q9ESJ0,0.082, 0.275, 0.756,1151,3
P63241,0.097, 0.115, 1.000,154,1
P25490,0.713, 0.554, 0.105,414,1
Q04866,0.082, 0.140, 0.256,327,3
O49195,0.189, 0.014, 0.370,270,1
Q96H20,0.147, 0.423, 0.871,258,1
Q86VN1,0.187, 0.357, 0.556,386,2
P35916,0.311, 0.602, 0.260,1363,12
Q96NW4,0.376, 0.803, 0.327,1050,8
P70280,0.163, 0.321, 0.890,220,1
P02533,0.383, 0.196, 0.232,472,3
P13647,0.503, 0.191, 0.107,590,3
Q9UNA0,0.233, 0.447, 0.193,930,5
Q8IUQ4,0.110, 0.083, 0.100,282,2
Q96PY5,0.279, 0.417, 0.201,1086,7
P22449,0.365, 0.150, 0.126,474,3
Q8N1G2,0.140, 0.173, 0.300,835,2
Q9Y6D6,0.266, 0.441, 0.211,1849,12
Q8K368,0.172, 0.443, 0.442,1330,12
Q3MIT2,0.104, 0.097, 0.087,529,2
O75817,0.221, 0.312, 0.516,140,1
Q9BUL9,0.357, 0.140, 0.535,199,2
P21575,0.239, 0.518, 0.318,864,4
Q0WYX8,0.124, 0.301, 0.347,949,5
Q14194,0.137, 0.049, 0.423,572,1
P97427,0.135, 0.049, 0.430,572,1
Q15113,0.223, 0.418, 0.202,449,3
P42003,0.244, 0.119, 0.135,455,2
P04775,0.381, 0.703, 0.315,2005,10
Q920Q2,0.456, 0.289, 0.112,1249,6
Q9QUG2,0.410, 0.175, 0.112,852,4
Q8TEP8,0.662, 0.926, 0.106,2537,10
O94986,0.536, 0.533, 0.194,1710,12
O14958,0.110, 0.065, 0.500,399,2
Q39026,0.126, 0.145, 0.421,395,2
P31321,0.108, 0.335, 0.417,381,3
P22605,0.337, 0.069, 0.131,482,2
Q9UBV7,0.184, 0.082, 0.451,327,1
Q9ERE3,0.158, 0.347, 0.424,496,2
O88393,0.367, 0.595, 0.275,850,7
P07237,0.099, 0.216, 0.121,508,2
Q6ZPF4,0.265, 0.446, 0.249,1028,5
P78330,0.031, 0.165, 1.000,225,1
Q4F883,0.045, 0.140, 0.422,537,3
Q8GY88,0.320, 0.088, 0.197,300,2
P53780,0.174, 0.063, 0.023,464,1
Q9MAB9,0.299, 0.695, 0.572,117,1
Q9SUM3,0.161, 0.199, 0.373,711,2
Q9HC35,0.304, 0.119, 0.072,981,2
P23457,0.012, 0.060, 1.000,322,1
O95278,0.042, 0.025, 1.000,331,2
Q8GXX0,0.366, 0.174, 0.486,191,1
P01023,0.149, 0.640, 0.584,1474,10
P30542,0.080, 0.093, 0.963,326,2
Q96FQ6,0.136, 0.787, 1.000,103,1
P61765,0.086, 0.131, 0.512,594,4
Q9H5I1,0.107, 0.186, 0.383,410,1
Q8ZQC8,0.128, 0.209, 0.781,319,1
P08294,0.150, 0.113, 0.333,240,1
O88483,0.203, 0.152, 0.276,538,2
Q8N807,0.194, 0.083, 0.186,584,2
Q91ZW2,0.100, 0.046, 0.360,393,1
Q9SKB2,0.184, 0.409, 0.375,641,4
Q6ZVN8,0.228, 0.237, 0.228,426,2
Q9VXJ0,0.063, 0.184, 0.794,598,2
P0A9Q9,0.000, 0.019, 1.000,367,1
Q81G39,0.012, 0.159, 1.000,504,2
Q9Y5C1,0.254, 0.367, 0.402,460,3
P41780,0.097, 0.123, 0.144,350,2
Q44522,1.000, 0.000, 0.029,204,0
Q57530,0.077, 0.021, 0.312,208,1
P15848,0.109, 0.009, 0.569,533,2
P38111,0.078, 0.740, 0.910,2368,13
O35484,0.152, 0.242, 0.454,448,3
P11926,0.133, 0.110, 0.165,461,2
P54368,0.435, 0.209, 0.515,228,1
O14977,0.114, 0.174, 0.491,448,3
Q9HD36,0.177, 0.357, 0.859,204,2
O75936,0.019, 0.092, 1.000,387,2
Q8R464,0.191, 0.137, 0.377,388,3
P23280,0.117, 0.125, 0.444,308,1
B8ZXI1,0.111, 0.135, 0.414,415,3
P13797,0.085, 0.259, 0.518,630,3
Q9DBG5,0.517, 0.445, 0.426,437,3
P53816,0.371, 0.157, 0.167,162,2
P40999,0.094, 0.087, 0.617,330,2
Q6XHB2,0.329, 0.833, 0.395,1726,10
P24005,0.133, 0.039, 0.436,295,1
O96759,0.039, 0.142, 0.667,611,1
Q54BW5,0.212, 0.107, 0.764,179,1
F4JL28,0.171, 0.098, 0.275,234,1
Q92608,0.168, 0.488, 0.244,1830,8
Q6R327,0.402, 0.553, 0.109,1708,6
Q9BPZ7,0.437, 0.837, 0.636,522,5
Q8WUN7,0.368, 0.905, 0.418,234,2
Q9JIP3,0.222, 0.425, 0.441,499,4
Q9FLN8,0.065, 0.125, 0.400,386,1
Q02363,0.627, 0.180, 0.738,134,1
P54687,0.060, 0.030, 0.267,386,1
Q6V1X1,0.070, 0.147, 0.300,898,2
P0A8S9,0.120, 0.333, 1.000,116,1
Q15631,0.053, 0.116, 1.000,228,1
Q14995,0.482, 0.349, 0.100,579,2
O00411,0.198, 0.208, 0.394,1230,4
P41214,0.258, 0.596, 0.411,584,4
P45379,0.322, 0.376, 0.801,298,2
Q9NXV2,0.337, 0.199, 0.341,234,2
P25891,0.170, 0.100, 0.453,300,2
P04035,0.375, 0.282, 0.448,888,3
Q9BQ50,0.089, 0.033, 0.663,236,2
Q9V6K1,0.136, 0.225, 0.140,1441,5
Q9H3P2,0.481, 0.204, 0.110,528,3
P18615,0.655, 0.678, 0.643,380,1
O60880,0.195, 0.204, 0.600,128,1
P00452,0.049, 0.100, 0.347,761,1
P0A873,0.016, 0.079, 1.000,255,1
Q8ST83,0.781, 0.306, 0.042,520,1
Q53FT3,0.096, 0.264, 1.000,197,2
P32357,0.138, 0.101, 0.370,355,2
P33334,0.138, 0.485, 0.391,2413,10
Q8VDP3,0.271, 0.390, 0.199,1048,4
Q13838,0.168, 0.236, 0.387,428,2
Q42521,0.094, 0.079, 0.213,502,1
Q13526,0.098, 0.048, 1.000,163,2
P42166,0.587, 0.554, 0.150,694,4
Q96EP1,0.379, 0.224, 0.111,664,3
Q6P1M3,0.185, 0.077, 0.168,1020,3
Q5U651,0.380, 0.382, 0.258,963,7
Q8IWJ2,0.265, 1.000, 0.491,1684,16
P20340,0.197, 0.198, 0.294,208,1
P21517,0.041, 0.258, 1.000,604,2
P07355,0.065, 0.031, 0.369,339,1
Q04049,0.149, 0.089, 0.349,632,2
Q9NWW9,0.370, 0.167, 0.516,162,2
P08581,0.215, 0.452, 0.353,1390,7
P45352,0.065, 0.017, 0.354,307,1
P08179,0.014, 0.005, 1.000,212,1
P09951,0.531, 0.113, 0.203,704,1
P06756,0.106, 0.183, 0.264,1048,4
P97675,0.045, 0.101, 0.422,875,2
Q92574,0.526, 0.480, 0.184,1164,7
P05231,0.217, 0.169, 0.825,212,1
Q14565,0.088, 0.078, 0.432,340,2
Q9GZN7,0.087, 0.206, 0.356,287,2
P36871,0.007, 0.034, 1.000,562,2
P09041,0.002, 0.048, 1.000,417,1
P17109,0.000, 0.022, 1.000,556,1
Q03653,0.330, 0.334, 0.142,782,2
P46951,0.094, 0.213, 0.468,817,4
Q13617,0.080, 0.574, 0.800,745,5
Q9S7B5,0.124, 0.137, 0.153,526,1
Q69ZK9,0.317, 0.130, 0.161,836,3
P21447,0.092, 0.305, 0.239,1276,4
Q9GZU1,0.176, 0.398, 0.273,580,5
Q13563,0.418, 0.359, 0.318,968,4
Q14181,0.174, 0.229, 0.397,598,4
P76216,0.013, 0.004, 1.000,447,1
P25299,0.405, 0.671, 0.484,296,2
Q9VI75,0.404, 0.287, 0.200,468,2
Q13162,0.269, 0.025, 0.383,271,1
Q14118,0.479, 0.395, 0.207,895,4
P15442,0.314, 0.745, 0.411,1659,12
P09950,0.122, 0.023, 0.090,548,1
P06782,0.400, 0.558, 0.340,633,4
P01127,0.440, 0.393, 0.584,241,1
Q9UPY3,0.387, 0.733, 0.258,1922,13
Q9NPI8,0.251, 0.511, 0.554,374,4
P49189,0.000, 0.002, 1.000,494,1
P16892,0.073, 0.085, 0.342,353,2
P16278,0.120, 0.032, 0.125,677,2
Q9Y823,0.071, 0.180, 0.465,418,3
P45523,0.211, 0.019, 0.299,270,1
Q62902,0.277, 0.390, 0.419,517,3
Q8BTI9,0.113, 0.312, 0.646,1064,6
O08908,0.179, 0.548, 0.358,722,5
P42337,0.073, 0.137, 0.740,1068,5
Q63716,0.015, 0.015, 1.000,199,1
P22234,0.012, 0.048, 1.000,425,1
Q9NV23,0.065, 0.153, 0.354,265,1
Q56026,0.160, 0.111, 0.237,343,2
P20061,0.104, 0.181, 0.308,433,2
P23771,0.774, 0.190, 0.318,443,1
P34257,0.058, 0.216, 0.845,329,3
P63028,0.140, 0.041, 0.750,172,2
P05452,0.178, 0.061, 0.416,202,1
Q921Z5,0.141, 0.164, 0.929,198,1
Q96Q11,0.093, 0.072, 0.376,434,2
P61587,0.267, 0.056, 0.124,244,1
Q91WA6,0.329, 0.294, 0.231,380,3
P0CY08,0.324, 0.641, 0.883,210,2
P53927,0.364, 0.165, 0.338,220,1
P53193,0.119, 0.185, 0.546,184,2
P02469,0.239, 0.824, 0.870,1786,12
Q8K419,0.111, 0.062, 0.279,326,2
A6NI73,0.261, 0.253, 0.322,299,1
P62330,0.062, 0.061, 1.000,175,1
Q64373,0.412, 0.350, 0.323,233,1
Q07157,0.663, 0.285, 0.056,1748,6
Q62420,0.147, 0.250, 0.306,352,3
Q62264,0.387, 0.305, 0.517,150,2
Q8IVH8,0.366, 0.325, 0.169,894,4
Q9UKY0,0.358, 0.389, 0.763,176,1
Q14019,0.098, 0.094, 1.000,142,1
P31153,0.033, 0.031, 1.000,395,1
P40344,0.368, 0.261, 0.220,310,2
P22523,0.108, 0.848, 0.769,1486,16
Q9W058,0.074, 0.060, 0.365,516,2
P46379,0.588, 0.573, 0.111,1132,4
Q91YD9,0.503, 0.614, 0.519,501,2
Q13164,0.553, 0.271, 0.222,816,2
Q7L2J0,0.609, 0.246, 0.190,689,2
Q9Y4F1,0.299, 0.177, 0.130,1045,4
Q9Y2Z0,0.268, 0.685, 0.541,365,3
Q14849,0.216, 0.306, 0.241,445,2
P24785,0.177, 0.317, 0.169,1293,5
Q9QXN5,0.081, 0.091, 0.778,285,1
P20807,0.241, 0.432, 0.249,821,5
O43070,0.486, 0.286, 0.389,613,2
O60934,0.552, 0.337, 0.192,754,4
Q09683,0.323, 0.189, 0.186,649,2
P47110,0.503, 0.610, 0.517,350,2
P15436,0.094, 0.211, 0.255,1097,3
O43521,0.733, 0.754, 0.483,198,0
O60239,0.505, 0.107, 0.251,455,1
Q5FWF5,0.725, 0.273, 0.076,840,3
P55197,0.774, 0.257, 0.074,1068,2
Q99P68,0.545, 0.459, 0.870,211,2
Q9BYF1,0.078, 0.152, 0.385,805,2
P11166,0.061, 0.212, 0.197,492,1
P83916,0.357, 0.437, 0.605,185,2
P55211,0.209, 0.329, 0.163,416,3
P08670,0.304, 0.287, 0.211,466,2
P62558,0.167, 0.133, 0.371,323,2
P83917,0.352, 0.417, 0.676,185,2
P05205,0.403, 0.260, 0.747,206,2
P40381,0.615, 0.302, 0.545,328,2
Q9Y5S9,0.316, 0.278, 0.582,174,1
Q16630,0.644, 0.346, 0.464,551,2
P22893,0.718, 0.411, 0.519,319,1
Q5D1E7,0.512, 0.268, 0.131,596,3
Q8N5H7,0.498, 0.123, 0.066,860,4
P97465,0.560, 0.241, 0.382,482,3
Q61033,0.583, 0.501, 0.146,693,4
P55789,0.410, 0.083, 0.393,205,1
Q8N884,0.314, 0.162, 0.041,522,2
Q8XAD5,0.048, 0.100, 1.000,63,1
Q09428,0.133, 0.517, 0.308,1581,7
Q6A070,0.485, 0.375, 0.105,1776,8
F1QR43,0.104, 0.042, 0.375,586,2
F1RE08,0.046, 0.109, 0.870,480,3
Q10589,0.239, 0.095, 0.699,180,1
P62944,0.156, 0.302, 0.205,937,5
Q7K5N4,0.365, 0.157, 0.208,471,5
Q9V727,0.848, 0.961, 0.114,1669,4
Q3UND0,0.399, 0.368, 0.371,358,3
Q96E14,0.115, 0.100, 0.235,147,1
Q91VS8,0.323, 0.198, 0.152,1065,5
P35585,0.087, 0.218, 0.839,423,4
P23873,0.182, 0.055, 0.440,88,1
P0A968,0.082, 0.471, 1.000,74,1
J7QA90,0.034, 0.070, 1.000,88,1
P78953,0.713, 0.345, 0.052,920,3
Q8NBI3,0.754, 0.350, 0.373,349,1
P53853,0.171, 0.077, 0.532,264,2
P28023,0.228, 0.672, 0.285,1280,12
Q8N3V7,0.891, 0.704, 0.270,929,0
P04004,0.460, 0.438, 0.313,478,3
P48443,0.383, 0.129, 0.164,463,2
Q14444,0.693, 0.124, 0.102,709,2
Q02521,0.654, 0.922, 0.769,185,0
P17947,0.656, 0.055, 0.424,270,1
Q9SQK3,0.378, 0.204, 0.193,315,1
Q05753,0.492, 0.307, 0.467,435,1
P26368,0.360, 0.512, 0.303,475,2
P01215,0.052, 0.164, 1.000,116,1
P33128,0.037, 0.215, 1.000,246,2
A8BB85,0.009, 0.179, 1.000,316,1
Q26997,0.061, 0.185, 1.000,230,2
P0A2N1,0.112, 0.065, 0.446,241,1
Q9Y6I3,0.623, 0.318, 0.387,576,2
Q9RQJ2,0.087, 0.116, 0.230,556,2
Q9KRE7,0.018, 0.025, 1.000,280,1
Q8I2X3,0.182, 0.101, 0.626,396,2
A0A0H3MCR9,0.038, 0.102, 1.000,183,1
O61130,0.310, 0.320, 0.345,562,3
P07749,0.147, 0.372, 0.354,211,1
P50490,0.339, 0.304, 0.251,622,4
P63101,0.053, 0.060, 1.000,245,1
Q96RD7,0.307, 0.620, 0.427,426,4
Q2VL32,0.150, 0.250, 0.453,513,3
A7L035,0.150, 0.760, 0.573,456,3
J7JU64,0.853, 0.000, 0.362,68,0
O25555,0.216, 0.398, 0.926,125,1
P0C079,0.051, 0.427, 1.000,79,1
P01501,0.429, 1.000, 0.667,70,0
P08572,0.868, 0.143, 0.085,1712,1
Q12888,0.808, 0.207, 0.020,1972,4
O70200,0.136, 0.292, 0.699,147,1
P47992,0.315, 0.346, 0.695,114,1
Q55DL0,0.024, 0.008, 1.000,503,1
P42527,0.586, 0.627, 0.561,1146,7
P00880,0.017, 0.006, 1.000,472,1
Q9SR19,0.252, 0.218, 0.222,449,2
Q9SN68,0.165, 0.054, 0.212,200,1
F6IAY2,0.560, 0.375, 0.118,346,1
Q9SU24,0.321, 0.663, 0.199,813,5
Q44177,0.172, 0.018, 0.651,134,1
O80837,0.374, 0.075, 0.310,190,1
Q5JRX3,0.047, 0.029, 0.170,1037,2
P06734,0.196, 0.136, 0.684,321,3
Q05193,0.255, 0.511, 0.373,864,5
O75962,0.366, 0.830, 0.249,2563,13
Q9BSQ5,0.491, 0.540, 0.303,444,3
Q4V8K1,0.077, 0.096, 0.364,470,1
P04275,0.268, 0.417, 0.160,351,2
O01479,0.253, 0.420, 0.474,392,2
Q9DEA6,0.188, 0.421, 0.910,345,3
P09446,0.068, 0.320, 0.338,640,3
P0A6Y8,0.056, 0.153, 0.446,638,2
P63018,0.080, 0.285, 0.325,646,3
Q22942,0.161, 0.211, 0.186,429,3
P34704,0.177, 0.181, 0.582,175,1
Q03611,0.232, 0.341, 0.211,733,3
Q9U489,0.521, 0.482, 0.163,1147,7
Q9XTW2,0.160, 0.035, 0.294,512,1
Q9RFD6,0.108, 0.207, 0.472,297,1
Q84MC7,0.086, 0.111, 0.186,187,1
O85041,0.680, 0.997, 0.576,869,5
P34808,0.229, 0.475, 0.397,472,4
P58004,0.240, 0.137, 0.304,480,4
Q53TN4,0.202, 0.035, 0.396,286,1
O95843,0.200, 0.174, 0.165,209,1
P97784,0.216, 0.088, 0.144,606,1
P53104,0.450, 0.557, 0.147,897,4
Q5D1E8,0.509, 0.293, 0.102,599,3
P51787,0.450, 0.360, 0.158,676,3
P40818,0.358, 0.435, 0.154,1118,5
Q16821,0.837, 0.472, 0.053,1122,2
P62137,0.112, 0.027, 0.188,330,1
Q86XI6,0.456, 0.329, 0.316,285,2
P11274,0.458, 0.603, 0.162,1271,7
P10565,0.139, 0.080, 0.194,448,2
P30996,0.087, 0.425, 0.816,1274,2
O06522,0.255, 0.085, 0.263,223,1
F2WK69,0.589, 0.367, 0.289,377,3
P43528,0.148, 0.107, 0.331,263,2
A0A384E149,0.037, 0.050, 0.189,439,1
Q81AN8,0.107, 0.277, 0.252,412,1
A0A0H3GD84,0.091, 0.133, 0.209,529,2
Q9ZKK2,0.127, 0.056, 0.236,267,1
P76063,0.265, 0.292, 0.845,98,1
Q48245,0.172, 0.356, 0.273,1287,5
P35269,0.668, 0.407, 0.371,517,3
Q96GX5,0.667, 0.392, 0.100,879,2
Q00653,0.287, 0.472, 0.174,900,4
A8ULG6,0.174, 0.086, 0.092,322,2
Q9UBU7,0.702, 0.244, 0.104,674,4
Q9JJW6,0.513, 0.782, 0.509,218,1
Q9UIF9,0.613, 0.419, 0.065,1905,8
O62301,0.185, 0.369, 0.335,873,5
Q9XWJ1,0.335, 0.208, 0.388,385,3
Q18235,0.918, 1.000, 0.589,244,0
G5ED39,0.201, 0.322, 0.194,1262,7
Q06486,0.268, 0.105, 0.146,415,1
P91870,0.620, 0.421, 0.137,824,2
Q20728,0.052, 0.208, 1.000,229,2
Q58F21,0.577, 0.387, 0.158,947,3
Q15059,0.526, 0.300, 0.196,726,3
P60340,0.029, 0.046, 1.000,314,1
P54132,0.536, 0.359, 0.050,1417,5
P40692,0.264, 0.311, 0.235,756,3
Q9BRZ2,0.242, 0.570, 0.298,755,5
P51400,0.288, 0.242, 0.181,711,3
O16043,0.951, 0.000, 0.569,183,0
Q07475,0.720, 1.000, 0.960,68,0
P24348,0.279, 0.625, 0.405,1323,6
P34712,0.141, 0.523, 0.461,1321,3
Q8TEQ6,0.216, 0.416, 0.259,1508,6
Q92499,0.113, 0.369, 0.584,740,4
P53420,0.817, 0.599, 0.147,1690,1
P26285,0.205, 0.150, 0.073,531,1
O60825,0.168, 0.145, 0.107,505,1
Q9H3M7,0.266, 0.349, 0.308,391,2
P0A910,0.219, 0.563, 0.580,346,2
P76045,0.120, 0.234, 0.250,301,2
Q9Z214,0.200, 0.099, 0.165,366,3
P0DJI8,0.008, 0.173, 1.000,122,1
P05367,0.066, 0.140, 1.000,122,1
Q9VNE4,0.218, 0.540, 0.353,994,9
Q0PF16,0.144, 0.367, 0.472,497,5
Q9BV68,0.623, 0.973, 0.392,311,2
Q20363,0.339, 0.315, 0.593,159,1
P0AG86,0.110, 0.196, 0.236,155,1
O00308,0.270, 0.436, 0.226,870,5
Q9SSN3,0.148, 0.080, 0.615,176,2
Q9SEL7,0.334, 0.251, 0.389,323,1
O04147,0.017, 0.067, 1.000,181,1
P02774,0.042, 0.073, 0.095,474,2
P68135,0.035, 0.035, 1.000,377,1
Q14258,0.173, 0.190, 0.145,630,4
O15344,0.120, 0.324, 0.575,667,7
O44326,0.197, 0.077, 0.447,678,1
P29590,0.387, 0.406, 0.147,882,3
Q967F4,0.166, 0.252, 0.283,934,3
P34369,0.086, 0.519, 0.628,2329,9
Q23229,0.180, 0.213, 0.372,417,2
P15374,0.008, 0.110, 1.000,230,1
Q9BYI3,0.479, 0.248, 0.175,521,2
Q9FIX2,0.164, 0.406, 0.628,165,1
O23813,0.099, 0.022, 0.030,635,1
P49235,0.133, 0.006, 0.083,566,1
Q6ZNA4,0.879, 0.400, 0.086,994,1
Q86TV6,0.149, 0.276, 0.443,843,5
Q6P4R8,0.647, 0.677, 0.122,1299,3
O95155,0.271, 0.304, 0.081,1302,3
P30793,0.224, 0.062, 0.589,250,1
Q9HC77,0.655, 0.338, 0.072,1338,4
P11686,0.477, 0.379, 0.436,197,1
Q14691,0.005, 0.241, 1.000,196,2
Q9BRX5,0.115, 0.251, 0.922,216,2
O95835,0.663, 0.515, 0.124,1130,3
O14965,0.370, 0.110, 0.168,403,2
Q9WTL8,0.530, 0.296, 0.232,632,3
Q9R194,0.197, 0.099, 0.152,592,2
O08679,0.421, 0.263, 0.050,722,2
Q7KZI7,0.470, 0.264, 0.034,788,2
Q96AE4,0.565, 0.639, 0.274,644,4
Q9NPF0,0.652, 0.622, 0.511,282,2
P35680,0.638, 0.278, 0.102,557,3
F4IED2,0.651, 0.348, 0.206,528,3
Q9LUA9,0.609, 0.425, 0.348,373,1
Q8GTS2,0.650, 0.321, 0.488,249,1
Q4VP08,0.489, 0.260, 0.569,90,1
O50008,0.001, 0.078, 1.000,765,1
Q9BYG3,0.403, 0.417, 0.347,293,1
Q16667,0.108, 0.068, 0.611,212,1
P49327,0.112, 0.465, 0.795,2511,11
Q05397,0.338, 0.305, 0.246,1052,5
P29317,0.168, 0.439, 0.458,976,6
Q86Y38,0.264, 0.062, 0.098,959,2
P41227,0.281, 0.053, 0.214,235,1
Q9BXJ9,0.106, 0.131, 0.500,866,2
Q99598,0.234, 0.221, 0.440,290,2
Q13363,0.248, 0.019, 0.093,440,1
P42574,0.180, 0.084, 0.139,277,2
Q658P3,0.109, 0.085, 0.211,488,1
P35207,0.178, 0.465, 0.444,1287,7
P01019,0.137, 0.221, 0.555,476,2
P11859,0.130, 0.143, 0.469,477,2
P54578,0.174, 0.490, 0.569,494,4
Q9UBR1,0.010, 0.016, 1.000,384,1
S7W634,0.066, 0.441, 0.833,831,3
Q8WVQ1,0.165, 0.060, 0.394,401,1
O00299,0.045, 0.057, 1.000,241,2
O15247,0.048, 0.110, 1.000,247,1
Q9Y696,0.060, 0.155, 1.000,253,2
P00519,0.537, 0.203, 0.084,1130,2
Q9NQC7,0.296, 0.408, 0.196,956,7
Q8NBZ7,0.098, 0.206, 0.561,420,1
Q16831,0.052, 0.037, 0.192,310,1
Q9NRN7,0.116, 0.069, 0.362,309,2
O14727,0.065, 0.618, 0.754,1248,8
Q3UKX1,0.114, 0.106, 0.114,445,2
A1L1Q4,0.047, 0.144, 0.319,408,2
Q10344,0.130, 0.062, 0.500,168,2
Q8CJ26,0.548, 0.834, 0.648,228,1
Q99250,0.377, 0.732, 0.318,2005,10
O95391,0.283, 0.788, 0.523,586,4
Q03692,0.804, 0.021, 0.439,680,1
Q17RS7,0.534, 0.391, 0.146,908,5
P09919,0.193, 0.311, 0.751,207,1
O75223,0.080, 0.035, 1.000,188,1
P28325,0.211, 0.089, 0.934,142,1
P43250,0.074, 0.167, 0.324,576,3
P49257,0.257, 0.370, 0.412,510,2
P55145,0.220, 0.465, 0.700,182,2
Q15013,0.307, 0.121, 0.440,274,2
P16869,0.078, 0.004, 0.192,729,1
Q9HAV4,0.110, 0.221, 0.445,1204,6
Q8N1Q8,0.227, 0.163, 0.427,247,2
P41209,0.146, 0.170, 0.322,172,2
P62696,0.141, 0.045, 0.206,205,1
P00749,0.200, 0.322, 0.420,431,3
P04711,0.038, 0.102, 0.632,970,3
Q96CV9,0.302, 0.258, 0.248,577,4
P55210,0.224, 0.153, 0.161,303,2
Q16629,0.714, 1.000, 0.406,238,1
O95696,0.373, 0.396, 0.322,1058,6
Q8IYB8,0.181, 0.159, 0.182,786,2
Q8IYV9,0.266, 0.183, 0.312,350,1
A6ND01,0.200, 0.070, 0.580,250,2
Q9BRT9,0.085, 0.113, 0.106,223,2
P69411,0.276, 0.144, 0.920,134,1
O60508,0.131, 0.197, 0.168,579,2
Q9H875,0.293, 0.192, 0.519,184,1
Q96EQ8,0.302, 0.420, 0.401,232,2
Q9XWG3,0.188, 0.139, 0.351,362,2
O76463,0.027, 0.131, 1.000,440,2
Q9U3N4,0.116, 0.465, 0.888,389,2
P55265,0.410, 0.424, 0.132,1226,8
Q92783,0.470, 0.364, 0.189,540,3
Q97W73,0.223, 0.060, 0.211,148,1
P19957,0.496, 0.220, 0.500,117,1
P30771,0.223, 0.350, 0.157,971,5
P15205,0.766, 0.295, 0.021,2461,5
P26447,0.169, 0.226, 0.704,101,1
P05451,0.145, 0.077, 1.000,166,1
P11940,0.284, 0.312, 0.137,636,4
P15498,0.112, 0.312, 0.527,845,6
Q7KZF4,0.069, 0.182, 0.348,910,7
P49915,0.115, 0.292, 0.539,693,4
P50148,0.044, 0.123, 1.000,359,1
Q9UDY8,0.246, 0.274, 0.252,824,4
Q9BZE9,0.396, 0.416, 0.152,553,3
P55072,0.144, 0.505, 0.500,806,7
P52874,0.018, 0.095, 1.000,428,2
P0A8Q6,0.085, 0.165, 1.000,106,1
P0ABH9,0.114, 0.528, 0.570,758,5
P23588,0.840, 0.981, 0.321,611,1
Q68D10,0.753, 0.764, 0.254,685,2
Q9UQ35,0.872, 0.651, 0.682,311,1
O75475,0.653, 0.179, 0.274,530,2
Q9NYV4,0.764, 0.242, 0.103,1490,1
Q96RJ3,0.679, 0.576, 0.560,184,0
Q9UBW5,0.586, 0.140, 0.102,565,1
Q8N300,0.242, 0.220, 1.000,66,1
P08799,0.461, 0.831, 0.915,2116,9
P52848,0.094, 0.092, 0.266,882,3
P16035,0.059, 0.169, 1.000,220,1
P08253,0.080, 0.161, 0.300,660,3
P03956,0.107, 0.048, 0.542,469,2
P13674,0.084, 0.137, 0.333,534,3
O60568,0.053, 0.126, 0.226,738,3
P75966,0.166, 0.094, 0.416,217,1
P01009,0.127, 0.110, 0.189,418,2
O80358,0.259, 0.066, 0.050,390,1
O48963,0.353, 0.433, 0.204,996,6
Q9M658,0.715, 0.719, 0.069,2001,5
Q9FIC3,0.107, 0.048, 1.000,93,1
Q682I1,0.512, 0.320, 0.609,160,1
Q9C552,0.273, 0.095, 0.070,753,2
Q00958,0.410, 0.278, 0.180,420,2
P21580,0.344, 0.460, 0.294,790,7
Q6GQQ9,0.477, 0.356, 0.105,843,6
Q99835,0.396, 0.309, 0.293,787,4
Q9Y4K0,0.112, 0.284, 0.330,774,3
Q15276,0.240, 0.304, 0.238,862,8
Q96PU8,0.478, 0.416, 0.238,341,2
P18065,0.557, 0.598, 0.530,325,2
Q08188,0.025, 0.034, 0.240,693,3
P19827,0.114, 0.238, 0.325,911,4
Q2MKA7,0.411, 0.329, 0.611,263,2
Q8L3W1,0.346, 0.376, 0.202,341,2
O80452,0.246, 0.190, 0.142,839,1
Q8GUI6,0.346, 0.197, 0.225,954,5
Q8H1D4,0.524, 0.485, 0.151,355,3
Q03479,0.069, 0.735, 0.899,1005,5
P13022,0.032, 0.106, 1.000,281,2
P13021,0.015, 0.187, 1.000,272,1
P0ACG8,0.090, 0.182, 1.000,133,1
Q8RNT4,0.039, 0.029, 0.256,685,2
Q9UK55,0.173, 0.060, 0.168,444,2
P00742,0.242, 0.281, 0.388,488,3
O43791,0.113, 0.130, 0.619,374,2
P02760,0.218, 0.284, 0.220,352,2
Q92854,0.251, 0.134, 0.127,862,3
P60484,0.223, 0.115, 0.233,403,2
P01034,0.144, 0.224, 0.951,146,1
P63000,0.062, 0.078, 1.000,192,1
P00734,0.166, 0.339, 0.410,622,5
P31749,0.167, 0.355, 0.401,480,4
P09237,0.161, 0.120, 0.720,267,2
G5EFZ1,0.039, 0.043, 0.282,539,1
Q8IW75,0.111, 0.144, 0.369,414,2
P36952,0.026, 0.038, 1.000,375,2
Q02297,0.705, 0.424, 0.126,640,3
Q9UMD9,0.912, 0.750, 0.276,1497,1
Q96MS0,0.487, 0.532, 0.129,1386,7
O60486,0.199, 0.649, 0.548,1568,11
Q3U4G3,0.212, 0.107, 0.387,392,1
P00740,0.249, 0.327, 0.538,461,4
P10619,0.057, 0.079, 0.772,480,2
P00488,0.040, 0.276, 0.550,732,4
Q06141,0.183, 0.077, 0.907,175,1
P0ADC1,0.114, 0.287, 0.544,193,1
P06149,0.026, 0.129, 1.000,571,2
O16299,0.427, 0.341, 0.110,594,2
Q95ZK7,0.596, 0.400, 0.139,969,3
O17087,0.712, 0.190, 0.067,1113,3
P46580,0.087, 0.168, 0.207,734,2
Q13316,0.969, 0.000, 0.229,513,0
P35052,0.254, 0.097, 0.402,558,3
Q9SZF7,0.242, 0.119, 0.099,531,2
P39286,0.209, 0.317, 0.493,350,3
P05055,0.031, 0.209, 0.226,711,2
P0AG67,0.480, 1.000, 0.958,557,5
P0A705,0.214, 0.690, 0.561,890,5
P0A8N3,0.032, 0.055, 0.625,505,1
P0A3B2,0.106, 0.394, 0.547,607,4
P0AFF6,0.038, 0.586, 0.842,495,3
P90947,0.171, 0.321, 0.415,927,5
P42573,0.314, 0.220, 0.064,503,3
P12996,0.107, 0.084, 0.701,346,1
P0A9H7,0.063, 0.137, 0.746,382,2
Q9A8N4,0.497, 0.562, 0.897,177,1
P07673,0.299, 0.164, 0.074,364,1
O62479,0.301, 0.308, 0.243,492,4
P0A9D4,0.051, 0.027, 1.000,273,2
Q9HCB6,0.278, 0.582, 0.496,807,8
P36955,0.115, 0.060, 0.252,418,1
O00214,0.094, 0.097, 0.532,317,2
P63090,0.316, 0.747, 0.547,168,2
P10824,0.029, 0.125, 1.000,354,1
Q5T1C6,0.229, 0.125, 0.271,240,2
P23677,0.399, 0.133, 0.120,461,1
P05546,0.258, 0.143, 0.132,499,2
P63144,0.175, 0.139, 0.543,401,1
P0ABJ3,0.539, 0.926, 0.718,204,1
Q5SHN5,0.069, 0.448, 0.899,691,3
Q92743,0.162, 0.385, 0.475,480,5
P9WJD9,0.450, 0.195, 0.140,460,2
Q56062,0.020, 0.052, 1.000,295,1
Q8ZKB0,0.220, 0.315, 0.532,350,3
B0Y813,0.066, 0.165, 1.000,240,1
O05574,0.527, 0.249, 0.465,110,1
Q15582,0.105, 0.050, 0.248,683,1
P27469,0.321, 0.614, 0.969,103,0
P53778,0.103, 0.215, 0.476,367,3
Q61585,0.233, 0.785, 0.957,103,0
O15391,0.680, 0.588, 0.225,372,1
P04554,0.980, 0.000, 0.660,102,0
P02400,0.419, 0.594, 0.391,110,1
Q7T2G3,0.783, 0.378, 0.163,623,2
P20849,0.732, 0.243, 0.541,921,1
Q14766,0.509, 0.984, 0.193,1721,15
P83110,0.152, 0.456, 0.724,453,4
P98066,0.227, 0.317, 0.159,277,1
Q8WVM7,0.245, 0.187, 0.057,1258,4
P20592,0.202, 0.561, 0.223,715,4
P0AB38,0.328, 0.392, 0.500,213,1
Q9UBT3,0.437, 0.183, 0.531,224,2
Q2UZM9,0.396, 0.297, 0.328,184,1
C9ZXG5,0.472, 0.268, 0.280,212,1
A0A2U8QNT7,0.852, 1.000, 0.315,257,1
J2EKT7,0.366, 0.634, 0.833,82,1
O60493,0.074, 0.313, 1.000,162,1
Q1HRL7,0.130, 0.108, 0.892,138,1
Q9H4L7,0.406, 0.676, 0.232,1026,6
P56211,0.518, 0.944, 0.828,112,0
P0A7G2,0.279, 0.875, 0.864,133,1
P51397,0.362, 1.000, 0.622,102,0
Q61937,0.459, 0.247, 0.403,292,2
Q61081,0.116, 0.337, 0.250,379,4
P49880,0.544, 0.314, 0.107,776,2
P40949,0.344, 0.307, 0.334,253,1
A0A0M4HM24,1.000, 0.000, 0.104,212,0
P10997,0.225, 0.870, 1.000,89,0
A1B602,0.019, 0.216, 1.000,104,1
Q7TMK9,0.380, 0.381, 0.155,623,4
P12464,0.508, 0.259, 0.807,173,1
A0A142G2L5,1.000, 0.000, 0.077,181,0
F1NGB1,0.244, 0.238, 0.152,455,2
P80303,0.155, 0.335, 0.445,420,2
Q7G7J6,0.399, 0.196, 0.193,625,4
P25024,0.231, 0.665, 0.567,350,2
P31327,0.048, 0.073, 0.354,1500,2
P40763,0.172, 0.179, 0.395,770,5
P72975,0.349, 0.980, 0.653,149,1
P0AC88,0.003, 0.043, 1.000,373,1
Q13153,0.369, 0.314, 0.154,545,2
Q8I295,0.382, 0.103, 0.207,535,1
P21109,0.222, 0.634, 0.811,355,2
P32131,0.022, 0.045, 1.000,457,1
P28327,0.063, 0.127, 0.317,561,1
P04968,0.039, 0.352, 0.897,514,3
Q9UPP1,0.569, 0.208, 0.070,1060,2
P0C066,0.098, 0.055, 0.143,359,1
Q13177,0.336, 0.325, 0.170,524,2
P56524,0.530, 0.299, 0.168,1084,3
P10902,0.032, 0.128, 0.875,540,2
P21675,0.564, 0.403, 0.236,1893,6
Q6P1X5,0.264, 0.721, 0.261,1199,8
P51513,0.562, 0.541, 0.249,507,3
Q9UBP0,0.333, 0.312, 0.297,616,3
O00189,0.157, 0.269, 0.548,453,3
P27635,0.005, 0.113, 1.000,214,1
Q29502,0.338, 0.320, 0.148,524,2
P0DMC7,0.084, 0.288, 0.667,216,2
Q15542,0.288, 0.333, 0.104,800,4
Q04195,0.598, 0.244, 0.094,904,3
Q9T0N8,0.070, 0.037, 0.300,534,2
E3T1W8,0.186, 0.132, 0.435,541,3
Q709Q5,0.079, 0.100, 0.316,519,2
Q8VZS8,0.118, 0.200, 0.347,221,2
P47442,0.586, 0.851, 0.159,601,4
Q81GI3,0.004, 0.055, 1.000,256,1
Q09535,0.132, 0.348, 0.962,424,4
O94258,0.010, 0.339, 1.000,978,3
Q81EJ6,0.157, 0.074, 0.885,273,1
F1QCV2,0.057, 0.092, 0.228,675,2
Q5GH54,0.147, 0.393, 0.401,373,3
P20351,0.071, 0.145, 0.338,379,1
P00392,0.058, 0.038, 0.207,561,2
P10674,0.067, 0.238, 0.612,652,2
P16243,0.110, 0.060, 0.082,636,1
P05661,0.386, 0.845, 0.819,1962,9
Q9VKJ9,0.370, 0.438, 0.354,816,5
P05031,0.069, 0.055, 0.319,510,1
Q9GZZ9,0.181, 0.182, 0.724,404,1
P43026,0.417, 0.459, 0.269,501,3
P0DSM4,0.040, 0.708, 1.000,25,0
P18075,0.315, 0.261, 0.302,431,3
Q04087,0.686, 0.376, 0.391,347,1
P63883,0.149, 0.127, 0.711,417,2
P22515,0.025, 0.121, 0.520,1024,3
P27361,0.121, 0.154, 0.347,379,2
P0AFC7,0.127, 0.333, 1.000,220,1
P0AFD1,0.060, 0.013, 1.000,166,1
P0AFD6,0.000, 0.150, 1.000,180,1
P0AFE0,0.158, 0.252, 1.000,184,2
P0AFC3,0.265, 0.435, 1.000,147,2
P33309,0.098, 0.400, 0.816,386,3
Q9ERC1,0.501, 0.632, 0.126,1912,10
P49753,0.142, 0.032, 0.099,483,1
P18827,0.829, 0.678, 0.416,310,1
P34741,0.761, 0.623, 0.582,201,1
O75056,0.894, 0.575, 0.411,442,1
Q9NP98,0.829, 0.865, 0.552,299,0
P49789,0.020, 0.077, 1.000,147,1
Q68J44,0.182, 0.116, 0.324,220,1
O95147,0.156, 0.036, 0.288,198,1
P05453,0.377, 0.279, 0.135,685,2
O94829,0.064, 0.150, 0.422,963,3
Q9UKK9,0.100, 0.061, 0.500,219,1
Q8K310,0.625, 0.944, 0.107,846,4
P35813,0.050, 0.049, 0.260,382,2
Q9JYY3,0.179, 0.294, 0.704,414,5
Q9JZ38,0.044, 0.129, 1.000,204,1
P55127,0.263, 0.385, 0.259,1829,7
Q9JWM8,0.126, 0.395, 0.270,522,3
A1KVD0,0.097, 0.014, 1.000,155,1
M4GGR4,0.115, 0.191, 0.609,355,3
P0A0V3,0.219, 0.228, 0.566,242,2
Q6VRY4,0.070, 0.112, 0.171,260,1
Q9JZG1,0.096, 0.278, 0.542,517,3
Q96C86,0.113, 0.127, 0.080,337,2
P47897,0.071, 0.164, 0.451,775,2
B2RLE7,0.326, 0.463, 0.258,359,1
P38238,0.132, 0.364, 0.879,310,1
P50579,0.224, 0.008, 0.112,478,1
P53254,0.142, 0.157, 0.345,1237,8
P25368,0.239, 0.514, 0.845,297,4
P02994,0.024, 0.325, 1.000,458,2
Q6VRZ6,0.055, 0.091, 1.000,255,1
Q9JYK4,0.302, 0.333, 0.219,737,3
Q9JXV4,0.117, 0.075, 0.094,274,1
Q9JXP1,0.063, 0.005, 0.127,616,1
Q93EK7,0.090, 0.038, 0.500,311,1
Q9JZ55,0.000, 0.036, 1.000,280,1
P0CE18,0.000, 0.208, 1.000,264,2
Q9K169,0.009, 0.028, 1.000,351,1
A6YID9,0.272, 0.212, 0.485,136,1
H2L2M0,0.282, 0.047, 0.514,117,1
O76744,0.055, 0.077, 0.091,424,1
Q9JZN9,0.104, 0.148, 0.250,758,2
J9ULM6,0.095, 0.011, 0.253,210,1
P46434,0.145, 0.020, 0.207,235,1
Q7DDR9,0.052, 0.055, 1.000,191,1
A0A1Y0DDB3,0.013, 0.007, 1.000,151,1
Q9JZ10,0.400, 0.770, 0.430,145,1
Q7BMQ8,0.154, 0.012, 0.318,287,1
Q9NZD4,0.098, 0.120, 1.000,102,1
Q12051,0.078, 0.197, 0.962,335,1
P04807,0.006, 0.072, 1.000,486,1
Q12962,0.582, 0.220, 0.418,218,1
Q6ZMT4,0.509, 0.075, 0.067,941,1
Q5NCY0,0.643, 0.202, 0.081,1641,4
O15054,0.641, 0.192, 0.076,1643,4
O15550,0.381, 0.260, 0.081,1401,6
P52732,0.294, 0.756, 0.510,1056,9
P07197,0.638, 0.269, 0.116,916,2
P0A9J4,0.036, 0.031, 1.000,303,1
P49954,0.021, 0.066, 1.000,291,1
P36421,0.132, 0.131, 0.273,394,2
P81605,0.545, 1.000, 0.617,110,0
Q8NC51,0.853, 1.000, 0.454,408,0
Q9AXT8,0.242, 0.110, 0.099,912,3
B4FUM2,0.195, 0.024, 0.015,369,1
Q6L4L4,0.556, 0.324, 0.099,875,4
D3TI84,0.183, 0.550, 0.519,933,6
Q9Y4D1,0.224, 0.412, 0.362,1078,6
Q76KU6,0.345, 0.307, 0.133,608,3
Q9M2T2,0.206, 0.565, 0.500,156,1
Q9SL42,0.034, 0.339, 1.000,119,1
Q9UQ80,0.099, 0.017, 0.566,394,1
Q01484,0.576, 0.455, 0.219,555,3
Q9MBH1,0.084, 0.152, 1.000,165,1
Q9LTJ1,0.569, 0.629, 0.438,225,2
Q1ECR9,0.439, 0.761, 1.000,82,0
P63104,0.053, 0.064, 1.000,245,1
Q9SSK9,0.084, 0.069, 0.214,335,2
Q9SN73,0.471, 0.181, 0.423,136,1
Q9SSA5,0.254, 0.141, 0.126,437,1
Q14318,0.313, 0.064, 0.396,412,1
Q9BY41,0.034, 0.044, 1.000,377,1
P0AB71,0.070, 0.051, 0.914,359,2
P0A9I5,0.172, 0.444, 1.000,87,1
P33734,0.040, 0.042, 0.275,552,2
Q12983,0.619, 0.743, 0.459,194,1
Q4LE39,0.677, 0.393, 0.095,1312,5
P56962,0.537, 0.171, 0.395,302,2
Q8TDY2,0.274, 0.696, 0.277,1594,13
O95197,0.791, 0.633, 0.073,1032,1
Q9S7A9,0.529, 0.329, 0.794,174,1
F4K4L7,0.717, 0.519, 0.144,852,3
D0NBE6,0.305, 0.121, 0.259,381,3
P35193,0.757, 0.663, 0.172,415,1
P49023,0.514, 0.311, 0.187,591,2
P55285,0.247, 0.377, 0.271,790,3
Q13043,0.318, 0.283, 0.252,487,3
Q13137,0.251, 0.275, 0.287,446,4
P40458,0.705, 0.532, 0.262,529,1
P38428,0.360, 0.316, 0.561,203,2
Q5ZUV9,0.239, 0.137, 0.368,502,1
O00410,0.038, 0.161, 0.974,1097,3
Q6DD88,0.101, 0.335, 0.455,541,3
P07250,0.233, 0.184, 0.240,355,3
P30518,0.294, 0.542, 0.367,371,4
Q92847,0.219, 0.350, 0.525,366,2
P07550,0.301, 0.149, 0.299,413,2
P01732,0.332, 0.293, 0.563,235,1
Q8IY63,0.634, 0.286, 0.117,956,5
P70365,0.793, 0.573, 0.092,1447,3
Q07820,0.572, 0.333, 0.180,350,1
Q8IEU1,0.375, 0.734, 0.419,229,1
Q9H9R9,0.696, 0.895, 0.591,158,0
Q9HBA0,0.333, 0.670, 0.237,871,6
A0A1D5PXA5,0.306, 0.673, 0.235,852,5
Q8N660,0.802, 0.429, 0.064,670,1
A0A1B0GTR3,0.491, 0.963, 0.849,108,0
O05312,0.293, 0.283, 1.000,75,1
Q13480,0.815, 0.587, 0.213,694,2
O96018,0.463, 0.741, 0.166,575,3
Q8NEB9,0.152, 0.390, 0.487,887,4
Q9BXW4,0.225, 0.491, 0.484,147,1
Q99623,0.164, 0.360, 0.878,299,2
Q9H0E2,0.233, 0.477, 0.391,274,2
Q12142,0.513, 0.730, 0.111,997,3
Q02948,0.454, 0.401, 0.399,557,3
P22219,0.247, 0.724, 0.470,1454,7
P22543,0.190, 0.622, 0.395,875,3
Q05919,0.399, 0.757, 0.714,439,5
O15392,0.028, 0.065, 1.000,142,1
Q9W1M7,0.225, 0.483, 0.498,949,5
P01089,0.306, 0.720, 0.520,258,2
P23110,0.418, 0.671, 0.610,141,1
A0A396GSL0,0.294, 0.729, 1.000,68,1
P40939,0.047, 0.085, 0.021,763,2
A7KHA7,0.639, 1.000, 0.847,61,0
Q6CSX2,0.424, 0.630, 0.193,831,4
Q8IYT8,0.592, 0.311, 0.106,1036,4
Q13627,0.507, 0.126, 0.069,763,2
Q9UHK0,0.723, 0.855, 0.203,495,3
Q8NER1,0.311, 0.597, 0.186,839,4
Q9Y5S1,0.221, 0.580, 0.403,764,4
Q8NET8,0.272, 0.478, 0.353,790,3
Q9ET78,0.534, 0.292, 0.105,696,3
P24588,0.827, 0.676, 0.337,427,1
Q9C6B8,0.427, 0.579, 0.094,622,2
Q96QZ7,0.554, 0.509, 0.106,1491,9
Q9VVJ7,0.247, 0.373, 0.842,178,2
P75862,0.073, 0.084, 1.000,180,1
Q92871,0.046, 0.120, 1.000,262,1
Q9XZT6,0.128, 0.156, 0.469,250,1
A0A090N8E9,0.345, 0.460, 0.339,751,5
P36888,0.289, 0.585, 0.460,993,8
Q96ST2,0.767, 0.451, 0.173,819,1
P25454,0.223, 0.062, 0.148,400,2
P26332,0.168, 0.119, 0.214,476,1
Q9GU80,0.244, 0.652, 0.590,499,4
A4HN55,0.024, 0.117, 1.000,254,1
A0A109NYM0,0.259, 0.184, 0.263,235,2
A4IDD0,0.091, 0.158, 0.297,264,1
A4HV47,0.191, 0.022, 0.204,283,1
A4IDD6,0.328, 0.162, 0.293,302,1
A4HSQ5,0.126, 0.032, 0.452,247,1
A4IBS2,0.063, 0.117, 0.873,254,1
Q8WQM6,0.576, 0.316, 0.391,262,1
D0AB09,0.023, 0.022, 1.000,421,1
A0A504X6A3,0.187, 0.048, 0.075,283,1
A0A3S7WPD8,0.130, 0.056, 0.500,247,1
A0A504Y5E1,0.007, 0.056, 1.000,285,1
Q9TXA6,0.156, 0.168, 0.821,141,1
O44012,0.004, 0.048, 1.000,249,2
A4IDS4,0.163, 0.136, 0.301,246,1
D1M863,0.172, 0.258, 0.401,145,1
Q6QDB5,0.048, 0.099, 1.000,288,2
B5TV91,0.165, 0.094, 0.188,292,2
Q4Q5S8,0.031, 0.091, 1.000,421,1
Q4QCD2,0.289, 0.195, 0.038,747,2
A0A175WC91,0.058, 0.114, 1.000,243,2
Q26502,0.101, 0.202, 0.416,406,2
G4VQX9,0.010, 0.057, 1.000,480,2
Q6WVP6,0.148, 0.042, 0.331,364,2
Q4QDS0,0.123, 0.161, 0.358,731,3
Q711P7,0.043, 0.170, 0.419,652,2
Q9U5N6,0.049, 0.045, 0.776,371,1
P42861,0.002, 0.030, 1.000,605,1
O97193,0.085, 0.159, 0.671,351,2
Q24459,0.672, 0.726, 0.138,1043,4
Q9VVI2,0.481, 0.343, 0.247,680,3
Q15858,0.369, 0.715, 0.317,1988,8
Q3U8S1,0.515, 0.140, 0.214,365,1
A8K2U0,0.162, 0.677, 0.549,1454,13
P0AFI0,0.013, 0.025, 1.000,564,1
Q00266,0.036, 0.005, 1.000,395,1
P33371,0.019, 0.036, 1.000,315,1
P0A6B7,0.030, 0.069, 1.000,404,2
Q9BU02,0.169, 0.183, 0.692,230,3
P32449,0.038, 0.068, 1.000,370,1
Q99986,0.195, 0.078, 0.118,396,2
P42658,0.145, 0.130, 0.186,865,4
P26196,0.163, 0.131, 0.049,483,2
Q9UL18,0.052, 0.168, 0.231,857,2
P78563,0.319, 0.228, 0.154,741,3
P55011,0.306, 0.446, 0.147,1212,3
A0A0G2KTI4,0.247, 0.402, 0.146,1136,4
P15056,0.447, 0.467, 0.136,766,5
Q91V14,0.229, 0.446, 0.275,1138,5
Q9U4H7,0.023, 0.169, 1.000,133,1
Q00534,0.163, 0.253, 0.472,326,2
Q9Y5P4,0.303, 0.347, 0.300,624,5
Q16740,0.286, 0.136, 0.367,277,1
Q9H9E3,0.122, 0.433, 0.467,785,3
A4D126,0.122, 0.170, 0.221,451,1
P14868,0.068, 0.060, 0.441,501,2
Q6PI48,0.096, 0.139, 0.240,645,2
P49366,0.068, 0.041, 0.676,369,1
O00548,0.304, 0.453, 0.240,723,5
Q92785,0.466, 0.431, 0.391,391,1
P07814,0.138, 0.400, 0.232,1512,10
P37268,0.156, 0.130, 0.801,417,1
Q9BYC5,0.075, 0.165, 0.787,575,1
P07902,0.103, 0.106, 0.718,379,1
O94925,0.252, 0.114, 0.099,669,2
Q9NQX3,0.197, 0.107, 0.122,736,2
P00492,0.059, 0.093, 1.000,218,2
E9AD06,0.480, 0.654, 0.265,150,1
P14678,0.613, 0.302, 0.768,240,1
P0ABK7,0.285, 0.259, 0.256,151,1
P28307,0.238, 0.182, 0.193,151,1
Q99714,0.012, 0.034, 1.000,261,1
P35475,0.060, 0.027, 0.383,653,1
P05019,0.672, 1.000, 0.595,195,0
Q2M1P5,0.384, 0.719, 0.268,1343,11
P01116,0.074, 0.160, 1.000,189,1
P36776,0.241, 0.572, 0.295,959,4
P21397,0.023, 0.008, 1.000,527,1
O43318,0.414, 0.316, 0.135,606,4
P28482,0.086, 0.149, 0.512,360,2
O95822,0.087, 0.134, 0.276,493,2
Q8IVH4,0.271, 0.219, 0.310,418,3
Q9Y4U1,0.184, 0.096, 0.152,282,1
Q9H3L0,0.332, 0.297, 0.500,296,1
P22033,0.052, 0.098, 0.173,750,1
A0A6L0XH39,0.239, 0.201, 0.192,373,2
O77299,0.874, 0.000, 0.757,80,0
O75970,0.424, 0.769, 0.108,2070,14
P42898,0.108, 0.150, 0.352,656,2
P42345,0.178, 0.870, 0.449,2549,16
Q9UBK8,0.160, 0.161, 0.331,698,5
O43776,0.006, 0.187, 1.000,548,1
Q15233,0.353, 0.160, 0.224,471,2
E9AE57,0.056, 0.013, 0.750,568,2
O15118,0.094, 0.498, 0.628,1278,6
P01111,0.079, 0.126, 1.000,189,1
O96028,0.446, 0.493, 0.119,1365,5
P49902,0.134, 0.128, 0.731,561,2
Q4Q159,0.006, 0.024, 1.000,333,1
Q01782,0.062, 0.048, 0.839,288,2
P61956,0.221, 0.216, 0.760,95,1
Q16625,0.527, 0.385, 0.302,522,3
Q01968,0.198, 0.262, 0.359,901,6
O15294,0.043, 0.066, 0.256,1046,3
P00439,0.082, 0.320, 0.488,452,1
O75151,0.595, 0.190, 0.091,1096,3
Q13635,0.304, 0.386, 0.109,1447,4
Q9UII6,0.112, 0.108, 0.455,198,1
P80041,0.008, 0.045, 1.000,486,1
A0A2V2WGW5,0.453, 0.313, 0.726,170,1
P16641,0.054, 0.068, 0.574,746,3
A0A504XZ90,0.425, 0.688, 0.398,301,1
Q869A5,0.079, 0.142, 1.000,176,1
Q8TDP1,0.189, 0.187, 0.354,164,2
P84243,0.272, 0.060, 0.945,136,1
P36156,0.046, 0.053, 0.652,370,2
Q8WQX9,0.241, 0.684, 0.544,930,7
Q86C09,0.027, 0.053, 1.000,367,2
P77526,0.037, 0.015, 1.000,215,1
P0AFW0,0.240, 0.480, 0.333,162,2
G0SCF1,0.415, 0.791, 0.364,707,5
P22108,0.068, 0.116, 0.588,325,2
Q3E7B7,0.162, 0.597, 1.000,68,1
Q14011,0.593, 1.000, 0.236,172,1
O15151,0.655, 0.220, 0.177,490,3
D8SB57,0.454, 0.216, 0.945,119,1
A5Y0M2,1.000, 0.000, 0.159,270,3
Q13586,0.439, 0.611, 0.219,685,2
Q9R825,0.153, 0.481, 0.739,150,1
P78352,0.254, 0.311, 0.217,724,5
Q4Q5U3,0.124, 0.342, 0.694,687,1
P81274,0.494, 0.107, 0.172,684,2
W1J0W9,0.128, 0.416, 0.734,1084,5
Q7RTN6,0.260, 0.141, 0.162,431,2
Q9U1W1,0.749, 0.211, 0.481,486,1
Q811T9,0.530, 0.427, 0.138,852,5
Q9NRI5,0.527, 0.440, 0.106,854,5
Q9TU17,0.562, 0.370, 0.246,413,2
P55917,0.566, 0.325, 0.136,440,2
P28234,0.460, 0.448, 0.335,356,2
Q03190,0.348, 0.475, 0.405,333,2
B0JEU3,0.279, 0.212, 0.416,569,5
Q8S4P9,0.118, 0.164, 0.356,448,3
Q20010,0.695, 0.407, 0.256,404,2
P34413,0.035, 0.237, 0.200,683,2
A7M6E7,0.088, 0.059, 0.261,754,3
P19525,0.287, 0.369, 0.265,551,4
Q16620,0.262, 0.401, 0.279,822,4
Q9Y6K1,0.361, 0.223, 0.114,912,4
P0A8J8,0.102, 0.219, 0.578,421,2
Q8WQM8,0.243, 0.115, 0.070,230,1
Q02020,0.154, 0.184, 0.156,463,1
O93568,0.274, 0.092, 0.664,435,2
Q13224,0.529, 0.621, 0.166,1484,8
P43034,0.073, 0.279, 0.767,410,4
P33897,0.196, 0.486, 0.459,745,4
O14678,0.086, 0.363, 0.267,606,3
P60709,0.026, 0.046, 1.000,375,2
O96019,0.082, 0.056, 0.488,429,3
Q9Y653,0.247, 0.645, 0.579,693,7
P55263,0.053, 0.079, 0.113,362,1
Q9NX46,0.047, 0.023, 0.128,363,1
P30566,0.016, 0.042, 1.000,484,1
O95831,0.220, 0.031, 0.445,613,2
P47895,0.037, 0.034, 0.162,512,1
P30038,0.037, 0.015, 0.135,563,1
P49419,0.056, 0.006, 0.036,539,1
Q96BT7,0.209, 0.349, 0.344,664,5
Q01433,0.240, 0.238, 0.342,825,2
Q9H1A4,0.250, 0.559, 0.360,1944,14
Q9NW15,0.094, 0.395, 0.553,660,4
Q10567,0.169, 0.330, 0.231,949,5
Q62768,0.333, 0.531, 0.270,1735,8
P33891,0.096, 0.306, 0.583,701,4
P53847,0.228, 0.443, 0.254,754,3
P14867,0.241, 0.141, 0.320,456,2
P28472,0.263, 0.160, 0.259,473,1
P18507,0.314, 0.141, 0.175,475,1
P19658,0.064, 0.338, 0.750,623,5
F2SDI0,0.846, 1.000, 0.174,815,1
Q7Y1A0,0.886, 1.000, 0.521,210,0
Q9Z4N3,0.546, 1.000, 0.692,143,2
Q922S8,0.271, 0.433, 0.203,721,4
Q86WX3,0.368, 0.883, 0.720,136,0
Q2YLR6,0.435, 0.170, 0.857,177,1
Q92597,0.309, 0.165, 0.188,394,2
Q9UN86,0.564, 0.367, 0.202,482,3
P0A7I7,0.010, 0.175, 1.000,196,1
Q12395,0.093, 0.176, 0.237,269,2
P42641,0.259, 0.609, 0.514,390,2
P40484,0.427, 0.322, 0.119,314,1
C0IR59,0.414, 0.287, 0.283,606,5
A0A3Q7EK40,0.296, 0.615, 0.564,932,5
O25119,0.134, 0.633, 0.567,343,3
Q8IL97,0.180, 0.152, 0.639,200,1
Q9U7C3,0.559, 0.190, 0.254,655,4
Q71RI2,0.553, 0.031, 0.058,499,1
Q9RV58,1.000, 0.000, 0.289,298,0
G5EFU3,0.998, 0.000, 0.020,733,0
Q8S8Z3,0.982, 0.000, 0.203,226,0
O64820,0.685, 1.000, 0.651,92,0
Q94K79,0.747, 1.000, 0.613,83,0
O23658,0.592, 1.000, 0.809,71,0
Q02973,0.033, 0.303, 1.000,92,1
Q9LL46,0.634, 1.000, 0.770,82,0
Q9ZPQ7,1.000, 0.000, 0.169,189,0
Q9SIN3,0.953, 0.872, 0.195,635,0
Q6UNL8,1.000, 0.000, 0.000,554,0
Q9LW12,0.618, 0.895, 0.468,225,0
Q9T0H6,0.569, 1.000, 0.919,109,0
A0A7G5VWW1,0.856, 1.000, 0.416,222,0
Q6BDI9,0.225, 0.399, 0.378,236,2
P10949,0.224, 0.227, 0.214,227,1
P63040,0.507, 0.667, 0.838,134,1
P53228,0.033, 0.009, 1.000,333,1
P37837,0.045, 0.006, 1.000,337,1
Q9CA59,0.309, 0.169, 0.696,256,1
Q94A79,0.207, 0.216, 0.266,420,3
P41743,0.197, 0.426, 0.325,596,4
Q6ZT98,0.346, 0.479, 0.197,887,6
O15431,0.500, 0.568, 0.632,190,2
Q8RN04,0.013, 0.128, 1.000,398,2
Q6FML9,0.125, 0.234, 0.872,312,4
E9ADE1,0.229, 0.224, 0.406,214,2
Q06069,0.015, 0.230, 1.000,410,2
Q4QF76,0.005, 0.010, 1.000,199,1
Q9TZX2,0.048, 0.062, 1.000,188,1
O77103,0.056, 0.028, 1.000,235,2
O00834,0.237, 0.250, 0.316,456,2
P50489,0.331, 0.334, 0.296,622,4
Q7KQK5,0.330, 0.314, 0.273,622,4
P62368,0.342, 0.202, 0.342,240,1
Q9U1D9,0.144, 0.019, 0.667,125,1
Q86MV5,0.099, 0.020, 0.273,487,1
Q257B3,0.258, 0.211, 0.314,345,3
Q8IJ45,0.594, 0.190, 0.210,762,2
Q57WT9,0.046, 0.078, 0.935,351,2
Q2WF71,0.422, 0.298, 0.199,766,3
Q96NI6,0.357, 0.251, 0.190,719,1
Q8BPQ7,0.416, 0.396, 0.154,1093,6
Q9R0M6,0.110, 0.095, 0.909,201,1
Q8BXA0,0.354, 0.252, 0.172,719,3
Q8LGG8,0.143, 0.273, 0.797,175,3
P29617,0.816, 0.596, 0.089,1703,4
Q9Y4B6,0.297, 0.361, 0.168,1507,8
P07275,0.033, 0.038, 0.485,575,1
P38319,0.206, 0.074, 0.277,544,2
P0A8P8,0.117, 0.323, 0.573,298,2
Q9H078,0.348, 0.603, 0.264,707,3
P19632,0.253, 0.268, 0.565,245,1
Q96F81,0.447, 0.470, 0.130,1524,6
Q12402,0.039, 0.561, 1.000,180,1
P63103,0.057, 0.056, 1.000,245,1
Q9Y6X9,0.277, 0.290, 0.152,1032,5
Q9Y2M5,0.092, 0.177, 0.283,609,2
P35790,0.241, 0.090, 0.137,457,2
Q9UQ13,0.155, 0.020, 0.090,582,2
Q9ULK4,0.084, 0.384, 0.655,1368,4
Q9UIW2,0.118, 0.428, 0.525,1896,9
Q9NXG6,0.239, 0.275, 0.218,502,3
Q9BPU6,0.117, 0.040, 0.316,564,1
P37093,0.134, 0.241, 0.433,503,4
P54577,0.070, 0.157, 0.571,528,3
P07206,0.035, 0.053, 0.029,1090,1
P0AGD7,0.222, 0.543, 0.883,453,2
P26949,0.091, 0.447, 0.912,833,4
P26926,0.182, 0.185, 0.445,258,2
P02710,0.143, 0.301, 0.483,461,3
P30531,0.115, 0.136, 0.217,599,1
P35219,0.089, 0.068, 0.034,290,1
P49758,0.146, 0.069, 0.233,472,2
A0A0B4JDC9,0.706, 0.507, 0.086,1844,6
P46097,0.258, 0.259, 0.256,422,2
P49802,0.179, 0.077, 0.190,495,2
O00584,0.218, 0.110, 0.679,256,1
Q9H0W8,0.425, 0.351, 0.141,520,3
P17993,0.116, 0.222, 0.750,240,2
P0AC51,0.064, 0.187, 1.000,171,1
Q9NRA2,0.152, 0.326, 0.441,495,3
O43747,0.147, 0.223, 0.075,822,3
O95470,0.066, 0.204, 0.606,568,2
Q15326,0.201, 0.175, 0.209,602,4
P0A8W0,0.125, 0.231, 0.456,263,1
Q96C36,0.146, 0.026, 0.425,320,1
Q3SYG4,0.127, 0.292, 0.307,887,5
Q8NFJ9,0.069, 0.203, 0.420,593,3
A0A0C4DGY3,0.062, 0.268, 0.516,505,2
Q96RK4,0.246, 0.235, 0.171,519,1
A8MTZ0,0.305, 0.203, 0.928,92,1
Q8N3I7,0.135, 0.156, 0.719,341,3
O43665,0.276, 0.191, 0.620,181,1
O14775,0.033, 0.142, 1.000,395,3
Q5T848,0.591, 0.657, 0.186,1215,7
P93343,0.069, 0.067, 0.275,260,1
Q5HYA8,0.119, 0.486, 0.723,995,5
C1JEX5,0.561, 0.838, 0.198,855,6
P06702,0.036, 0.091, 1.000,114,1
P95493,0.088, 0.145, 0.398,736,3
W1QJK4,0.246, 0.409, 0.650,175,1
P15126,0.003, 0.017, 1.000,296,1
P32911,0.195, 0.334, 0.713,108,1
Q5TDH0,0.228, 0.444, 0.320,399,3
Q9NZC2,0.387, 0.191, 0.439,230,1
P02649,0.262, 0.568, 0.385,317,3
Q92800,0.324, 0.436, 0.352,747,6
P19597,0.688, 0.952, 0.253,397,2
O14497,0.760, 0.338, 0.028,2285,6
Q8R4E9,0.364, 0.421, 0.236,557,3
Q96E09,0.826, 0.600, 0.662,287,0
Q09312,0.356, 0.022, 0.045,632,1
P21707,0.224, 0.287, 0.330,421,2
P21579,0.228, 0.276, 0.333,422,2
P08453,0.755, 0.873, 0.130,327,1
P51788,0.333, 0.457, 0.255,898,5
O49255,0.474, 0.192, 0.245,268,1
Q9C932,0.536, 0.285, 0.200,317,1
Q6NQK2,0.568, 0.366, 0.236,449,1
Q9XIN7,0.453, 0.372, 0.289,335,1
P28749,0.372, 0.407, 0.296,1068,3
Q96B97,0.640, 0.156, 0.211,665,4
O00418,0.365, 0.281, 0.186,725,3
Q9BX66,0.814, 0.446, 0.086,1292,4
A0A0H2ZJC1,0.524, 0.601, 0.510,105,0
Q0B311,0.371, 0.939, 0.402,315,2
B7UM99,0.726, 0.828, 0.073,550,2
O94885,0.719, 0.402, 0.110,1247,6
E7CC86,0.090, 0.192, 1.000,166,1
P56536,0.176, 0.635, 0.364,955,10
Q8N6T7,0.175, 0.047, 0.194,355,1
O00499,0.462, 0.335, 0.110,593,3
P34174,0.109, 0.171, 0.835,164,1
Q61474,0.561, 0.302, 0.173,362,2
Q9BUR4,0.383, 0.136, 0.157,548,2
Q12211,0.199, 0.149, 0.251,544,1
Q08647,0.142, 0.317, 0.289,676,4
P9WHP7,0.080, 0.051, 0.875,298,2
P05114,0.900, 0.000, 1.000,100,0
O14746,0.206, 0.266, 0.189,1132,9
P30519,0.310, 0.041, 0.213,316,1
O60232,0.367, 0.270, 0.561,199,2
Q99453,0.774, 0.239, 0.457,314,1
Q9ZHD1,0.198, 0.026, 0.263,96,1
C1LGM4,0.050, 0.174, 0.260,546,2
C7G3K3,0.450, 0.933, 1.000,80,1
O25506,0.000, 0.064, 1.000,94,2
P49748,0.113, 0.052, 0.106,655,2
P29372,0.309, 0.072, 0.359,298,2
Q99P72,0.906, 0.968, 0.093,1162,3
P69019,0.555, 1.000, 0.850,72,0
P12969,0.559, 1.000, 0.980,93,0
Q4WE50,0.404, 0.839, 0.554,272,2
Q12285,0.231, 0.564, 0.407,212,2
P35187,0.543, 0.648, 0.134,1447,4
Q9C7W1,1.000, 0.000, 0.438,178,0
A0A078IB52,1.000, 0.000, 0.580,150,0
Q9LYG9,0.342, 0.594, 0.351,734,5
P0A567,0.070, 0.495, 1.000,100,1
P9WNK7,0.127, 0.301, 1.000,95,1
Q9FN03,0.153, 0.024, 0.196,440,1
Q9BZV1,0.247, 0.910, 0.660,441,3
P40399,0.018, 0.340, 1.000,335,2
Q9JK62,0.449, 0.357, 0.241,502,1
P0CAV4,0.063, 0.448, 1.000,255,2
Q2KHT3,0.369, 0.311, 0.130,1053,6
Q9V9N4,0.656, 0.820, 0.098,561,2
O95433,0.225, 0.347, 0.462,338,2
Q9H4H8,0.547, 0.291, 0.177,585,2
Q8GJM6,0.993, 0.000, 0.252,152,1
Q93K76,0.275, 0.139, 0.633,109,1
P40727,0.058, 0.559, 0.500,383,3
O67813,0.037, 0.427, 1.000,350,2
P9WFG9,0.084, 0.111, 0.155,226,1
P43769,0.266, 0.666, 0.838,139,1
P23023,0.769, 0.221, 0.202,549,2
Q3U0P1,0.682, 0.365, 0.091,1104,4
P9WMI9,0.212, 0.753, 0.561,118,1
O88574,0.459, 0.799, 0.237,220,2
Q03390,0.332, 0.392, 0.407,229,1
Q06263,0.397, 0.252, 0.154,330,3
Q8N5K1,0.022, 0.326, 1.000,135,1
P53355,0.168, 0.417, 0.423,1430,8
Q8GXC2,0.740, 0.116, 0.303,397,2
P45973,0.377, 0.353, 0.528,191,2
A0A0H2UWN8,0.000, 0.067, 1.000,60,1
P40205,0.963, 0.000, 0.343,109,0
Q4KL64,0.559, 0.927, 0.549,218,1
P07196,0.409, 0.245, 0.257,543,4
P02647,0.364, 0.965, 0.824,267,0
Q13613,0.198, 0.111, 0.167,665,2
Q9UJY1,0.597, 0.077, 0.513,196,1
