O06917,0.025, 0.099, 1.000,320,2
O06918,0.285, 0.099, 0.667,84,1
O53113,0.412, 0.503, 0.223,703,5
P0CL56,0.132, 0.392, 1.000,53,0
P0CW37,0.109, 0.895, 1.000,64,1
P0CW38,0.088, 0.154, 1.000,57,1
P0CW39,0.925, 0.000, 0.586,107,0
P0CW76,0.066, 0.052, 1.000,61,1
P43409,0.005, 0.110, 1.000,192,1
P54009,0.057, 0.049, 1.000,87,1
P54010,0.014, 0.188, 1.000,146,1
P54011,0.033, 0.441, 1.000,61,1
P54012,0.007, 0.283, 1.000,153,1
P54013,0.020, 0.177, 1.000,98,1
P54014,0.021, 0.137, 1.000,335,1
P54015,0.000, 0.095, 1.000,252,2
P54016,0.000, 0.035, 1.000,86,1
P54017,0.000, 0.070, 1.000,242,1
P54018,0.145, 0.223, 0.772,152,1
P54019,0.047, 0.112, 1.000,150,1
P54020,0.011, 0.195, 1.000,187,1
P54021,0.078, 0.051, 1.000,129,1
P54022,0.033, 0.316, 1.000,121,1
P54023,0.000, 0.299, 1.000,137,1
P54024,0.007, 0.067, 1.000,136,1
P54025,0.184, 0.259, 1.000,38,1
P54026,0.016, 0.328, 1.000,62,1
P54027,0.011, 0.301, 1.000,94,1
P54028,0.064, 0.379, 1.000,62,1
P54029,0.010, 0.280, 1.000,101,1
P54030,0.093, 0.953, 1.000,161,1
P54031,0.217, 1.000, 1.000,60,1
P54032,0.129, 0.784, 1.000,101,1
P54033,0.032, 0.073, 1.000,156,1
P54034,0.057, 0.204, 1.000,208,1
P54035,0.043, 0.328, 1.000,70,1
P54036,0.060, 0.264, 1.000,117,1
P54037,0.008, 0.053, 1.000,132,1
P54038,0.042, 0.165, 1.000,120,1
P54039,0.037, 0.144, 1.000,244,2
P54040,0.053, 0.167, 1.000,190,1
P54041,0.008, 0.031, 1.000,130,1
P54042,0.000, 0.253, 1.000,182,1
P54043,0.026, 0.054, 1.000,151,1
P54044,0.000, 0.021, 1.000,195,1
P54045,0.019, 0.315, 1.000,217,1
P54046,0.000, 0.234, 1.000,154,1
P54047,0.014, 0.390, 1.000,143,1
P54048,0.206, 0.370, 0.762,102,1
P54049,0.168, 0.790, 0.333,338,3
P54050,0.028, 0.094, 1.000,219,1
P54051,0.022, 0.066, 1.000,92,1
P54052,0.039, 0.753, 1.000,76,1
P54053,0.000, 0.056, 1.000,89,1
P54054,0.137, 1.000, 1.000,80,1
P54055,0.031, 0.112, 1.000,129,1
P54056,0.039, 0.061, 1.000,51,1
P54057,0.007, 0.218, 1.000,148,1
P54058,0.085, 0.930, 1.000,47,1
P54059,0.162, 0.215, 0.333,222,1
P54060,0.005, 0.015, 1.000,194,1
P54061,0.072, 0.069, 1.000,110,1
P54062,0.014, 0.102, 1.000,148,1
P54063,0.020, 0.123, 1.000,191,1
P54064,0.014, 0.261, 1.000,70,1
P54065,0.200, 0.616, 1.000,75,1
P54066,0.009, 0.043, 1.000,117,1
P54067,0.122, 0.617, 1.000,131,1
P54109,0.113, 0.107, 0.159,222,1
P54110,0.000, 0.453, 1.000,53,1
P58018,0.011, 0.076, 1.000,362,1
P58415,0.012, 0.012, 1.000,169,1
P58416,0.011, 0.049, 1.000,188,1
P59283,0.087, 1.000, 1.000,46,1
P60460,0.321, 0.555, 0.941,53,0
P81227,0.225, 0.090, 0.347,129,1
P81230,0.205, 0.940, 1.000,166,1
P81231,1.000, 0.000, 0.254,189,0
P81232,0.221, 1.000, 0.787,172,3
P81233,0.235, 0.901, 1.000,170,2
P81234,0.575, 1.000, 0.835,148,1
P81235,0.878, 1.000, 0.530,155,0
P81248,0.000, 0.036, 1.000,112,1
P81291,0.000, 0.012, 1.000,424,1
P81292,0.000, 0.080, 1.000,163,2
P81293,0.108, 0.267, 0.769,408,5
P81301,0.820, 1.000, 0.685,89,0
P81302,1.000, 0.000, 0.229,105,0
P81303,0.050, 0.123, 1.000,60,1
P81304,0.736, 0.883, 0.620,193,1
P81305,0.533, 1.000, 0.876,122,1
P81306,0.659, 0.868, 0.334,132,1
P81307,0.153, 0.149, 0.033,183,1
P81308,0.071, 0.773, 1.000,57,1
P81309,0.024, 0.163, 1.000,82,1
P81310,0.107, 0.120, 0.570,197,1
P81311,0.245, 0.987, 0.882,102,1
P81312,0.148, 0.101, 1.000,81,1
P81313,0.926, 0.000, 0.920,162,3
P81314,0.073, 0.331, 1.000,137,1
P81315,0.238, 0.373, 0.731,109,2
P81316,0.291, 0.949, 0.969,110,1
P81317,0.232, 1.000, 0.884,73,1
P81318,0.051, 0.291, 1.000,254,2
P81319,0.659, 0.689, 0.229,179,1
P81320,0.699, 1.000, 0.569,123,0
P81321,0.210, 0.303, 1.000,138,2
P81322,0.063, 0.203, 1.000,142,1
P81323,0.008, 0.186, 1.000,130,1
P81324,0.074, 0.487, 1.000,339,3
P81325,0.946, 0.000, 0.413,128,0
P81326,0.053, 0.168, 1.000,226,1
P81327,0.022, 0.186, 1.000,137,1
P81328,0.193, 0.838, 0.927,145,1
P81329,0.032, 0.161, 1.000,154,1
P81330,0.170, 0.831, 0.882,100,1
P81331,0.396, 1.000, 0.545,139,1
P81332,0.068, 0.067, 1.000,146,1
P81333,0.590, 0.702, 0.436,237,2
P82736,0.028, 0.020, 1.000,318,2
Q49593,0.111, 0.125, 0.180,352,1
Q57550,0.101, 0.051, 0.208,373,1
Q57551,0.078, 0.164, 0.308,372,2
Q57552,0.023, 0.234, 1.000,349,2
Q57553,0.228, 0.755, 0.754,180,0
Q57554,0.008, 0.051, 1.000,254,1
Q57555,0.034, 0.107, 1.000,407,2
Q57556,0.060, 0.084, 0.833,302,2
Q57557,0.000, 0.043, 1.000,489,1
Q57558,0.063, 0.195, 1.000,142,1
Q57559,0.022, 0.301, 1.000,310,2
Q57560,0.008, 0.128, 1.000,126,1
Q57561,0.008, 0.281, 1.000,262,2
Q57562,0.140, 0.577, 0.800,143,1
Q57563,0.008, 0.131, 1.000,131,2
Q57564,0.006, 0.085, 1.000,509,2
Q57565,0.215, 0.457, 0.651,451,2
Q57566,0.005, 0.016, 1.000,184,1
Q57567,0.000, 0.032, 1.000,433,1
Q57568,0.030, 0.244, 0.600,663,2
Q57569,0.257, 0.106, 0.385,152,2
Q57570,0.055, 0.085, 1.000,238,1
Q57571,0.006, 0.110, 1.000,525,2
Q57572,0.014, 0.109, 1.000,447,1
Q57573,0.000, 0.032, 1.000,252,1
Q57574,0.000, 0.118, 1.000,93,1
Q57575,0.023, 0.186, 1.000,396,2
Q57576,0.010, 0.060, 1.000,488,1
Q57577,0.116, 0.207, 0.940,405,2
Q57578,0.069, 0.546, 0.957,303,3
Q57579,0.006, 0.026, 1.000,155,1
Q57580,0.000, 0.009, 1.000,225,1
Q57581,0.026, 0.158, 1.000,266,2
Q57582,0.072, 0.380, 1.000,167,1
Q57583,0.094, 0.172, 0.574,224,2
Q57584,0.000, 0.206, 1.000,233,1
Q57585,0.027, 0.284, 1.000,261,1
Q57586,0.032, 0.107, 1.000,308,2
Q57587,0.054, 0.038, 1.000,110,1
Q57588,0.205, 0.521, 0.732,1075,7
Q57589,0.034, 0.071, 1.000,116,2
Q57590,0.000, 0.041, 1.000,98,1
Q57591,0.075, 0.071, 1.000,121,1
Q57592,0.000, 0.020, 1.000,98,1
Q57593,0.118, 0.967, 1.000,170,1
Q57594,0.016, 0.074, 1.000,425,3
Q57595,0.845, 0.000, 0.862,103,0
Q57596,0.060, 0.209, 0.833,577,3
Q57597,0.018, 0.018, 1.000,273,1
Q57598,0.018, 0.098, 1.000,282,1
Q57599,0.026, 0.076, 1.000,230,1
Q57600,0.011, 0.087, 1.000,361,1
Q57601,0.122, 0.104, 0.803,286,1
Q57602,0.035, 0.078, 1.000,482,2
Q57603,0.196, 0.673, 1.000,209,2
Q57604,0.021, 0.126, 1.000,333,2
Q57605,0.010, 0.142, 1.000,206,1
Q57606,0.000, 0.030, 1.000,99,1
Q57607,0.089, 0.097, 1.000,147,1
Q57608,0.019, 0.044, 1.000,258,1
Q57609,0.074, 0.084, 0.500,268,2
Q57610,0.029, 0.044, 1.000,69,1
Q57611,0.046, 0.135, 0.826,371,3
Q57612,0.057, 0.044, 0.211,336,1
Q57613,0.017, 0.368, 1.000,58,1
Q57614,0.046, 0.030, 1.000,173,1
Q57615,0.000, 0.074, 1.000,148,1
Q57616,0.098, 0.242, 0.276,748,2
Q57617,0.050, 0.015, 0.260,774,1
Q57619,0.020, 0.088, 1.000,151,1
Q57620,0.151, 0.071, 0.212,469,1
Q57621,0.490, 0.653, 0.659,96,1
Q57622,0.003, 0.078, 1.000,374,1
Q57623,0.033, 0.176, 0.788,542,2
Q57624,0.043, 0.250, 0.698,472,3
Q57625,0.040, 0.060, 1.000,172,1
Q57626,0.000, 0.095, 1.000,421,1
Q57627,0.284, 0.627, 0.680,187,1
Q57628,0.253, 0.519, 0.490,395,3
Q57629,0.051, 0.173, 1.000,256,2
Q57630,0.000, 0.008, 1.000,255,1
Q57631,0.018, 0.025, 1.000,163,1
Q57632,0.030, 0.031, 1.000,67,1
Q57633,0.069, 0.147, 0.391,263,1
Q57634,0.049, 0.171, 0.939,350,2
Q57635,0.026, 0.188, 1.000,573,2
Q57636,0.000, 0.023, 1.000,215,1
Q57637,0.022, 0.022, 1.000,137,1
Q57638,0.046, 0.242, 1.000,347,2
Q57639,0.054, 0.053, 1.000,222,1
Q57640,0.459, 0.376, 0.176,246,1
Q57641,0.335, 0.418, 0.293,194,2
Q57642,0.437, 1.000, 0.858,48,0
Q57643,0.065, 0.986, 1.000,77,1
Q57644,0.306, 0.971, 1.000,49,0
Q57645,0.012, 0.015, 1.000,402,2
Q57646,0.014, 0.104, 1.000,145,1
Q57647,0.087, 0.219, 0.483,265,2
Q57648,0.000, 0.031, 1.000,191,1
Q57649,0.000, 0.041, 1.000,73,1
Q57650,0.053, 0.130, 1.000,57,1
Q57651,0.026, 0.091, 1.000,314,1
Q57652,0.016, 0.033, 1.000,62,1
Q57653,0.012, 0.074, 1.000,82,1
Q57654,0.025, 0.051, 1.000,160,1
Q57655,0.050, 0.035, 1.000,304,1
Q57656,0.000, 0.109, 1.000,350,1
Q57657,0.055, 0.114, 0.764,471,3
Q57658,0.017, 0.008, 1.000,354,1
Q57659,0.000, 0.000, 1.000,135,1
Q57660,0.020, 0.203, 1.000,151,1
Q57661,0.024, 0.042, 1.000,246,1
Q57662,0.034, 0.086, 1.000,266,1
Q57663,0.000, 0.038, 1.000,364,1
Q57664,0.020, 0.044, 1.000,305,1
Q57665,0.011, 0.047, 1.000,87,1
Q57666,0.000, 0.081, 1.000,149,1
Q57667,0.008, 0.040, 1.000,124,1
Q57668,0.138, 0.138, 0.638,159,1
Q57669,0.022, 0.176, 1.000,465,1
Q57670,0.003, 0.202, 1.000,587,2
Q57671,0.031, 0.211, 1.000,98,1
Q57672,0.028, 0.237, 1.000,399,2
Q57673,0.010, 0.204, 1.000,203,1
Q57674,0.055, 0.081, 1.000,220,2
Q57675,0.038, 0.482, 0.921,692,5
Q57676,0.019, 0.059, 1.000,104,1
Q57677,0.018, 0.138, 1.000,169,1
Q57678,0.106, 0.059, 0.179,263,2
Q57679,0.005, 0.098, 1.000,185,1
Q57680,0.045, 0.058, 1.000,308,1
Q57681,0.002, 0.130, 1.000,577,2
Q57682,0.021, 0.086, 1.000,95,1
Q57683,0.471, 0.783, 0.902,87,0
Q57684,0.000, 0.014, 1.000,416,1
Q57685,0.022, 0.170, 1.000,277,1
Q57686,0.006, 0.042, 1.000,336,1
Q57687,0.024, 0.100, 1.000,82,1
Q57688,0.000, 0.118, 1.000,417,2
Q57689,0.028, 0.137, 1.000,566,3
Q57690,0.005, 0.020, 1.000,197,1
Q57691,0.170, 0.309, 0.859,164,1
Q57692,0.000, 0.040, 1.000,175,1
Q57693,0.000, 0.179, 1.000,145,1
Q57694,0.024, 0.312, 1.000,82,1
Q57695,0.000, 0.003, 1.000,289,1
Q57696,0.010, 0.082, 1.000,99,1
Q57697,0.008, 0.061, 1.000,247,1
Q57698,0.293, 0.504, 0.280,194,2
Q57699,0.007, 0.048, 1.000,147,1
Q57700,0.000, 0.023, 1.000,213,1
Q57701,0.071, 0.217, 1.000,154,2
Q57702,0.024, 0.126, 1.000,212,1
Q57703,0.000, 0.024, 1.000,251,1
Q57705,0.000, 0.048, 1.000,311,1
Q57706,0.050, 0.161, 1.000,404,2
Q57707,0.109, 0.139, 0.771,202,1
Q57708,0.010, 0.104, 1.000,203,1
Q57709,0.028, 0.063, 1.000,179,1
Q57710,0.112, 0.466, 0.545,1155,7
Q57711,0.077, 0.090, 0.156,338,1
Q57712,0.105, 0.044, 0.190,153,1
Q57713,0.132, 0.076, 0.818,166,1
Q57714,0.014, 0.034, 1.000,298,1
Q57715,0.008, 0.023, 1.000,389,2
Q57716,0.035, 0.109, 1.000,86,1
Q57717,0.006, 0.091, 1.000,178,1
Q57718,0.308, 0.815, 0.958,78,0
Q57719,1.000, 0.000, 0.233,180,1
Q57720,0.030, 0.063, 1.000,66,1
Q57721,0.019, 0.069, 1.000,103,1
Q57722,0.059, 0.058, 0.288,543,1
Q57723,0.358, 0.121, 0.232,204,1
Q57724,0.000, 0.011, 1.000,366,1
Q57725,0.009, 0.052, 1.000,591,1
Q57726,0.025, 0.039, 1.000,157,1
Q57727,0.011, 0.086, 1.000,283,1
Q57728,0.187, 0.327, 0.791,128,2
Q57729,0.017, 0.035, 1.000,179,1
Q57730,0.080, 0.029, 1.000,149,1
Q57731,0.072, 0.238, 0.667,290,1
Q57732,0.041, 0.171, 1.000,219,1
Q57733,0.176, 0.107, 0.886,147,1
Q57734,0.410, 1.000, 0.793,117,1
Q57735,0.175, 0.137, 0.531,97,1
Q57736,0.135, 0.345, 0.748,178,1
Q57737,0.124, 0.071, 0.621,338,2
Q57738,0.213, 0.385, 0.554,211,2
Q57739,0.225, 0.253, 0.284,409,1
Q57740,0.032, 0.189, 1.000,93,1
Q57741,0.037, 0.083, 1.000,188,1
Q57742,0.047, 0.231, 0.766,841,2
Q57743,0.058, 0.051, 1.000,227,2
Q57744,0.089, 0.011, 0.169,203,1
Q57745,0.064, 0.221, 0.562,251,2
Q57746,0.007, 0.088, 1.000,150,1
Q57747,0.095, 0.145, 0.705,389,1
Q57748,0.007, 0.123, 1.000,296,1
Q57749,0.010, 0.052, 1.000,294,1
Q57750,0.000, 0.021, 1.000,95,1
Q57751,0.014, 0.021, 1.000,141,1
Q57752,0.019, 0.006, 1.000,159,1
Q57753,0.026, 0.114, 1.000,395,1
Q57754,0.756, 1.000, 0.746,78,0
Q57755,0.447, 1.000, 0.973,85,1
Q57756,0.017, 0.053, 1.000,233,1
Q57757,0.000, 0.028, 1.000,284,1
Q57758,0.000, 0.009, 1.000,114,1
Q57759,0.027, 0.346, 1.000,110,1
Q57760,0.306, 0.735, 0.650,206,1
Q57761,0.027, 0.021, 1.000,293,1
Q57762,0.084, 0.282, 0.679,263,2
Q57763,0.065, 0.069, 1.000,124,1
Q57764,0.018, 0.012, 1.000,165,1
Q57765,0.371, 0.943, 0.639,224,3
Q57766,0.000, 0.003, 1.000,301,1
Q57767,0.021, 0.063, 1.000,97,1
Q57768,0.137, 0.206, 0.869,219,1
Q57769,0.196, 1.000, 0.918,122,1
Q57770,0.028, 0.317, 1.000,428,2
Q57771,0.000, 0.081, 1.000,308,1
Q57772,0.019, 0.285, 1.000,436,1
Q57773,0.038, 0.150, 1.000,104,1
Q57774,0.116, 0.131, 0.353,146,2
Q57775,0.357, 0.782, 0.381,616,5
Q57776,0.077, 0.170, 0.338,549,2
Q57777,0.059, 0.378, 1.000,135,1
Q57778,0.954, 0.000, 0.753,110,0
Q57779,0.292, 0.250, 0.394,96,1
Q57780,0.304, 0.170, 0.516,102,1
Q57781,0.607, 0.835, 0.273,247,1
Q57782,0.034, 0.087, 1.000,119,1
Q57783,0.168, 0.537, 0.274,262,2
Q57784,0.991, 0.000, 0.660,104,0
Q57785,0.112, 0.547, 1.000,107,1
Q57786,0.402, 0.478, 0.468,234,2
Q57787,0.100, 0.500, 1.000,120,1
Q57788,0.309, 1.000, 0.790,123,2
Q57789,0.638, 0.793, 0.361,849,6
Q57790,0.361, 0.704, 0.463,180,2
Q57791,0.751, 0.988, 0.466,317,3
Q57792,0.099, 0.451, 1.000,101,1
Q57793,0.272, 0.373, 0.926,151,2
Q57794,0.799, 0.736, 0.233,795,2
Q57795,0.010, 0.115, 1.000,105,2
Q57796,0.114, 0.090, 1.000,88,1
Q57797,1.000, 0.000, 0.287,150,1
Q57798,0.159, 0.478, 0.843,239,2
Q57800,0.103, 0.212, 1.000,58,1
Q57801,0.229, 0.786, 0.799,109,0
Q57802,0.371, 0.967, 0.334,97,1
Q57803,0.161, 0.377, 0.839,155,1
Q57804,1.000, 0.000, 0.016,128,0
Q57805,0.033, 0.242, 1.000,214,2
Q57806,0.304, 0.032, 0.099,135,1
Q57807,0.065, 0.170, 1.000,107,2
Q57808,0.381, 1.000, 1.000,63,1
Q57809,0.093, 0.427, 0.699,759,6
Q57810,0.018, 0.143, 1.000,114,1
Q57811,0.006, 0.115, 1.000,176,1
Q57812,0.120, 0.111, 1.000,92,1
Q57813,0.184, 0.290, 0.755,330,2
Q57814,0.614, 1.000, 0.692,106,1
Q57815,0.030, 0.162, 1.000,369,2
Q57816,0.105, 0.285, 0.343,364,1
Q57817,0.027, 0.194, 1.000,74,1
Q57818,0.027, 0.133, 1.000,147,2
Q57819,0.045, 0.092, 1.000,330,1
Q57820,0.067, 0.063, 0.299,254,1
Q57821,0.061, 0.455, 0.738,728,3
Q57822,0.165, 0.162, 0.642,170,1
Q57823,0.006, 0.078, 1.000,322,1
Q57824,0.010, 0.145, 1.000,208,1
Q57825,0.110, 0.172, 1.000,118,1
Q57826,0.050, 0.191, 1.000,320,2
Q57827,0.151, 0.332, 0.894,245,3
Q57828,0.179, 0.713, 0.911,614,2
Q57829,0.172, 0.332, 0.523,244,1
Q57830,0.157, 0.408, 0.745,375,3
Q57831,0.036, 0.219, 1.000,114,1
Q57832,0.010, 0.112, 1.000,99,1
Q57834,0.000, 0.023, 1.000,306,1
Q57835,0.523, 0.790, 0.367,130,1
Q57836,0.010, 0.022, 1.000,183,1
Q57837,0.015, 0.209, 1.000,339,2
Q57838,0.038, 0.099, 1.000,158,1
Q57839,0.000, 0.000, 1.000,59,1
Q57840,0.043, 0.252, 1.000,187,2
Q57841,0.022, 0.151, 1.000,271,1
Q57842,0.014, 0.031, 1.000,449,1
Q57843,0.004, 0.037, 1.000,273,1
Q57844,0.409, 1.000, 0.482,66,1
Q57845,0.406, 0.731, 0.466,106,1
Q57846,0.006, 0.003, 1.000,287,1
Q57847,0.080, 0.275, 1.000,150,1
Q57848,0.031, 0.236, 1.000,131,1
Q57849,0.017, 0.044, 1.000,302,1
Q57850,0.003, 0.010, 1.000,307,1
Q57851,0.000, 0.017, 1.000,121,1
Q57852,0.264, 0.676, 0.727,692,4
Q57853,0.091, 0.229, 1.000,264,2
Q57854,0.051, 0.085, 1.000,272,1
Q57855,0.048, 0.162, 1.000,267,1
Q57856,0.071, 0.121, 0.479,267,1
Q57857,0.026, 0.024, 1.000,395,1
Q57858,0.185, 0.060, 0.735,162,1
Q57859,0.079, 0.257, 1.000,190,3
Q57860,0.030, 0.152, 1.000,237,1
Q57861,0.070, 0.100, 0.729,257,1
Q57862,0.085, 0.423, 0.729,354,2
Q57863,0.045, 0.162, 1.000,380,2
Q57864,0.064, 0.086, 0.391,360,1
Q57865,0.000, 0.026, 1.000,274,1
Q57866,0.051, 0.161, 1.000,59,0
Q57867,0.194, 0.566, 0.500,103,1
Q57868,0.121, 0.122, 0.884,140,1
Q57869,0.017, 0.266, 1.000,180,1
Q57870,0.081, 0.360, 1.000,160,2
Q57871,0.023, 0.070, 1.000,427,2
Q57872,0.020, 0.005, 1.000,204,1
Q57873,0.013, 0.271, 1.000,75,1
Q57874,0.033, 0.034, 1.000,92,1
Q57875,0.126, 0.641, 0.952,175,2
Q57876,0.045, 0.160, 1.000,222,3
Q57877,0.000, 0.054, 1.000,93,1
Q57878,0.011, 0.100, 1.000,655,3
Q57879,0.025, 0.117, 1.000,79,1
Q57880,0.000, 0.045, 1.000,381,2
Q57881,0.052, 0.185, 0.365,361,1
Q57882,0.046, 0.133, 1.000,299,1
Q57883,0.067, 0.377, 0.896,267,2
Q57884,0.014, 0.046, 1.000,221,1
Q57885,0.137, 0.133, 0.226,227,1
Q57886,0.093, 0.194, 0.559,290,1
Q57887,0.402, 1.000, 0.659,102,1
Q57888,0.006, 0.020, 1.000,358,1
Q57889,0.167, 1.000, 0.778,161,0
Q57890,0.000, 0.012, 1.000,256,1
Q57891,0.007, 0.292, 1.000,283,2
Q57892,0.199, 0.181, 1.000,186,1
Q57893,0.080, 0.072, 0.337,226,2
Q57894,0.000, 0.027, 1.000,148,1
Q57895,0.243, 0.210, 0.963,107,1
Q57896,0.006, 0.033, 1.000,329,1
Q57897,0.005, 0.057, 1.000,193,1
Q57898,0.014, 0.113, 1.000,352,1
Q57899,0.002, 0.037, 1.000,410,1
Q57900,0.019, 0.070, 1.000,216,1
Q57901,0.011, 0.341, 1.000,89,1
Q57902,0.019, 0.198, 1.000,103,1
Q57903,0.000, 0.189, 1.000,95,1
Q57904,0.056, 0.567, 1.000,198,1
Q57905,0.350, 0.212, 0.917,240,1
Q57906,0.062, 0.152, 1.000,98,1
Q57907,0.050, 0.056, 0.060,340,1
Q57908,0.024, 0.123, 1.000,492,1
Q57909,0.057, 0.166, 0.789,337,2
Q57910,0.040, 0.068, 1.000,322,1
Q57911,0.004, 0.408, 1.000,480,2
Q57912,0.000, 0.044, 1.000,158,1
Q57913,0.018, 0.038, 1.000,268,1
Q57914,0.114, 0.283, 0.842,167,2
Q57915,0.390, 1.000, 0.864,95,0
Q57916,0.004, 0.011, 1.000,283,1
Q57917,0.015, 0.151, 1.000,134,1
Q57918,0.068, 0.313, 0.191,469,2
Q57919,0.028, 0.160, 1.000,141,1
Q57920,0.128, 0.164, 0.820,133,1
Q57921,0.038, 0.174, 1.000,156,1
Q57923,0.039, 0.125, 1.000,259,1
Q57924,0.030, 0.097, 1.000,202,1
Q57925,0.002, 0.023, 1.000,429,1
Q57926,0.039, 0.044, 1.000,406,1
Q57927,0.030, 0.010, 1.000,196,1
Q57928,0.068, 0.094, 0.588,250,1
Q57929,0.000, 0.031, 1.000,196,1
Q57930,0.027, 0.028, 1.000,183,1
Q57931,0.000, 0.050, 1.000,222,1
Q57932,0.080, 0.445, 0.900,237,2
Q57933,0.278, 0.414, 0.612,241,2
Q57934,0.012, 0.117, 1.000,250,1
Q57935,0.027, 0.138, 1.000,380,1
Q57936,0.000, 0.074, 1.000,148,1
Q57937,0.014, 0.087, 1.000,140,1
Q57938,0.011, 0.097, 1.000,94,1
Q57939,0.667, 1.000, 0.982,84,0
Q57940,0.027, 0.146, 1.000,295,1
Q57941,0.246, 0.231, 0.943,69,1
Q57942,0.106, 0.354, 0.953,218,1
Q57943,0.235, 0.804, 0.800,234,3
Q57944,0.215, 0.927, 1.000,158,1
Q57945,0.038, 0.078, 1.000,53,1
Q57946,0.130, 0.075, 1.000,92,1
Q57947,0.006, 0.153, 1.000,164,1
Q57948,0.031, 0.221, 1.000,98,1
Q57949,0.082, 0.216, 1.000,232,1
Q57950,0.081, 0.083, 0.247,198,1
Q57951,0.100, 0.254, 0.940,170,1
Q57952,0.013, 0.122, 1.000,391,1
Q57953,0.000, 0.071, 1.000,56,1
Q57954,0.011, 0.088, 1.000,391,1
Q57955,0.029, 0.048, 1.000,343,1
Q57956,0.070, 0.069, 1.000,187,1
Q57957,0.004, 0.026, 1.000,270,1
Q57958,0.023, 0.134, 1.000,260,2
Q57959,0.013, 0.073, 1.000,530,1
Q57960,0.000, 0.047, 1.000,85,1
Q57961,0.006, 0.065, 1.000,168,1
Q57962,0.109, 0.447, 0.532,1188,6
Q57963,0.012, 0.151, 1.000,174,2
Q57964,0.044, 0.160, 1.000,229,1
Q57965,0.475, 0.310, 0.211,251,1
Q57966,0.018, 0.091, 1.000,56,1
Q57967,0.099, 0.277, 0.727,264,1
Q57968,0.003, 0.044, 1.000,293,2
Q57969,0.042, 0.141, 1.000,141,1
Q57970,0.025, 0.101, 1.000,365,1
Q57971,0.047, 0.054, 1.000,275,1
Q57972,0.004, 0.154, 1.000,249,1
Q57973,0.020, 0.213, 1.000,153,2
Q57974,0.013, 0.480, 1.000,152,1
Q57975,0.000, 0.017, 1.000,350,1
Q57976,0.063, 0.233, 1.000,174,2
Q57977,0.000, 0.034, 1.000,205,1
Q57978,0.046, 0.173, 1.000,261,2
Q57979,0.046, 0.079, 1.000,266,2
Q57980,0.420, 0.775, 0.621,138,1
Q57981,0.023, 0.080, 1.000,345,1
Q57982,0.297, 0.558, 0.727,74,0
Q57983,0.010, 0.075, 1.000,310,1
Q57984,0.020, 0.282, 0.850,892,4
Q57985,0.020, 0.229, 1.000,147,1
Q57986,0.031, 0.524, 1.000,668,2
Q57987,0.097, 0.162, 1.000,82,1
Q57988,0.016, 0.049, 1.000,125,1
Q57989,0.062, 0.062, 1.000,292,2
Q57990,0.036, 0.148, 1.000,223,1
Q57991,0.038, 0.138, 0.842,473,2
Q57992,0.186, 0.071, 1.000,86,1
Q57993,0.069, 0.415, 1.000,189,1
Q57994,0.452, 1.000, 1.000,93,0
Q57995,0.031, 0.153, 1.000,229,1
Q57996,0.003, 0.058, 1.000,347,1
Q57997,0.074, 0.206, 1.000,162,2
Q57998,0.015, 0.059, 1.000,276,1
Q57999,0.007, 0.142, 1.000,269,1
Q58000,0.059, 0.027, 1.000,118,1
Q58001,0.058, 0.037, 1.000,86,1
Q58002,0.140, 0.100, 0.500,128,1
Q58003,0.193, 0.608, 1.000,57,1
Q58004,0.044, 0.453, 0.932,365,2
Q58005,0.537, 0.948, 0.454,205,2
Q58006,0.359, 0.331, 0.705,170,2
Q58007,0.013, 0.477, 1.000,153,1
Q58008,0.003, 0.043, 1.000,392,1
Q58009,0.000, 0.157, 1.000,102,1
Q58010,0.030, 0.095, 0.800,704,3
Q58011,0.021, 0.059, 1.000,240,1
Q58012,0.000, 0.006, 1.000,169,1
Q58013,0.014, 0.051, 1.000,141,1
Q58014,0.017, 0.043, 1.000,357,1
Q58015,0.086, 0.083, 0.360,289,2
Q58016,0.322, 0.482, 0.609,199,3
Q58017,0.000, 0.076, 1.000,290,2
Q58018,0.015, 0.038, 1.000,267,1
Q58019,0.019, 0.215, 1.000,261,2
Q58020,0.023, 0.034, 1.000,426,1
Q58021,0.000, 0.030, 1.000,100,1
Q58022,0.022, 0.031, 1.000,134,1
Q58023,0.000, 0.011, 1.000,91,1
Q58024,0.038, 0.250, 1.000,79,1
Q58025,0.000, 0.055, 1.000,307,1
Q58026,0.062, 0.253, 0.742,435,1
Q58027,0.005, 0.009, 1.000,434,1
Q58028,0.021, 0.091, 1.000,191,1
Q58029,0.013, 0.166, 1.000,446,2
Q58030,0.000, 0.067, 1.000,344,2
Q58031,0.046, 0.234, 1.000,130,1
Q58032,0.037, 0.298, 1.000,216,2
Q58033,0.000, 0.006, 1.000,157,1
Q58034,0.000, 0.015, 1.000,195,1
Q58035,0.000, 0.224, 1.000,98,1
Q58036,0.032, 0.174, 0.562,506,2
Q58037,0.017, 0.098, 1.000,291,2
Q58038,0.035, 0.295, 1.000,172,2
Q58039,0.163, 0.352, 0.276,380,2
Q58040,0.120, 0.094, 0.175,192,1
Q58041,0.017, 0.070, 1.000,58,1
Q58042,0.021, 0.189, 1.000,336,1
Q58043,0.000, 0.025, 1.000,202,1
Q58044,0.231, 0.467, 0.740,117,1
Q58045,0.030, 0.080, 1.000,166,1
Q58046,0.056, 0.104, 1.000,214,1
Q58047,0.064, 0.334, 1.000,297,2
Q58048,0.024, 0.115, 1.000,169,1
Q58049,0.083, 0.225, 0.795,363,2
Q58050,0.013, 0.200, 1.000,942,3
Q58051,0.016, 0.066, 1.000,620,1
Q58052,0.149, 0.307, 0.383,283,1
Q58053,0.023, 0.173, 1.000,397,1
Q58054,0.008, 0.115, 1.000,272,1
Q58055,0.031, 0.124, 1.000,225,1
Q58056,0.119, 0.115, 1.000,109,1
Q58057,0.000, 0.114, 1.000,324,1
Q58058,0.019, 0.044, 1.000,417,2
Q58059,0.042, 0.106, 1.000,333,1
Q58060,0.043, 0.025, 1.000,208,1
Q58061,0.021, 0.107, 1.000,191,1
Q58062,0.000, 0.006, 1.000,164,1
Q58063,0.028, 0.377, 1.000,71,1
Q58064,0.048, 0.186, 1.000,147,1
Q58065,0.002, 0.009, 1.000,448,1
Q58067,0.164, 0.104, 0.805,311,3
Q58068,0.187, 0.239, 0.599,134,1
Q58069,0.108, 0.300, 0.574,194,2
Q58070,0.036, 0.024, 1.000,306,2
Q58071,0.006, 0.141, 1.000,178,1
Q58073,0.007, 0.014, 1.000,138,1
Q58074,0.221, 0.150, 1.000,77,1
Q58075,0.082, 0.060, 1.000,182,1
Q58076,0.087, 0.143, 0.621,239,1
Q58077,0.040, 0.095, 0.950,494,1
Q58078,0.157, 0.405, 0.701,301,2
Q58079,0.032, 0.124, 1.000,341,2
Q58080,0.028, 0.085, 1.000,398,3
Q58081,0.002, 0.131, 1.000,503,1
Q58082,0.247, 0.922, 0.713,85,1
Q58083,0.057, 0.258, 0.912,367,2
Q58084,0.031, 0.064, 1.000,356,1
Q58085,0.026, 0.013, 1.000,224,1
Q58086,0.016, 0.141, 1.000,432,1
Q58087,0.006, 0.044, 1.000,338,1
Q58088,0.064, 0.181, 0.438,391,2
Q58089,0.009, 0.033, 1.000,335,1
Q58090,0.012, 0.068, 1.000,330,1
Q58091,0.087, 0.552, 0.678,320,3
Q58092,0.006, 0.009, 1.000,316,1
Q58093,0.060, 0.032, 1.000,234,1
Q58094,0.015, 0.007, 1.000,274,1
Q58095,0.087, 0.294, 0.782,968,5
Q58096,0.012, 0.019, 1.000,259,1
Q58097,0.000, 0.030, 1.000,370,1
Q58098,0.047, 0.299, 1.000,253,2
Q58099,0.009, 0.165, 1.000,580,2
Q58100,0.099, 0.179, 0.242,335,2
Q58101,0.007, 0.081, 1.000,137,1
Q58102,0.035, 0.088, 1.000,200,1
Q58103,0.339, 1.000, 0.973,109,1
Q58104,0.158, 0.089, 0.342,241,1
Q58105,0.111, 0.332, 0.108,414,1
Q58106,0.981, 0.000, 0.557,108,0
Q58107,0.088, 0.548, 0.875,182,1
Q58108,0.009, 0.075, 1.000,230,1
Q58109,0.035, 0.079, 1.000,197,1
Q58110,0.032, 0.117, 1.000,380,1
Q58111,0.049, 0.295, 1.000,324,2
Q58112,0.165, 0.627, 0.764,414,2
Q58113,0.109, 0.104, 0.339,594,2
Q58114,0.031, 0.115, 1.000,226,1
Q58115,0.472, 0.322, 0.606,377,3
Q58116,0.025, 0.020, 1.000,405,1
Q58117,0.037, 0.185, 1.000,214,3
Q58118,0.018, 0.160, 1.000,172,1
Q58119,0.016, 0.155, 1.000,450,2
Q58120,0.017, 0.052, 1.000,351,2
Q58121,0.099, 0.448, 0.939,322,2
Q58122,0.000, 0.045, 1.000,335,1
Q58123,0.025, 0.103, 0.640,766,2
Q58124,0.000, 0.051, 1.000,118,1
Q58125,0.003, 0.062, 1.000,338,1
Q58126,0.137, 0.366, 1.000,95,1
Q58127,0.000, 0.050, 1.000,119,1
Q58128,0.084, 0.239, 0.500,402,2
Q58129,0.037, 0.195, 0.459,600,2
Q58130,0.000, 0.006, 1.000,333,1
Q58131,0.003, 0.015, 1.000,398,1
Q58132,0.104, 0.058, 1.000,77,1
Q58133,0.000, 0.014, 1.000,140,1
Q58134,0.000, 0.005, 1.000,207,1
Q58135,0.058, 0.073, 1.000,261,2
Q58136,0.264, 0.484, 0.527,216,3
Q58137,0.000, 0.030, 1.000,298,1
Q58138,0.006, 0.026, 1.000,624,1
Q58139,0.016, 0.066, 1.000,124,1
Q58140,0.000, 0.124, 1.000,186,1
Q58141,0.005, 0.025, 1.000,198,1
Q58142,0.010, 0.033, 1.000,393,1
Q58143,0.025, 0.008, 1.000,121,1
Q58144,0.049, 0.052, 1.000,204,1
Q58145,0.287, 0.281, 0.739,80,1
Q58146,0.000, 0.041, 1.000,217,1
Q58147,0.164, 0.334, 1.000,61,1
Q58148,0.100, 0.396, 1.000,90,1
Q58149,0.033, 0.376, 1.000,151,1
Q58150,0.054, 0.038, 1.000,55,1
Q58151,0.043, 0.009, 1.000,116,1
Q58152,0.067, 0.031, 1.000,104,1
Q58153,0.003, 0.014, 1.000,294,1
Q58154,0.046, 0.048, 1.000,194,1
Q58155,0.199, 0.311, 0.417,181,1
Q58156,0.000, 0.028, 1.000,141,1
Q58157,0.007, 0.054, 1.000,147,1
Q58158,0.017, 0.017, 1.000,416,1
Q58159,0.158, 0.623, 0.589,246,1
Q58160,0.097, 0.488, 0.866,238,2
Q58161,0.087, 0.378, 0.333,278,1
Q58162,0.026, 0.217, 1.000,76,1
Q58163,0.376, 0.450, 0.519,210,2
Q58164,0.016, 0.055, 1.000,185,1
Q58165,0.246, 0.275, 0.179,342,1
Q58166,0.471, 0.597, 0.312,136,1
Q58167,0.062, 0.091, 0.129,260,1
Q58168,0.113, 0.517, 0.221,159,1
Q58169,0.059, 0.540, 1.000,118,1
Q58170,0.032, 0.293, 1.000,275,2
Q58171,0.000, 0.016, 1.000,251,1
Q58172,0.015, 0.077, 1.000,342,1
Q58173,0.042, 0.155, 1.000,121,1
Q58174,0.000, 0.017, 1.000,116,1
Q58175,0.000, 0.032, 1.000,539,1
Q58176,0.015, 0.415, 1.000,66,1
Q58177,0.037, 0.115, 1.000,135,2
Q58178,0.004, 0.056, 1.000,249,1
Q58179,0.059, 0.472, 1.000,169,2
Q58180,0.162, 0.294, 0.667,223,1
Q58181,0.021, 0.085, 1.000,230,1
Q58182,0.164, 0.553, 0.585,353,3
Q58183,0.189, 0.613, 0.455,175,2
Q58184,0.042, 0.219, 0.643,409,2
Q58185,0.061, 0.177, 0.836,313,1
Q58186,0.076, 0.070, 0.342,383,1
Q58187,0.006, 0.111, 1.000,173,1
Q58188,0.006, 0.006, 1.000,169,1
Q58189,0.161, 0.673, 1.000,299,2
Q58190,0.326, 0.575, 0.706,335,1
Q58191,0.179, 0.398, 0.497,721,4
Q58192,0.206, 0.588, 0.403,673,6
Q58193,0.005, 0.032, 1.000,186,1
Q58194,0.042, 0.026, 1.000,358,1
Q58195,0.045, 0.095, 0.178,375,1
Q58196,0.027, 0.127, 1.000,186,2
Q58197,0.006, 0.096, 1.000,504,1
Q58198,0.342, 1.000, 0.740,79,1
Q58199,0.000, 0.155, 1.000,116,1
Q58200,0.000, 0.127, 1.000,229,1
Q58201,0.004, 0.048, 1.000,484,1
Q58202,0.641, 1.000, 0.579,89,1
Q58203,0.090, 0.068, 1.000,178,1
Q58204,0.028, 0.263, 1.000,141,1
Q58205,0.111, 0.221, 0.378,504,2
Q58206,0.026, 0.027, 1.000,235,1
Q58207,0.027, 0.378, 1.000,367,3
Q58208,0.030, 0.130, 1.000,334,2
Q58209,0.017, 0.069, 1.000,296,1
Q58210,0.031, 0.169, 1.000,415,2
Q58211,0.063, 0.118, 0.333,379,3
Q58212,0.053, 0.191, 1.000,188,2
Q58213,0.215, 0.808, 1.000,172,1
Q58214,0.014, 0.053, 1.000,286,1
Q58215,0.023, 0.199, 1.000,221,1
Q58216,0.015, 0.032, 1.000,347,1
Q58217,0.087, 0.083, 0.253,184,1
Q58218,0.000, 0.009, 1.000,333,1
Q58219,0.036, 0.205, 1.000,167,2
Q58220,0.000, 0.045, 1.000,201,1
Q58221,0.114, 0.391, 0.781,439,4
Q58222,0.003, 0.183, 1.000,373,2
Q58223,0.000, 0.036, 1.000,249,1
Q58224,0.000, 0.015, 1.000,330,1
Q58225,0.042, 0.101, 1.000,308,2
Q58226,0.020, 0.374, 1.000,297,1
Q58227,0.083, 0.137, 0.940,206,1
Q58228,0.020, 0.110, 1.000,203,1
Q58229,0.028, 0.142, 1.000,109,1
Q58230,0.255, 0.314, 1.000,47,1
Q58231,0.143, 0.937, 1.000,56,1
Q58232,0.070, 0.153, 0.286,558,3
Q58233,0.086, 0.200, 1.000,257,2
Q58234,0.007, 0.129, 1.000,298,1
Q58235,0.030, 0.040, 1.000,231,1
Q58236,0.072, 0.172, 1.000,138,2
Q58237,0.020, 0.113, 1.000,199,1
Q58238,0.045, 0.651, 1.000,66,0
Q58239,0.062, 0.392, 0.839,421,4
Q58240,0.020, 0.117, 1.000,252,1
Q58241,0.002, 0.025, 1.000,432,1
Q58242,0.149, 0.669, 0.799,1750,11
Q58243,0.198, 0.482, 0.601,277,2
Q58244,0.399, 0.539, 0.464,238,1
Q58245,0.149, 0.315, 0.537,377,3
Q58246,0.000, 0.017, 1.000,119,1
Q58247,0.072, 0.026, 0.222,249,1
Q58248,0.027, 0.143, 1.000,223,1
Q58249,0.003, 0.054, 1.000,350,1
Q58250,0.003, 0.094, 1.000,330,1
Q58251,0.015, 0.073, 1.000,415,1
Q58252,0.008, 0.013, 1.000,447,1
Q58253,0.042, 0.293, 1.000,164,2
Q58254,0.145, 0.205, 0.931,200,1
Q58255,0.000, 0.004, 1.000,260,1
Q58256,0.007, 0.004, 1.000,553,1
Q58257,0.053, 0.335, 0.943,303,2
Q58258,0.017, 0.345, 1.000,230,1
Q58259,0.076, 0.135, 0.697,265,1
Q58260,0.330, 0.522, 0.942,103,1
Q58261,0.070, 0.205, 0.114,241,2
Q58262,0.133, 0.187, 1.000,68,1
Q58263,0.095, 0.171, 1.000,84,1
Q58264,0.000, 0.009, 1.000,319,1
Q58265,0.101, 0.219, 0.653,228,2
Q58266,0.132, 0.465, 0.750,181,2
Q58267,0.146, 0.359, 0.377,274,3
Q58268,0.133, 0.072, 1.000,113,1
Q58269,0.055, 0.213, 1.000,164,1
Q58270,0.055, 0.091, 0.382,327,2
Q58271,0.016, 0.061, 1.000,448,1
Q58272,0.014, 0.022, 1.000,359,1
Q58273,0.000, 0.003, 1.000,295,1
Q58274,0.005, 0.038, 1.000,186,1
Q58275,0.020, 0.025, 1.000,449,1
Q58276,0.000, 0.062, 1.000,129,1
Q58277,0.023, 0.027, 1.000,427,1
Q58278,0.016, 0.096, 1.000,127,1
Q58280,0.017, 0.110, 1.000,620,2
Q58281,0.110, 0.482, 0.973,317,2
Q58282,0.115, 0.043, 0.070,391,2
Q58283,0.003, 0.215, 1.000,290,2
Q58284,0.011, 0.119, 1.000,93,1
Q58285,0.070, 0.251, 0.943,748,4
Q58286,0.043, 0.354, 1.000,351,1
Q58287,0.349, 0.937, 0.977,123,1
Q58288,0.113, 0.008, 0.018,414,1
Q58289,0.025, 0.184, 1.000,279,1
Q58290,0.094, 0.588, 0.862,308,2
Q58291,0.003, 0.062, 1.000,305,1
Q58292,0.030, 0.058, 1.000,197,1
Q58293,0.018, 0.088, 1.000,336,2
Q58294,0.219, 0.370, 0.397,516,3
Q58295,0.235, 0.692, 0.774,1634,8
Q58296,0.026, 0.182, 0.885,620,2
Q58297,0.036, 0.092, 1.000,224,1
Q58298,0.000, 0.000, 1.000,206,1
Q58299,0.456, 0.455, 0.471,469,2
Q58300,0.131, 0.344, 0.725,137,2
Q58301,0.009, 0.251, 1.000,217,1
Q58302,0.092, 0.548, 1.000,217,1
Q58303,0.019, 0.471, 1.000,216,1
Q58304,0.248, 0.500, 0.770,141,2
Q58305,0.474, 0.812, 0.234,342,2
Q58306,0.214, 0.209, 0.902,140,2
Q58307,0.022, 0.118, 1.000,139,1
Q58308,0.006, 0.183, 1.000,154,1
Q58309,0.069, 0.097, 0.812,233,2
Q58310,0.040, 0.160, 0.600,551,2
Q58311,0.052, 0.357, 1.000,562,4
Q58312,0.026, 0.390, 1.000,234,1
Q58313,0.090, 0.335, 0.411,643,3
Q58314,0.446, 0.074, 0.011,195,1
Q58315,0.018, 0.137, 1.000,111,1
Q58316,0.093, 0.163, 0.473,366,2
Q58317,0.010, 0.116, 1.000,286,1
Q58318,0.022, 0.096, 0.500,1232,2
Q58319,0.044, 0.196, 1.000,91,1
Q58320,0.137, 0.386, 0.920,174,2
Q58321,0.085, 0.258, 0.871,365,1
Q58322,0.020, 0.050, 1.000,243,2
Q58323,0.037, 0.113, 1.000,403,2
Q58324,0.103, 0.032, 1.000,136,1
Q58325,0.000, 0.090, 1.000,267,1
Q58326,0.090, 0.198, 1.000,89,1
Q58327,0.013, 0.186, 1.000,574,2
Q58328,0.004, 0.026, 1.000,266,1
Q58329,0.402, 0.224, 0.667,149,1
Q58330,0.097, 0.348, 0.608,185,2
Q58331,0.010, 0.128, 1.000,300,1
Q58332,0.007, 0.095, 1.000,138,2
Q58333,0.074, 0.349, 0.865,297,1
Q58334,0.076, 0.325, 0.750,263,1
Q58335,0.151, 0.088, 0.940,106,1
Q58336,0.103, 0.705, 1.000,87,1
Q58337,0.000, 0.004, 1.000,244,1
Q58338,0.000, 0.010, 1.000,197,1
Q58339,0.031, 0.052, 1.000,462,1
Q58340,0.010, 0.068, 1.000,210,1
Q58341,0.018, 0.069, 1.000,381,1
Q58342,0.030, 0.031, 1.000,67,1
Q58343,0.013, 0.021, 1.000,238,1
Q58344,0.292, 0.621, 0.688,209,2
Q58345,0.024, 0.074, 1.000,208,2
Q58346,0.000, 0.018, 1.000,166,1
Q58347,0.014, 0.071, 1.000,444,2
Q58348,0.004, 0.040, 1.000,250,1
Q58349,0.025, 0.126, 1.000,276,1
Q58350,0.006, 0.060, 1.000,318,1
Q58352,0.031, 0.224, 1.000,651,2
Q58353,0.546, 0.909, 0.267,417,2
Q58354,0.058, 0.318, 1.000,120,1
Q58355,0.174, 0.092, 0.718,224,1
Q58356,0.032, 0.053, 1.000,374,1
Q58357,0.007, 0.191, 1.000,1039,3
Q58358,0.282, 0.241, 0.500,191,1
Q58359,0.098, 0.037, 1.000,123,1
Q58360,0.060, 0.091, 1.000,233,2
Q58361,0.020, 0.117, 1.000,355,2
Q58362,0.021, 0.108, 1.000,142,1
Q58363,0.000, 0.010, 1.000,100,1
Q58364,0.070, 0.183, 0.129,440,2
Q58365,0.013, 0.079, 1.000,373,1
Q58366,0.311, 0.877, 0.469,260,3
Q58367,0.055, 0.136, 0.891,350,1
Q58368,0.476, 0.924, 0.670,426,3
Q58369,0.016, 0.018, 1.000,385,1
Q58370,0.000, 0.018, 1.000,217,1
Q58371,0.141, 0.399, 0.723,762,7
Q58372,0.031, 0.169, 1.000,128,1
Q58373,0.002, 0.039, 1.000,563,1
Q58374,0.025, 0.169, 0.840,680,2
Q58375,0.058, 0.070, 1.000,242,2
Q58376,0.007, 0.054, 1.000,444,1
Q58377,0.039, 0.132, 1.000,205,1
Q58378,0.026, 0.136, 1.000,273,1
Q58379,0.000, 0.041, 1.000,270,1
Q58380,0.154, 0.050, 0.364,143,2
Q58381,0.008, 0.127, 1.000,365,1
Q58382,0.132, 0.247, 0.598,228,2
Q58383,0.002, 0.036, 1.000,411,1
Q58384,0.054, 0.021, 1.000,149,1
Q58385,0.250, 0.875, 0.752,64,1
Q58386,0.760, 0.954, 0.432,366,2
Q58387,0.004, 0.079, 1.000,469,2
Q58388,0.020, 0.090, 1.000,147,1
Q58389,0.731, 1.000, 0.278,197,0
Q58390,0.020, 0.160, 1.000,204,1
Q58391,0.117, 0.138, 0.769,222,2
Q58392,0.086, 0.133, 0.965,303,3
Q58393,0.280, 0.407, 0.714,75,1
Q58394,0.036, 0.074, 1.000,113,1
Q58395,0.003, 0.070, 1.000,329,2
Q58396,0.000, 0.009, 1.000,114,1
Q58397,0.040, 0.083, 1.000,75,1
Q58398,0.035, 0.237, 1.000,144,2
Q58399,0.017, 0.109, 1.000,177,1
Q58400,0.023, 0.043, 1.000,358,1
Q58401,0.013, 0.047, 1.000,240,1
Q58402,0.066, 0.415, 1.000,227,1
Q58403,0.000, 0.011, 1.000,451,1
Q58404,0.900, 1.000, 0.618,241,1
Q58405,0.061, 0.144, 0.361,542,2
Q58406,0.017, 0.122, 1.000,416,1
Q58407,0.017, 0.173, 1.000,288,1
Q58408,0.078, 0.193, 0.628,309,2
Q58409,0.000, 0.014, 1.000,420,1
Q58410,0.009, 0.071, 1.000,214,2
Q58411,0.000, 0.198, 1.000,131,1
Q58412,0.081, 0.178, 0.383,359,2
Q58413,0.003, 0.161, 1.000,878,2
Q58414,0.000, 0.042, 1.000,288,1
Q58415,0.021, 0.074, 1.000,236,1
Q58416,0.077, 0.212, 0.792,377,3
Q58417,0.023, 0.126, 1.000,130,1
Q58418,0.012, 0.024, 1.000,252,1
Q58419,0.029, 0.055, 1.000,281,1
Q58420,0.044, 0.127, 1.000,315,1
Q58421,0.126, 0.015, 0.103,389,1
Q58422,0.044, 0.074, 1.000,294,2
Q58423,0.261, 0.533, 0.659,203,2
Q58424,0.006, 0.192, 1.000,524,2
Q58425,0.003, 0.011, 1.000,354,1
Q58426,0.092, 0.158, 0.837,259,2
Q58427,0.085, 0.214, 1.000,163,2
Q58428,0.070, 0.145, 0.171,569,1
Q58429,0.046, 0.196, 1.000,262,2
Q58430,0.092, 0.508, 0.728,403,3
Q58431,0.034, 0.088, 1.000,388,2
Q58432,0.005, 0.040, 1.000,426,1
Q58433,0.032, 0.091, 1.000,377,1
Q58434,0.026, 0.372, 0.923,660,3
Q58435,0.004, 0.069, 1.000,275,1
Q58436,0.000, 0.048, 1.000,147,1
Q58437,0.010, 0.115, 1.000,308,1
Q58438,0.178, 0.448, 0.708,366,3
Q58439,0.032, 0.303, 1.000,317,2
Q58440,0.011, 0.011, 1.000,87,1
Q58441,0.000, 0.004, 1.000,277,1
Q58442,0.103, 0.464, 0.961,233,2
Q58443,0.013, 0.181, 1.000,78,1
Q58444,0.006, 0.168, 1.000,498,2
Q58445,0.060, 0.529, 0.800,1341,7
Q58446,0.078, 0.599, 0.756,859,5
Q58447,0.229, 0.092, 0.310,183,1
Q58448,0.086, 0.381, 0.837,726,3
Q58449,0.491, 0.768, 0.633,161,1
Q58450,0.011, 0.063, 1.000,177,1
Q58451,0.002, 0.043, 1.000,513,1
Q58452,0.040, 0.010, 1.000,100,1
Q58453,0.006, 0.321, 1.000,163,2
Q58454,0.100, 0.313, 0.910,895,5
Q58455,0.000, 0.025, 1.000,326,1
Q58456,0.041, 0.114, 0.659,515,2
Q58458,0.085, 0.148, 0.729,609,2
Q58459,0.037, 0.227, 1.000,406,1
Q58460,0.128, 0.414, 0.914,537,3
Q58461,0.033, 0.059, 1.000,333,1
Q58462,0.054, 0.301, 0.611,484,3
Q58463,0.008, 0.067, 1.000,243,1
Q58464,0.131, 0.135, 0.786,214,1
Q58465,0.006, 0.015, 1.000,337,1
Q58466,0.031, 0.027, 1.000,386,1
Q58467,0.034, 0.210, 0.824,507,1
Q58469,0.003, 0.115, 1.000,392,1
Q58470,0.153, 0.248, 0.915,157,1
Q58471,0.051, 0.061, 1.000,313,2
Q58472,0.035, 0.178, 1.000,116,2
Q58473,0.100, 0.119, 0.330,270,2
Q58474,0.009, 0.172, 1.000,112,2
Q58475,0.051, 0.138, 0.784,474,3
Q58476,0.024, 0.134, 1.000,337,1
Q58477,0.033, 0.183, 0.939,521,3
Q58478,0.154, 0.571, 0.610,234,1
Q58479,0.020, 0.311, 1.000,397,2
Q58480,0.088, 0.268, 1.000,135,1
Q58481,0.007, 0.036, 1.000,138,1
Q58482,0.008, 0.118, 1.000,120,1
Q58483,0.000, 0.031, 1.000,193,1
Q58484,0.000, 0.025, 1.000,282,1
Q58485,0.083, 0.287, 0.904,509,3
Q58486,0.000, 0.059, 1.000,340,1
Q58487,0.000, 0.067, 1.000,312,1
Q58488,0.000, 0.022, 1.000,279,1
Q58489,0.089, 0.320, 0.584,268,2
Q58490,0.000, 0.305, 1.000,95,1
Q58491,0.060, 0.082, 1.000,233,2
Q58492,0.056, 0.535, 1.000,214,2
Q58493,0.063, 0.178, 0.317,300,1
Q58494,0.008, 0.087, 1.000,385,1
Q58495,0.017, 0.089, 1.000,423,2
Q58496,0.000, 0.012, 1.000,341,1
Q58497,0.039, 0.043, 0.821,438,2
Q58498,0.039, 0.242, 1.000,254,2
Q58499,0.000, 0.030, 1.000,235,1
Q58500,0.004, 0.029, 1.000,448,1
Q58501,0.000, 0.059, 1.000,408,1
Q58502,0.000, 0.013, 1.000,156,1
Q58503,0.034, 0.318, 1.000,88,1
Q58504,0.000, 0.047, 1.000,296,1
Q58505,0.000, 0.060, 1.000,218,1
Q58506,0.038, 0.089, 1.000,185,1
Q58507,0.182, 0.549, 0.813,149,1
Q58508,0.000, 0.044, 1.000,548,2
Q58509,0.040, 0.101, 1.000,176,1
Q58510,0.140, 0.326, 0.914,486,4
Q58511,0.036, 0.111, 0.250,449,2
Q58513,0.050, 0.087, 1.000,301,2
Q58514,0.026, 0.503, 1.000,192,1
Q58515,0.004, 0.069, 1.000,261,1
Q58516,0.079, 0.132, 0.278,541,2
Q58517,0.026, 0.099, 1.000,196,1
Q58518,0.022, 0.161, 1.000,89,1
Q58519,0.003, 0.081, 1.000,295,1
Q58520,0.083, 0.239, 0.867,279,1
Q58521,0.000, 0.043, 1.000,94,1
Q58522,0.208, 0.737, 0.938,77,1
Q58523,0.005, 0.005, 1.000,205,1
Q58524,0.163, 0.577, 0.718,1195,9
Q58525,0.983, 0.000, 0.509,60,0
Q58526,0.125, 0.463, 0.480,402,3
Q58527,0.004, 0.032, 1.000,280,1
Q58528,0.087, 0.114, 0.782,308,1
Q58529,0.021, 0.129, 1.000,95,1
Q58530,0.049, 0.120, 0.694,535,2
Q58531,0.029, 0.139, 1.000,310,2
Q58532,0.221, 0.174, 0.692,118,2
Q58533,0.000, 0.029, 1.000,421,1
Q58534,0.301, 0.627, 0.442,226,2
Q58535,0.007, 0.073, 1.000,152,1
Q58536,0.063, 0.191, 0.683,541,2
Q58537,0.037, 0.294, 1.000,191,1
Q58538,0.287, 0.645, 0.620,174,1
Q58539,0.017, 0.066, 1.000,232,1
Q58540,0.027, 0.097, 1.000,224,1
Q58541,0.052, 0.197, 1.000,214,2
Q58542,0.158, 0.473, 0.601,349,3
Q58543,0.075, 0.245, 1.000,361,3
Q58544,0.003, 0.121, 1.000,323,1
Q58545,0.015, 0.110, 1.000,65,1
Q58546,0.000, 0.009, 1.000,343,1
Q58547,0.041, 0.190, 0.463,462,2
Q58548,0.306, 0.667, 1.000,108,2
Q58549,0.255, 0.048, 0.396,169,2
Q58550,0.016, 0.050, 1.000,184,1
Q58551,0.964, 0.000, 0.706,113,0
Q58552,0.343, 0.792, 0.959,73,0
Q58553,0.145, 0.887, 1.000,62,1
Q58554,0.028, 0.167, 1.000,451,2
Q58555,0.002, 0.043, 1.000,603,1
Q58556,0.125, 0.895, 0.832,903,9
Q58557,0.101, 0.018, 1.000,129,1
Q58558,0.106, 0.170, 0.802,341,2
Q58559,0.035, 0.338, 0.743,645,4
Q58560,0.000, 0.018, 1.000,434,2
Q58561,0.354, 0.898, 0.644,167,1
Q58562,0.014, 0.018, 1.000,218,1
Q58563,0.000, 0.000, 1.000,217,1
Q58564,0.034, 0.166, 1.000,318,1
Q58565,0.007, 0.068, 1.000,146,1
Q58566,0.003, 0.051, 1.000,355,1
Q58567,0.024, 0.125, 1.000,82,1
Q58568,0.008, 0.076, 1.000,133,1
Q58569,0.000, 0.004, 1.000,567,1
Q58570,0.146, 0.105, 1.000,89,1
Q58571,0.000, 0.011, 1.000,273,1
Q58572,0.036, 0.247, 1.000,84,2
Q58573,0.021, 0.108, 1.000,94,1
Q58574,0.029, 0.069, 1.000,540,2
Q58575,0.029, 0.128, 1.000,378,2
Q58576,0.181, 0.648, 0.796,430,4
Q58577,0.003, 0.080, 1.000,351,1
Q58578,0.087, 0.400, 0.931,334,3
Q58579,0.034, 0.167, 1.000,149,1
Q58580,0.131, 0.230, 1.000,145,1
Q58581,0.005, 0.025, 1.000,199,1
Q58582,0.033, 0.189, 1.000,366,2
Q58583,0.031, 0.077, 1.000,161,1
Q58584,0.006, 0.045, 1.000,156,1
Q58585,0.000, 0.034, 1.000,622,1
Q58586,0.101, 0.013, 0.139,346,1
Q58587,0.000, 0.022, 1.000,270,1
Q58588,0.003, 0.007, 1.000,301,1
Q58589,0.060, 0.139, 1.000,283,2
Q58591,0.014, 0.095, 1.000,288,1
Q58592,0.000, 0.010, 1.000,418,1
Q58593,0.030, 0.309, 1.000,394,2
Q58595,0.039, 0.279, 0.897,518,3
Q58596,0.016, 0.192, 1.000,366,1
Q58597,0.027, 0.131, 0.704,620,2
Q58598,0.041, 0.278, 0.390,761,3
Q58599,0.021, 0.014, 1.000,146,1
Q58600,0.008, 0.118, 1.000,366,2
Q58601,0.000, 0.062, 1.000,288,2
Q58602,0.010, 0.098, 1.000,103,1
Q58603,0.250, 0.465, 0.452,424,3
Q58604,0.004, 0.169, 1.000,226,2
Q58605,0.020, 0.068, 1.000,406,1
Q58606,0.237, 0.304, 0.456,194,2
Q58607,0.054, 0.107, 1.000,258,1
Q58608,0.009, 0.096, 1.000,116,1
Q58609,0.020, 0.142, 1.000,201,1
Q58610,0.036, 0.076, 1.000,110,1
Q58611,0.213, 0.454, 0.770,1018,4
Q58612,0.059, 0.062, 1.000,86,1
Q58613,0.083, 0.117, 1.000,121,2
Q58614,0.000, 0.020, 1.000,98,1
Q58615,0.014, 0.074, 1.000,425,2
Q58616,0.529, 1.000, 0.836,104,0
Q58618,0.130, 0.323, 0.669,299,2
Q58619,0.058, 0.258, 1.000,243,1
Q58620,0.130, 0.425, 1.000,92,1
Q58621,0.116, 0.227, 0.810,139,1
Q58622,0.004, 0.100, 1.000,280,1
Q58623,0.058, 0.562, 0.810,805,3
Q58624,0.000, 0.050, 1.000,240,1
Q58625,0.023, 0.108, 1.000,132,1
Q58626,0.062, 0.164, 0.935,501,1
Q58627,0.381, 0.511, 0.966,76,0
Q58628,0.056, 0.170, 0.536,567,2
Q58629,0.071, 0.233, 0.859,296,2
Q58630,0.056, 0.055, 0.625,288,2
Q58631,0.000, 0.062, 1.000,241,1
Q58632,0.000, 0.052, 1.000,425,1
Q58633,0.006, 0.267, 1.000,634,2
Q58634,0.089, 0.034, 0.303,224,1
Q58635,0.009, 0.048, 1.000,455,1
Q58636,0.004, 0.053, 1.000,225,1
Q58637,0.021, 0.284, 1.000,97,1
Q58638,0.197, 0.631, 1.000,71,1
Q58639,0.048, 0.321, 0.812,539,2
Q58640,0.252, 0.119, 0.837,123,1
Q58641,0.000, 0.296, 1.000,108,1
Q58642,0.009, 0.261, 1.000,112,1
Q58643,0.037, 0.088, 1.000,294,2
Q58644,0.006, 0.022, 1.000,180,1
Q58645,0.390, 1.000, 0.700,154,1
Q58646,0.069, 0.152, 0.957,361,2
Q58647,0.020, 0.056, 1.000,253,1
Q58648,0.080, 0.043, 0.150,251,1
Q58649,0.000, 0.012, 1.000,167,1
Q58650,0.032, 0.230, 1.000,282,2
Q58651,0.204, 0.311, 0.260,469,3
Q58652,0.051, 0.224, 0.941,394,2
Q58653,0.006, 0.035, 1.000,311,1
Q58654,0.029, 0.139, 1.000,349,2
Q58655,0.030, 0.031, 1.000,67,1
Q58656,0.022, 0.099, 1.000,226,2
Q58657,0.054, 0.247, 0.722,411,2
Q58658,0.108, 0.152, 0.306,389,1
Q58659,0.020, 0.163, 1.000,651,2
Q58660,0.004, 0.063, 1.000,733,1
Q58661,0.007, 0.021, 1.000,140,1
Q58662,0.080, 0.005, 0.125,417,1
Q58663,0.051, 0.164, 1.000,257,1
Q58664,0.025, 0.086, 1.000,237,1
Q58665,0.066, 0.147, 0.955,315,1
Q58666,0.014, 0.159, 1.000,345,1
Q58667,0.024, 0.048, 1.000,170,1
Q58668,0.012, 0.006, 1.000,163,1
Q58669,0.000, 0.017, 1.000,350,1
Q58670,0.000, 0.070, 1.000,257,1
Q58671,0.028, 0.318, 1.000,388,2
Q58672,0.005, 0.065, 1.000,553,1
Q58673,0.006, 0.024, 1.000,168,1
Q58674,0.168, 0.309, 0.798,179,2
Q58675,0.152, 0.166, 0.855,185,2
Q58676,0.841, 1.000, 0.470,157,0
Q58677,0.477, 0.739, 0.350,1048,8
Q58678,0.179, 0.398, 0.413,352,2
Q58679,0.818, 1.000, 0.350,220,1
Q58680,0.042, 0.345, 1.000,121,1
Q58681,1.000, 0.000, 0.190,184,0
Q58682,0.163, 0.514, 0.822,595,4
Q58683,0.011, 0.053, 1.000,270,1
Q58684,0.202, 0.289, 0.312,252,2
Q58685,0.873, 1.000, 0.403,165,0
Q58686,0.869, 1.000, 0.181,312,1
Q58687,0.108, 0.379, 0.769,240,1
Q58688,0.536, 0.789, 0.442,552,4
Q58689,0.458, 0.519, 0.500,231,2
Q58690,0.011, 0.007, 1.000,285,1
Q58691,0.000, 0.009, 1.000,218,1
Q58692,0.048, 0.088, 0.583,358,2
Q58693,0.008, 0.060, 1.000,237,1
Q58694,0.005, 0.059, 1.000,372,1
Q58695,0.000, 0.005, 1.000,214,1
Q58696,0.002, 0.020, 1.000,461,1
Q58697,0.166, 0.234, 0.169,400,2
Q58698,0.077, 0.432, 1.000,168,1
Q58699,0.128, 0.234, 0.375,501,5
Q58700,0.020, 0.054, 1.000,152,1
Q58701,0.000, 0.088, 1.000,147,1
Q58702,0.361, 1.000, 0.967,83,1
Q58703,0.179, 0.460, 0.916,262,2
Q58704,0.889, 0.000, 0.865,108,0
Q58705,0.010, 0.095, 1.000,481,1
Q58706,0.102, 0.269, 1.000,128,2
Q58707,0.058, 0.058, 0.241,293,1
Q58708,0.049, 0.203, 1.000,321,2
Q58709,0.005, 0.027, 1.000,403,2
Q58710,0.000, 0.016, 1.000,307,1
Q58711,0.066, 0.196, 0.500,361,2
Q58712,0.113, 0.788, 1.000,80,1
Q58713,0.043, 0.137, 1.000,398,2
Q58714,0.131, 0.214, 0.382,602,1
Q58715,0.020, 0.029, 1.000,492,1
Q58716,0.008, 0.046, 1.000,131,1
Q58717,0.073, 0.333, 0.726,713,4
Q58718,0.130, 0.590, 0.977,1005,9
Q58719,0.046, 0.164, 1.000,366,2
Q58720,0.000, 0.077, 1.000,234,2
Q58721,0.000, 0.034, 1.000,89,1
Q58722,0.189, 0.196, 0.349,391,2
Q58723,0.062, 0.109, 1.000,245,2
Q58724,0.144, 0.040, 0.160,298,1
Q58726,0.000, 0.047, 1.000,127,1
Q58727,0.042, 0.116, 1.000,144,2
Q58728,0.084, 0.122, 0.821,393,2
Q58729,0.012, 0.072, 1.000,84,1
Q58730,0.000, 0.046, 1.000,283,1
Q58731,0.005, 0.016, 1.000,187,1
Q58732,0.182, 0.190, 0.703,148,1
Q58733,0.039, 0.095, 1.000,231,1
Q58734,0.031, 0.067, 1.000,353,1
Q58735,0.006, 0.065, 1.000,154,1
Q58736,0.000, 0.009, 1.000,114,1
Q58737,0.000, 0.010, 1.000,312,1
Q58738,0.211, 0.800, 0.957,114,2
Q58739,0.021, 0.051, 1.000,420,1
Q58740,0.000, 0.232, 1.000,112,2
Q58741,0.022, 0.049, 1.000,314,1
Q58742,0.000, 0.095, 1.000,232,1
Q58743,0.057, 0.190, 0.632,336,5
Q58744,0.062, 0.080, 0.903,360,2
Q58745,0.019, 0.051, 1.000,261,1
Q58746,0.002, 0.090, 1.000,510,2
Q58747,0.012, 0.055, 1.000,259,1
Q58749,0.186, 0.941, 0.962,145,0
Q58750,0.013, 0.120, 1.000,571,2
Q58751,0.111, 0.625, 0.622,189,1
Q58752,0.035, 0.181, 1.000,343,2
Q58753,0.895, 0.000, 0.661,152,0
Q58754,0.004, 0.099, 1.000,242,1
Q58755,0.323, 0.134, 0.344,99,1
Q58756,0.041, 0.211, 1.000,292,1
Q58757,0.121, 0.445, 1.000,322,3
Q58758,0.020, 0.162, 1.000,151,2
Q58759,0.078, 0.088, 0.090,422,1
Q58760,0.216, 0.511, 0.815,397,3
Q58761,0.000, 0.056, 1.000,284,2
Q58762,0.000, 0.081, 1.000,297,2
Q58763,0.016, 0.102, 1.000,249,1
Q58764,0.058, 0.082, 1.000,155,1
Q58765,0.024, 0.081, 1.000,328,1
Q58766,0.008, 0.033, 1.000,244,1
Q58767,0.093, 0.103, 0.882,280,1
Q58768,0.309, 0.232, 0.201,162,1
Q58769,0.000, 0.011, 1.000,266,1
Q58770,0.016, 0.313, 1.000,415,2
Q58771,0.061, 0.209, 1.000,245,1
Q58772,0.018, 0.066, 1.000,553,2
Q58773,0.018, 0.106, 1.000,482,1
Q58774,0.000, 0.150, 1.000,100,1
Q58775,0.028, 0.029, 1.000,109,1
Q58776,0.028, 0.132, 1.000,618,1
Q58777,0.007, 0.068, 1.000,146,1
Q58778,0.000, 0.012, 1.000,256,1
Q58779,0.020, 0.036, 1.000,198,1
Q58780,0.022, 0.046, 1.000,179,1
Q58781,0.379, 1.000, 0.892,74,0
Q58782,0.050, 0.142, 0.740,379,2
Q58783,0.002, 0.024, 1.000,415,1
Q58784,0.269, 0.959, 0.665,134,1
Q58785,0.404, 0.185, 0.658,109,1
Q58786,0.007, 0.041, 1.000,418,1
Q58787,0.014, 0.240, 1.000,491,3
Q58788,0.143, 0.289, 0.483,608,3
Q58789,0.121, 0.356, 0.405,987,6
Q58790,0.045, 0.603, 1.000,132,1
Q58792,0.231, 0.299, 0.394,486,3
Q58793,0.115, 0.402, 0.713,391,3
Q58794,0.015, 0.104, 1.000,197,1
Q58795,0.030, 0.154, 1.000,67,1
Q58796,0.053, 0.369, 0.962,808,4
Q58797,0.613, 0.843, 0.424,346,2
Q58798,0.788, 0.938, 0.234,374,2
Q58799,0.197, 0.349, 0.350,421,3
Q58800,0.080, 0.508, 1.000,75,1
Q58801,0.061, 0.100, 1.000,149,1
Q58802,0.000, 0.039, 1.000,129,1
Q58803,0.020, 0.072, 1.000,350,1
Q58804,0.037, 0.306, 1.000,268,2
Q58805,0.006, 0.063, 1.000,159,1
Q58806,0.000, 0.006, 1.000,463,1
Q58808,0.020, 0.080, 1.000,103,1
Q58809,0.207, 0.419, 0.459,241,3
Q58810,0.052, 0.094, 0.788,370,1
Q58811,0.027, 0.141, 1.000,452,3
Q58812,0.166, 0.314, 0.789,649,4
Q58813,0.006, 0.006, 1.000,181,1
Q58814,0.087, 0.035, 1.000,93,1
Q58815,0.104, 0.396, 0.779,1099,5
Q58816,0.032, 0.056, 1.000,443,1
Q58817,0.166, 0.656, 0.711,1847,14
Q58818,0.000, 0.054, 1.000,352,2
Q58819,0.033, 0.092, 1.000,179,1
Q58820,0.000, 0.026, 1.000,344,1
Q58821,0.131, 0.239, 1.000,168,2
Q58822,0.006, 0.099, 1.000,328,2
Q58823,0.027, 0.208, 1.000,567,2
Q58824,0.020, 0.121, 1.000,503,1
Q58825,0.016, 0.024, 1.000,127,1
Q58826,0.017, 0.051, 1.000,359,2
Q58827,0.000, 0.074, 1.000,162,1
Q58828,0.052, 0.389, 1.000,247,1
Q58829,0.023, 0.046, 1.000,220,1
Q58830,0.113, 0.111, 1.000,71,1
Q58831,0.154, 0.280, 1.000,97,1
Q58832,0.004, 0.066, 1.000,228,1
Q58833,0.016, 0.055, 1.000,258,1
Q58834,0.217, 0.037, 0.512,207,1
Q58835,0.000, 0.082, 1.000,282,1
Q58836,0.042, 0.189, 0.333,1226,4
Q58837,0.411, 0.219, 0.277,202,2
Q58838,0.027, 0.037, 1.000,110,1
Q58839,0.049, 0.236, 1.000,326,2
Q58840,0.012, 0.017, 1.000,176,1
Q58841,0.004, 0.016, 1.000,257,1
Q58842,0.078, 0.177, 0.769,381,3
Q58843,0.045, 0.223, 0.578,530,1
Q58844,0.035, 0.143, 1.000,370,2
Q58845,0.000, 0.003, 1.000,371,1
Q58846,0.037, 0.151, 0.324,484,1
Q58847,0.004, 0.073, 1.000,259,1
Q58848,0.005, 0.099, 1.000,192,1
Q58849,0.000, 0.041, 1.000,220,1
Q58850,0.040, 0.188, 1.000,305,1
Q58851,0.014, 0.052, 1.000,429,1
Q58852,0.556, 0.649, 0.680,135,0
Q58853,0.000, 0.037, 1.000,218,1
Q58854,0.004, 0.081, 1.000,556,2
Q58855,0.031, 0.115, 1.000,162,1
Q58856,0.261, 0.490, 0.655,199,2
Q58857,0.024, 0.049, 1.000,83,1
Q58858,0.026, 0.115, 1.000,233,1
Q58859,0.108, 0.252, 0.648,373,3
Q58860,0.005, 0.096, 1.000,405,1
Q58861,0.014, 0.195, 1.000,214,1
Q58862,0.228, 0.303, 0.570,184,1
Q58863,0.366, 0.541, 0.560,1009,4
Q58864,0.120, 0.742, 1.000,75,0
Q58865,0.179, 0.385, 0.821,624,4
Q58866,0.175, 0.830, 0.966,178,2
Q58867,0.079, 0.327, 1.000,544,3
Q58868,0.000, 0.071, 1.000,308,1
Q58869,0.198, 0.380, 0.717,197,1
Q58870,0.032, 0.174, 1.000,125,2
Q58871,0.074, 0.126, 0.946,230,3
Q58872,0.196, 0.015, 0.102,346,1
Q58873,0.047, 0.101, 1.000,303,1
Q58874,0.000, 0.058, 1.000,432,1
Q58875,0.052, 0.222, 0.596,423,2
Q58876,0.112, 0.312, 0.625,213,1
Q58877,0.039, 0.191, 1.000,309,1
Q58878,0.908, 0.000, 0.253,152,0
Q58879,0.633, 1.000, 0.569,150,1
Q58880,0.071, 0.223, 0.648,474,2
Q58881,0.008, 0.051, 1.000,389,1
Q58882,0.005, 0.014, 1.000,426,1
Q58883,0.000, 0.008, 1.000,393,1
Q58884,0.088, 0.435, 0.761,682,4
Q58885,0.005, 0.021, 1.000,423,1
Q58886,0.150, 0.713, 0.893,127,1
Q58887,0.000, 0.013, 1.000,156,1
Q58888,0.065, 0.070, 1.000,231,2
Q58889,0.180, 0.352, 0.522,371,4
Q58890,0.116, 0.198, 1.000,292,2
Q58891,0.176, 0.596, 0.898,114,1
Q58892,0.020, 0.065, 1.000,346,1
Q58893,0.079, 0.104, 0.304,292,2
Q58894,0.094, 0.083, 1.000,160,1
Q58895,0.017, 0.270, 1.000,230,1
Q58896,0.000, 0.018, 1.000,223,1
Q58897,0.003, 0.041, 1.000,317,1
Q58898,0.038, 0.110, 1.000,132,1
Q58899,0.019, 0.078, 1.000,366,1
Q58900,0.145, 0.378, 0.400,778,6
Q58901,0.158, 0.188, 0.481,437,2
Q58902,0.073, 0.397, 0.890,399,2
Q58903,0.000, 0.040, 1.000,224,1
Q58904,0.014, 0.013, 1.000,153,1
Q58905,0.005, 0.031, 1.000,193,1
Q58906,0.047, 0.059, 1.000,107,1
Q58907,0.104, 0.582, 0.913,1613,10
Q58908,0.051, 0.119, 0.647,335,3
Q58909,0.008, 0.126, 1.000,120,1
Q58910,0.045, 0.248, 1.000,355,2
Q58911,0.030, 0.063, 1.000,99,1
Q58912,1.000, 0.000, 0.302,278,0
Q58913,0.497, 0.606, 0.129,374,3
Q58914,0.195, 0.535, 0.569,1175,6
Q58915,0.026, 0.085, 1.000,387,1
Q58916,0.031, 0.247, 1.000,422,1
Q58917,0.014, 0.058, 1.000,211,1
Q58918,0.000, 0.008, 1.000,124,1
Q58919,0.065, 0.168, 1.000,108,1
Q58920,0.037, 0.150, 0.892,933,4
Q58921,0.119, 0.102, 0.622,244,2
Q58922,0.043, 0.164, 1.000,140,1
Q58923,0.000, 0.068, 1.000,219,1
Q58924,0.054, 0.044, 1.000,167,1
Q58925,0.026, 0.073, 1.000,156,1
Q58926,0.019, 0.074, 1.000,425,2
Q58927,0.004, 0.097, 1.000,237,1
Q58928,0.104, 0.508, 0.702,642,6
Q58929,0.003, 0.006, 1.000,331,1
Q58930,0.204, 0.093, 0.034,299,1
Q58931,0.000, 0.040, 1.000,301,1
Q58932,0.813, 0.688, 0.376,343,2
Q58933,0.044, 0.147, 1.000,248,2
Q58934,0.798, 1.000, 0.482,109,1
Q58935,0.132, 0.347, 1.000,136,2
Q58936,0.000, 0.045, 1.000,420,1
Q58937,0.142, 0.540, 0.444,808,6
Q58938,0.006, 0.012, 1.000,330,1
Q58939,0.070, 0.139, 0.586,441,2
Q58940,0.074, 0.260, 0.500,241,2
Q58941,0.000, 0.012, 1.000,345,1
Q58942,0.033, 0.305, 1.000,122,1
Q58943,0.241, 0.212, 0.954,87,1
Q58944,0.000, 0.005, 1.000,392,2
Q58945,0.705, 1.000, 0.674,61,0
Q58946,0.035, 0.019, 1.000,57,1
Q58947,0.085, 0.108, 1.000,141,1
Q58948,0.230, 0.505, 0.722,157,1
Q58949,0.126, 0.161, 0.143,622,2
Q58950,0.016, 0.060, 1.000,438,1
Q58951,0.029, 0.205, 1.000,312,2
Q58952,0.024, 0.094, 1.000,249,1
Q58953,0.067, 0.047, 1.000,90,1
Q58954,0.000, 0.006, 1.000,170,1
Q58955,0.052, 0.177, 1.000,386,2
Q58956,0.093, 0.182, 0.452,553,3
Q58957,0.015, 0.236, 1.000,388,2
Q58958,0.013, 0.120, 1.000,152,1
Q58959,0.059, 0.187, 1.000,170,1
Q58960,0.051, 0.193, 0.765,513,1
Q58961,0.115, 0.455, 0.626,447,3
Q58962,0.149, 0.114, 0.960,175,1
Q58963,0.000, 0.017, 1.000,173,1
Q58964,0.055, 0.043, 1.000,222,1
Q58965,0.035, 0.288, 1.000,115,1
Q58967,0.018, 0.234, 1.000,278,2
Q58968,1.000, 0.000, 0.721,61,0
Q58969,0.038, 0.298, 0.684,684,4
Q58970,0.005, 0.123, 1.000,188,1
Q58971,0.063, 0.096, 1.000,189,1
Q58972,0.048, 0.276, 0.583,598,3
Q58973,0.023, 0.106, 1.000,259,1
Q58974,0.014, 0.072, 1.000,70,1
Q58975,0.016, 0.639, 1.000,124,1
Q58976,0.003, 0.174, 1.000,306,1
Q58977,0.008, 0.016, 1.000,249,1
Q58978,0.000, 0.032, 1.000,126,1
Q58979,0.093, 0.284, 1.000,151,1
Q58980,0.023, 0.016, 1.000,310,1
Q58981,0.028, 0.075, 1.000,491,1
Q58982,0.035, 0.194, 1.000,171,1
Q58983,0.027, 0.037, 1.000,112,1
Q58984,0.066, 0.636, 1.000,241,3
Q58985,0.286, 0.973, 0.899,105,0
Q58987,0.004, 0.033, 1.000,242,1
Q58988,0.000, 0.012, 1.000,83,1
Q58989,0.014, 0.063, 1.000,211,1
Q58990,0.051, 0.267, 0.706,336,2
Q58991,0.020, 0.117, 1.000,347,1
Q58992,0.000, 0.023, 1.000,429,1
Q58993,0.017, 0.099, 1.000,350,1
Q58994,0.007, 0.061, 1.000,277,1
Q58995,0.034, 0.111, 1.000,177,1
Q58996,0.013, 0.152, 1.000,160,1
Q58997,0.003, 0.024, 1.000,336,1
Q58998,0.000, 0.018, 1.000,226,1
Q58999,0.006, 0.041, 1.000,462,1
Q59000,0.000, 0.010, 1.000,401,1
Q59001,0.025, 0.096, 1.000,521,2
Q59002,0.000, 0.021, 1.000,390,1
Q59003,0.014, 0.072, 1.000,70,1
Q59004,0.032, 0.144, 1.000,374,2
Q59005,0.005, 0.036, 1.000,615,1
Q59006,0.096, 0.085, 0.198,467,2
Q59007,0.005, 0.097, 1.000,411,1
Q59008,0.012, 0.167, 1.000,255,1
Q59009,0.000, 0.028, 1.000,251,1
Q59010,0.059, 0.271, 1.000,255,2
Q59011,0.036, 0.138, 0.667,496,2
Q59012,0.226, 0.306, 0.668,93,1
Q59013,0.016, 0.049, 1.000,125,1
Q59014,0.000, 0.025, 1.000,237,1
Q59015,0.024, 0.075, 1.000,505,1
Q59016,0.000, 0.175, 1.000,57,1
Q59017,0.029, 0.183, 1.000,512,3
Q59018,0.000, 0.062, 1.000,128,1
Q59019,0.102, 0.362, 0.039,765,3
Q59020,0.013, 0.231, 1.000,671,3
Q59021,0.026, 0.047, 1.000,151,1
Q59022,0.013, 0.104, 1.000,448,2
Q59023,0.000, 0.041, 1.000,292,1
Q59024,0.038, 0.179, 0.421,1139,3
Q59025,0.000, 0.027, 1.000,519,1
Q59026,0.090, 0.099, 0.700,255,1
Q59027,0.031, 0.101, 1.000,478,2
Q59028,0.000, 0.037, 1.000,241,1
Q59029,0.082, 0.266, 0.378,414,1
Q59030,0.022, 0.032, 1.000,323,2
Q59031,0.053, 0.114, 0.113,473,2
Q59032,0.008, 0.078, 1.000,260,1
Q59033,0.766, 0.889, 0.483,154,1
Q59034,0.005, 0.010, 1.000,205,1
Q59035,0.112, 0.243, 0.688,287,2
Q59036,0.167, 0.135, 0.072,161,1
Q59037,0.096, 0.625, 1.000,1169,11
Q59038,0.062, 0.211, 1.000,177,2
Q59039,0.025, 0.084, 1.000,243,1
Q59040,0.128, 0.169, 0.781,211,3
Q59041,0.042, 0.402, 1.000,96,1
Q59042,0.000, 0.004, 1.000,230,1
Q59043,0.023, 0.100, 1.000,387,2
Q59044,0.073, 0.222, 0.247,384,3
Q59045,0.031, 0.028, 1.000,263,1
Q59046,0.041, 0.244, 0.780,761,4
Q59047,0.013, 0.053, 1.000,385,1
Q59048,0.204, 0.313, 0.108,225,2
Q59049,0.027, 0.062, 1.000,183,2
Q59050,0.110, 0.085, 0.691,237,1
Q59051,0.000, 0.114, 1.000,332,1
Q59052,0.008, 0.093, 1.000,119,1
Q59053,0.078, 0.156, 0.500,361,2
Q59054,0.002, 0.106, 1.000,539,2
Q59055,0.027, 0.039, 1.000,186,2
Q59056,0.035, 0.263, 0.629,555,2
Q59057,0.049, 0.170, 1.000,204,1
Q59058,0.027, 0.159, 1.000,226,1
Q59059,0.033, 0.131, 1.000,458,1
Q59060,0.000, 0.123, 1.000,465,2
Q59061,0.115, 0.229, 0.104,418,1
Q59062,0.109, 0.295, 0.587,376,3
Q59063,0.052, 0.174, 1.000,248,1
Q59064,0.038, 0.024, 1.000,133,1
Q59065,0.067, 0.429, 1.000,45,0
Q59066,0.153, 0.353, 0.641,800,6
Q59067,0.000, 0.039, 1.000,129,1
Q59068,0.005, 0.173, 1.000,634,2
Q59069,0.004, 0.062, 1.000,259,1
Q59070,0.000, 0.046, 1.000,238,1
Q59071,0.064, 0.058, 1.000,205,2
Q59072,0.003, 0.080, 1.000,377,1
Q59073,0.165, 0.456, 1.000,97,1
Q59074,0.051, 0.191, 1.000,155,1
Q59075,0.006, 0.039, 1.000,380,1
Q59076,0.169, 0.504, 0.834,284,3
Q60172,0.008, 0.201, 1.000,392,2
Q60173,0.000, 0.035, 1.000,423,1
Q60174,0.018, 0.074, 1.000,395,1
Q60175,0.135, 0.464, 0.830,436,3
Q60176,0.000, 0.038, 1.000,313,1
Q60177,0.027, 0.157, 1.000,261,1
Q60178,0.039, 0.022, 1.000,335,1
Q60179,0.009, 0.078, 1.000,404,1
Q60180,0.061, 0.056, 0.295,281,2
Q60181,0.041, 0.172, 0.537,636,4
Q60182,0.011, 0.087, 1.000,454,1
Q60257,0.007, 0.049, 1.000,144,1
Q60258,0.031, 0.164, 1.000,295,2
Q60259,0.051, 0.094, 1.000,79,1
Q60260,0.005, 0.048, 1.000,439,2
Q60261,0.026, 0.310, 1.000,116,1
Q60262,0.306, 1.000, 0.526,62,0
Q60263,0.014, 0.725, 1.000,70,0
Q60264,0.015, 0.046, 1.000,67,1
Q60265,0.262, 0.938, 1.000,65,1
Q60266,0.072, 0.364, 0.889,249,2
Q60267,0.380, 0.850, 0.387,129,1
Q60268,0.861, 0.000, 0.904,108,1
Q60269,0.084, 0.368, 0.571,415,2
Q60271,0.158, 1.000, 0.880,108,1
Q60272,0.178, 0.572, 0.669,219,2
Q60273,0.079, 0.400, 1.000,114,1
Q60274,0.120, 0.373, 0.933,241,1
Q60275,0.123, 0.545, 0.732,602,5
Q60276,0.079, 0.353, 0.924,314,2
Q60277,0.005, 0.168, 1.000,365,2
Q60278,0.028, 0.083, 1.000,211,1
Q60279,0.046, 0.283, 1.000,174,1
Q60280,0.068, 0.117, 1.000,147,1
Q60281,0.050, 0.290, 0.500,432,2
Q60282,0.109, 0.672, 0.596,827,6
Q60283,0.000, 0.170, 1.000,259,1
Q60284,0.764, 1.000, 0.631,110,1
Q60285,0.038, 0.176, 1.000,343,1
Q60286,0.302, 0.354, 0.470,162,2
Q60287,0.402, 0.893, 0.537,1272,5
Q60288,0.013, 0.013, 1.000,153,1
Q60289,0.148, 0.335, 0.554,438,3
Q60290,0.076, 0.263, 0.513,408,2
Q60291,0.098, 0.389, 0.612,630,6
Q60292,0.523, 0.761, 0.589,237,3
Q60293,0.108, 0.614, 0.824,259,1
Q60294,0.123, 0.435, 0.813,351,4
Q60295,0.187, 0.488, 0.578,1042,7
Q60296,0.027, 0.103, 1.000,432,2
Q60297,0.104, 0.182, 0.279,558,2
Q60298,0.078, 0.602, 0.897,384,2
Q60299,0.178, 0.375, 0.663,331,2
Q60300,0.130, 0.242, 0.892,276,2
Q60301,0.111, 0.451, 0.577,1181,6
Q60302,0.065, 0.188, 1.000,108,2
Q60303,0.081, 0.565, 1.000,135,1
Q60304,0.188, 1.000, 1.000,144,1
Q60305,0.178, 0.374, 0.921,140,2
Q60306,0.331, 0.522, 0.426,441,3
Q60307,0.588, 0.774, 0.344,1064,6
Q60308,1.000, 0.000, 0.152,237,1
Q60309,1.000, 0.000, 0.175,286,0
Q60310,0.000, 0.042, 1.000,168,1
Q60311,0.172, 0.379, 1.000,70,1
Q60312,0.045, 0.090, 1.000,243,1
Q60313,0.000, 0.019, 1.000,156,1
Q60314,0.000, 0.042, 1.000,378,1
Q60315,0.000, 0.062, 1.000,243,1
Q60316,0.010, 0.062, 1.000,379,1
Q60317,0.000, 0.067, 1.000,375,1
Q60318,0.003, 0.005, 1.000,373,1
Q60319,0.041, 0.138, 1.000,220,1
Q60320,0.018, 0.129, 1.000,276,1
Q60321,0.093, 0.422, 1.000,162,1
Q60322,0.362, 1.000, 0.856,58,0
Q60323,0.028, 0.245, 1.000,214,2
Q60324,0.204, 0.338, 0.382,524,2
Q60325,0.038, 0.191, 1.000,630,3
Q60326,0.000, 0.009, 1.000,428,1
Q60327,0.218, 0.364, 0.394,197,1
Q60328,0.379, 0.900, 0.164,208,1
Q60329,0.070, 0.247, 1.000,213,2
Q60330,0.296, 0.565, 0.895,98,1
Q60331,0.022, 0.130, 1.000,417,2
Q60332,0.021, 0.095, 1.000,375,1
Q60333,0.186, 0.552, 0.909,118,1
Q60334,0.022, 0.059, 1.000,139,1
Q60335,0.003, 0.003, 1.000,338,1
Q60336,0.136, 0.101, 0.360,184,1
Q60337,0.006, 0.069, 1.000,319,1
Q60338,0.062, 0.044, 0.774,415,1
Q60339,0.126, 0.181, 0.738,183,2
Q60340,0.021, 0.138, 1.000,230,1
Q60341,0.017, 0.017, 1.000,287,1
Q60342,0.011, 0.044, 1.000,362,2
Q60343,0.048, 0.054, 1.000,274,2
Q60344,0.008, 0.144, 1.000,238,1
Q60345,0.124, 0.153, 0.556,217,1
Q60346,0.051, 0.083, 0.216,454,1
Q60347,0.200, 0.494, 0.580,215,2
Q60348,0.112, 0.334, 0.866,785,6
Q60349,0.006, 0.252, 1.000,316,1
Q60350,0.068, 0.129, 0.529,250,1
Q60351,0.061, 0.028, 1.000,115,1
Q60352,0.019, 0.090, 1.000,260,1
Q60353,0.041, 0.123, 1.000,221,1
Q60354,0.104, 0.137, 0.740,261,2
Q60355,0.000, 0.063, 1.000,428,1
Q60356,0.004, 0.076, 1.000,539,1
Q60357,0.004, 0.013, 1.000,228,1
Q60358,0.003, 0.033, 1.000,396,1
Q60359,0.063, 0.327, 1.000,222,2
Q60360,0.044, 0.180, 1.000,227,1
Q60361,0.000, 0.028, 1.000,281,1
Q60362,0.042, 0.201, 0.500,426,1
Q60363,0.035, 0.054, 1.000,115,1
Q60364,0.008, 0.053, 1.000,227,1
Q60365,0.045, 0.080, 1.000,132,2
Q60366,0.015, 0.026, 1.000,391,1
Q60367,0.000, 0.119, 1.000,252,1
Q60368,0.225, 0.048, 0.889,80,1
Q60369,0.019, 0.049, 1.000,207,1
Q60370,0.000, 0.074, 1.000,363,1
Q60371,0.194, 0.398, 0.902,103,1
Q60372,0.009, 0.017, 1.000,115,1
Q60373,0.134, 0.465, 1.000,82,1
Q60374,0.078, 0.169, 1.000,90,1
Q60375,0.039, 0.276, 1.000,181,1
Q60376,0.069, 0.188, 1.000,189,2
Q60377,0.029, 0.073, 1.000,480,1
Q60378,0.068, 0.048, 1.000,44,1
Q60379,0.011, 0.130, 1.000,93,1
Q60380,0.014, 0.175, 1.000,358,1
Q60381,0.000, 0.196, 1.000,112,2
Q60382,0.007, 0.114, 1.000,300,1
Q60383,0.159, 0.221, 0.390,113,1
Q60384,0.110, 0.638, 0.618,382,3
Q60385,0.073, 0.156, 1.000,207,1
Q60386,0.087, 0.129, 1.000,127,2
Q60387,0.000, 0.008, 1.000,266,1
Q60388,0.033, 0.114, 1.000,365,1
Q60389,0.003, 0.235, 1.000,380,2
Q60390,0.009, 0.013, 1.000,447,1
Q60391,0.007, 0.004, 1.000,552,1
Q60392,0.000, 0.124, 1.000,249,1
