O05154,0.046, 0.077, 0.870,353,1
O05204,0.002, 0.164, 1.000,507,2
O06446,0.105, 0.369, 0.648,843,4
O07325,0.200, 0.024, 0.105,470,1
O08387,0.300, 0.827, 0.913,430,3
O33599,0.257, 0.030, 0.062,316,2
O34090,0.023, 0.136, 1.000,308,1
O50581,0.160, 0.674, 0.662,686,5
O52582,0.000, 0.005, 1.000,438,1
P02976,0.411, 0.451, 0.127,516,6
P0A011,0.006, 0.034, 1.000,326,1
P0A084,0.006, 0.084, 1.000,169,1
P0A086,0.023, 0.029, 1.000,177,1
P0A088,0.014, 0.057, 1.000,142,1
P0A0B7,0.000, 0.048, 1.000,189,1
P0A0B9,0.000, 0.016, 1.000,310,1
P0A0F4,0.043, 0.865, 1.000,140,2
P0A0F8,0.000, 0.007, 1.000,146,1
P0A0G2,0.000, 0.051, 1.000,59,1
P0A0G6,0.131, 0.178, 1.000,84,1
P0A0H0,0.000, 0.022, 1.000,137,1
P0A0I4,0.050, 0.439, 1.000,60,1
P0A0J0,0.180, 0.371, 0.606,368,3
P0A0J3,0.000, 0.010, 1.000,199,1
P0A0K3,0.006, 0.012, 1.000,171,1
P0A0M9,0.021, 0.043, 1.000,144,1
P0A0Q0,0.020, 0.106, 1.000,251,2
P0A0Q4,0.006, 0.265, 1.000,156,1
P0C0V7,0.018, 0.104, 1.000,451,2
P0C7Y1,0.048, 0.200, 1.000,21,0
P0C7Z3,0.048, 0.250, 1.000,21,0
P0C805,0.045, 0.191, 1.000,22,0
P0C818,0.050, 0.158, 1.000,20,0
P0C948,0.110, 0.112, 1.000,100,1
P14738,0.704, 0.253, 0.105,1018,1
P31337,0.069, 0.133, 1.000,218,2
P47768,0.036, 0.262, 0.389,1183,4
P48860,0.246, 0.979, 0.333,122,1
P48940,0.013, 0.130, 1.000,156,1
P52078,0.191, 0.363, 0.377,405,2
P60070,0.019, 0.047, 1.000,108,1
P60393,0.013, 0.172, 1.000,311,3
P60430,0.011, 0.029, 1.000,277,1
P60611,0.082, 0.279, 0.402,246,2
P60639,0.004, 0.044, 1.000,229,1
P60643,0.025, 0.088, 1.000,233,1
P60647,0.100, 0.203, 1.000,131,2
P68805,0.108, 0.486, 1.000,120,2
P69848,0.047, 0.145, 1.000,340,2
P72358,0.123, 0.178, 0.610,147,1
P72360,0.009, 0.063, 1.000,224,1
P95689,0.005, 0.049, 1.000,428,1
Q05615,0.007, 0.073, 1.000,432,1
Q2FUP5,0.056, 0.166, 1.000,230,2
Q2FUP6,0.224, 0.428, 0.781,268,2
Q2FUP7,0.072, 0.347, 0.903,413,3
Q2FUP8,0.112, 0.032, 1.000,71,1
Q2FUP9,0.042, 0.177, 1.000,118,2
Q2FUQ0,0.000, 0.022, 1.000,45,1
Q2FUQ1,0.018, 0.096, 1.000,117,1
Q2FUQ2,0.124, 0.371, 0.403,459,4
Q2FUQ3,0.010, 0.108, 1.000,625,2
Q2FUQ4,0.004, 0.092, 1.000,239,1
Q2FUQ5,0.172, 0.536, 0.541,279,2
Q2FUQ6,0.043, 0.794, 1.000,117,0
Q2FUQ7,0.015, 0.403, 1.000,131,2
Q2FUQ8,0.026, 0.212, 1.000,189,1
Q2FUQ9,0.107, 0.090, 1.000,75,1
Q2FUR0,0.507, 1.000, 0.824,79,0
Q2FUR1,0.163, 0.433, 0.632,116,1
Q2FUR2,0.018, 0.123, 1.000,165,1
Q2FUR3,0.118, 0.210, 0.669,178,1
Q2FUR4,0.051, 0.600, 1.000,79,0
Q2FUR5,0.099, 0.665, 0.970,626,3
Q2FUR6,0.024, 0.073, 1.000,252,1
Q2FUR7,0.036, 0.171, 1.000,170,1
Q2FUR8,0.000, 0.057, 1.000,264,1
Q2FUR9,0.180, 0.437, 0.789,338,2
Q2FUS0,0.036, 0.114, 1.000,191,2
Q2FUS1,0.030, 0.072, 1.000,302,1
Q2FUS2,0.008, 0.214, 1.000,472,1
Q2FUS3,0.006, 0.058, 1.000,154,1
Q2FUS4,0.054, 0.264, 1.000,112,1
Q2FUS5,0.114, 0.836, 0.965,255,2
Q2FUS6,0.005, 0.033, 1.000,212,1
Q2FUS7,0.012, 0.022, 1.000,318,1
Q2FUS8,0.009, 0.057, 1.000,324,1
Q2FUS9,0.000, 0.053, 1.000,171,1
Q2FUT0,0.007, 0.067, 1.000,282,1
Q2FUT1,0.016, 0.094, 1.000,184,1
Q2FUT2,0.031, 0.409, 0.613,570,2
Q2FUT3,0.044, 0.479, 1.000,277,2
Q2FUT4,0.000, 0.067, 1.000,165,1
Q2FUT5,0.074, 0.090, 0.716,374,1
Q2FUT6,0.000, 0.243, 1.000,272,1
Q2FUT7,0.015, 0.025, 1.000,204,1
Q2FUT8,0.007, 0.048, 1.000,416,1
Q2FUT9,0.012, 0.030, 1.000,337,1
Q2FUU0,0.000, 0.026, 1.000,192,1
Q2FUU1,0.010, 0.005, 1.000,192,1
Q2FUU2,0.004, 0.129, 1.000,234,1
Q2FUU3,0.076, 0.314, 0.539,462,3
Q2FUU4,1.000, 0.000, 0.671,79,0
Q2FUU5,0.444, 0.135, 0.034,680,1
Q2FUV1,0.127, 0.375, 1.000,220,2
Q2FUV2,0.105, 0.058, 0.457,230,1
Q2FUV3,0.035, 0.017, 1.000,255,1
Q2FUV4,0.030, 0.019, 1.000,166,1
Q2FUV5,0.000, 0.019, 1.000,158,1
Q2FUV6,0.000, 0.103, 1.000,203,1
Q2FUV7,0.050, 0.380, 1.000,119,1
Q2FUV8,0.270, 0.178, 0.852,100,1
Q2FUV9,0.746, 1.000, 0.680,142,1
Q2FUW0,0.060, 0.176, 1.000,230,1
Q2FUW1,0.779, 0.018, 0.019,2271,3
Q2FUW2,0.154, 0.505, 0.870,403,4
Q2FUW3,0.047, 0.191, 0.787,517,2
Q2FUW4,0.034, 0.104, 0.618,522,2
Q2FUW5,0.150, 0.399, 0.793,319,3
Q2FUW6,0.078, 0.451, 0.949,796,4
Q2FUW7,0.000, 0.118, 1.000,502,2
Q2FUW8,0.031, 0.158, 1.000,452,2
Q2FUW9,0.500, 0.514, 0.204,635,3
Q2FUX0,0.115, 0.459, 0.278,650,3
Q2FUX1,0.058, 0.498, 0.862,624,4
Q2FUX2,0.848, 0.781, 0.419,152,0
Q2FUX3,0.240, 0.120, 0.167,175,2
Q2FUX4,0.058, 0.104, 0.172,498,2
Q2FUX5,0.040, 0.252, 1.000,149,2
Q2FUX6,0.910, 0.000, 0.940,55,0
Q2FUX7,0.031, 0.166, 1.000,411,1
Q2FUX8,0.027, 0.070, 1.000,336,1
Q2FUX9,0.057, 0.294, 0.807,476,2
Q2FUY1,0.068, 0.115, 1.000,234,2
Q2FUY2,0.687, 0.645, 0.131,877,2
Q2FUY3,0.004, 0.012, 1.000,253,1
Q2FUY4,0.059, 0.148, 1.000,151,1
Q2FUY5,0.222, 0.928, 1.000,36,0
Q2FUY6,0.095, 0.044, 0.063,474,1
Q2FUY7,0.264, 0.309, 1.000,57,0
Q2FUY8,0.637, 0.375, 0.571,66,0
Q2FUY9,0.055, 0.158, 1.000,221,3
Q2FUZ0,0.041, 0.346, 1.000,295,3
Q2FUZ1,0.020, 0.061, 1.000,251,1
Q2FUZ2,0.105, 0.619, 0.629,666,4
Q2FUZ3,0.036, 0.241, 1.000,56,1
Q2FUZ4,0.405, 0.909, 1.000,37,0
Q2FUZ5,0.884, 0.000, 0.684,86,0
Q2FUZ6,0.036, 0.050, 1.000,165,1
Q2FUZ7,0.067, 0.214, 1.000,30,0
Q2FUZ8,0.109, 0.159, 0.119,626,3
Q2FUZ9,0.000, 0.050, 1.000,201,1
Q2FV00,0.161, 1.000, 1.000,31,0
Q2FV01,0.044, 0.408, 0.795,456,1
Q2FV02,0.008, 0.128, 1.000,616,1
Q2FV03,0.006, 0.034, 1.000,178,1
Q2FV04,0.306, 0.919, 1.000,36,0
Q2FV05,0.000, 0.094, 1.000,53,1
Q2FV06,0.045, 0.357, 0.956,534,1
Q2FV07,0.048, 0.027, 1.000,228,1
Q2FV08,0.037, 0.038, 1.000,187,2
Q2FV09,0.065, 0.517, 1.000,31,0
Q2FV10,0.004, 0.018, 1.000,496,1
Q2FV11,0.025, 0.067, 1.000,569,1
Q2FV12,0.014, 0.246, 1.000,70,1
Q2FV13,0.088, 0.209, 1.000,147,1
Q2FV14,0.019, 0.198, 1.000,532,2
Q2FV15,0.394, 1.000, 0.954,109,0
Q2FV16,0.024, 0.218, 1.000,498,2
Q2FV17,0.000, 0.017, 1.000,296,1
Q2FV18,0.000, 0.065, 1.000,138,1
Q2FV19,0.004, 0.009, 1.000,234,1
Q2FV20,0.000, 0.021, 1.000,286,1
Q2FV21,0.007, 0.051, 1.000,272,1
Q2FV22,0.004, 0.053, 1.000,283,1
Q2FV23,0.055, 0.041, 1.000,127,1
Q2FV24,0.002, 0.020, 1.000,560,1
Q2FV25,0.562, 0.000, 0.945,32,0
Q2FV26,0.046, 0.172, 1.000,195,2
Q2FV27,0.013, 0.082, 1.000,149,1
Q2FV28,0.004, 0.058, 1.000,240,1
Q2FV29,0.462, 0.633, 0.595,91,0
Q2FV30,0.003, 0.088, 1.000,354,2
Q2FV31,0.034, 0.058, 1.000,288,1
Q2FV32,0.055, 0.196, 1.000,92,1
Q2FV33,0.016, 0.258, 1.000,122,1
Q2FV34,0.020, 0.062, 1.000,98,1
Q2FV35,0.003, 0.101, 1.000,368,2
Q2FV36,0.056, 0.774, 1.000,267,4
Q2FV37,0.105, 0.571, 0.552,172,1
Q2FV38,0.145, 0.545, 0.421,296,3
Q2FV39,0.000, 0.029, 1.000,276,1
Q2FV40,0.009, 0.033, 1.000,336,1
Q2FV41,0.034, 0.097, 1.000,234,2
Q2FV42,0.049, 0.170, 1.000,185,1
Q2FV43,0.091, 0.233, 1.000,99,2
Q2FV44,0.018, 0.060, 1.000,273,2
Q2FV45,0.000, 0.064, 1.000,125,1
Q2FV46,0.079, 0.300, 1.000,76,1
Q2FV47,0.994, 0.000, 0.218,166,1
Q2FV48,0.063, 0.266, 1.000,189,2
Q2FV49,0.044, 0.186, 1.000,45,0
Q2FV50,0.595, 1.000, 0.960,42,0
Q2FV51,0.017, 0.145, 1.000,351,1
Q2FV52,0.407, 0.601, 0.084,233,2
Q2FV53,0.012, 0.037, 1.000,162,1
Q2FV54,0.073, 0.247, 0.479,603,1
Q2FV55,0.643, 0.824, 0.201,255,1
Q2FV56,0.145, 0.397, 0.876,165,1
Q2FV57,0.030, 0.074, 1.000,497,2
Q2FV58,0.059, 0.167, 0.864,375,1
Q2FV59,0.006, 0.021, 1.000,287,1
Q2FV60,0.028, 0.201, 1.000,502,1
Q2FV61,0.003, 0.052, 1.000,384,1
Q2FV62,0.000, 0.036, 1.000,332,1
Q2FV63,0.000, 0.044, 1.000,68,1
Q2FV64,0.086, 0.617, 0.884,802,4
Q2FV65,0.635, 0.956, 1.000,63,0
Q2FV66,0.055, 0.026, 1.000,199,1
Q2FV67,0.002, 0.004, 1.000,514,1
Q2FV68,0.382, 1.000, 0.953,55,0
Q2FV69,0.044, 0.299, 1.000,182,1
Q2FV70,0.173, 0.654, 0.682,822,6
Q2FV71,0.000, 0.013, 1.000,75,1
Q2FV72,0.077, 0.736, 0.935,664,4
Q2FV73,0.518, 0.222, 0.759,56,0
Q2FV74,0.184, 0.458, 0.549,701,5
Q2FV75,0.029, 0.101, 1.000,173,1
Q2FV76,0.000, 0.010, 1.000,388,1
Q2FV77,0.014, 0.110, 1.000,425,2
Q2FV78,0.035, 0.207, 1.000,85,1
Q2FV79,0.205, 0.400, 1.000,44,0
Q2FV80,0.000, 0.529, 1.000,34,0
Q2FV81,0.196, 0.078, 0.964,143,1
Q2FV82,0.042, 0.160, 1.000,72,1
Q2FV83,0.040, 0.287, 1.000,275,2
Q2FV86,0.005, 0.093, 1.000,579,1
Q2FV87,0.094, 0.371, 0.660,688,3
Q2FV88,0.029, 0.023, 1.000,136,1
Q2FV89,0.044, 0.046, 1.000,114,1
Q2FV90,0.034, 0.061, 1.000,322,1
Q2FV91,0.045, 0.165, 1.000,311,1
Q2FV92,0.523, 0.374, 0.857,67,0
Q2FV93,0.066, 0.191, 0.318,331,1
Q2FV94,0.093, 0.088, 0.763,226,1
Q2FV95,0.026, 0.010, 1.000,299,1
Q2FV96,0.031, 0.710, 1.000,32,0
Q2FV97,0.018, 1.000, 1.000,56,1
Q2FV98,0.000, 0.012, 1.000,163,1
Q2FV99,0.068, 0.270, 1.000,206,2
Q2FVA0,0.012, 0.254, 1.000,243,1
Q2FVA1,0.000, 0.038, 1.000,211,1
Q2FVA2,0.000, 0.038, 1.000,266,1
Q2FVA3,0.000, 0.054, 1.000,315,1
Q2FVA4,0.004, 0.004, 1.000,223,1
Q2FVA5,0.007, 0.019, 1.000,268,1
Q2FVA6,0.032, 0.143, 1.000,94,1
Q2FVA7,0.021, 0.070, 1.000,144,1
Q2FVA8,0.007, 0.069, 1.000,290,1
Q2FVA9,0.000, 0.041, 1.000,197,1
Q2FVB0,0.259, 0.699, 0.884,301,2
Q2FVB1,0.986, 0.000, 0.666,70,0
Q2FVB2,0.059, 0.146, 0.966,654,2
Q2FVB3,0.039, 0.520, 1.000,256,3
Q2FVB4,0.035, 0.220, 1.000,231,2
Q2FVB5,0.092, 0.261, 1.000,152,1
Q2FVB6,0.075, 0.279, 0.480,387,3
Q2FVB7,0.188, 0.384, 1.000,32,0
Q2FVB8,0.207, 0.839, 0.952,203,2
Q2FVB9,0.045, 0.162, 0.422,425,2
Q2FVC0,0.659, 0.334, 0.466,88,0
Q2FVC1,0.023, 0.067, 1.000,552,1
Q2FVC2,0.162, 0.679, 1.000,130,1
Q2FVC3,0.095, 0.375, 0.811,953,4
Q2FVC4,0.070, 0.155, 0.829,257,1
Q2FVC5,0.046, 0.325, 1.000,261,1
Q2FVC6,0.241, 0.370, 0.494,370,4
Q2FVC7,0.010, 0.083, 1.000,97,1
Q2FVC8,0.019, 0.198, 1.000,108,1
Q2FVC9,0.095, 0.523, 1.000,95,1
Q2FVD0,0.046, 0.202, 1.000,264,1
Q2FVD1,0.225, 0.387, 1.000,40,0
Q2FVD2,0.016, 0.064, 1.000,63,1
Q2FVD3,0.394, 1.000, 0.292,61,1
Q2FVD4,0.269, 0.573, 0.599,93,1
Q2FVD5,0.000, 0.069, 1.000,231,2
Q2FVD6,0.014, 0.072, 1.000,140,1
Q2FVD7,0.946, 0.000, 0.696,73,0
Q2FVD8,0.014, 0.066, 1.000,139,1
Q2FVD9,0.014, 0.059, 1.000,139,1
Q2FVE0,0.007, 0.130, 1.000,140,2
Q2FVE1,0.034, 0.293, 0.471,512,2
Q2FVE2,0.014, 0.115, 1.000,212,1
Q2FVE3,0.041, 0.138, 1.000,121,1
Q2FVE4,0.004, 0.073, 1.000,273,1
Q2FVE5,0.092, 0.085, 0.717,272,2
Q2FVE6,0.007, 0.062, 1.000,404,1
Q2FVE7,0.043, 0.065, 0.047,532,2
Q2FVE8,0.032, 0.292, 1.000,311,1
Q2FVE9,0.069, 0.122, 0.899,289,1
Q2FVF0,0.067, 0.147, 0.776,271,1
Q2FVF1,0.052, 0.153, 1.000,249,1
Q2FVF2,0.088, 0.393, 0.489,397,2
Q2FVF3,0.197, 0.710, 0.878,249,2
Q2FVF4,0.002, 0.187, 1.000,525,1
Q2FVF5,0.179, 0.121, 0.888,151,1
Q2FVF6,0.657, 1.000, 0.976,64,0
Q2FVF7,0.000, 0.188, 1.000,85,1
Q2FVF8,0.045, 0.071, 1.000,88,1
Q2FVF9,0.003, 0.036, 1.000,358,1
Q2FVG0,0.019, 0.129, 1.000,220,1
Q2FVG1,0.039, 0.217, 1.000,258,1
Q2FVG2,0.085, 0.449, 0.282,375,2
Q2FVG3,0.000, 0.027, 1.000,450,1
Q2FVG4,0.053, 0.337, 0.623,545,2
Q2FVG5,0.010, 0.061, 1.000,199,1
Q2FVG6,0.761, 0.000, 0.915,46,0
Q2FVG7,0.564, 1.000, 0.910,39,0
Q2FVG8,0.149, 0.325, 0.295,408,2
Q2FVG9,0.028, 0.088, 1.000,211,1
Q2FVH0,0.124, 0.037, 0.694,313,1
Q2FVH1,0.087, 0.047, 0.851,231,1
Q2FVH2,0.062, 0.439, 0.484,466,2
Q2FVH3,0.003, 0.035, 1.000,311,1
Q2FVH4,0.631, 0.458, 0.878,65,0
Q2FVH5,0.000, 0.039, 1.000,283,1
Q2FVH6,0.138, 0.370, 0.725,498,3
Q2FVH7,0.118, 0.633, 1.000,34,0
Q2FVH8,0.040, 0.412, 0.950,609,3
Q2FVH9,0.091, 0.767, 1.000,33,0
Q2FVI0,0.172, 0.636, 0.738,692,7
Q2FVI1,0.059, 0.327, 0.610,469,1
Q2FVI2,0.000, 0.007, 1.000,268,1
Q2FVI3,0.196, 0.118, 0.515,189,1
Q2FVI4,0.025, 0.078, 1.000,157,2
Q2FVI5,0.052, 0.228, 0.577,403,2
Q2FVI6,0.461, 0.423, 0.514,219,1
Q2FVI7,0.005, 0.076, 1.000,380,1
Q2FVI8,0.047, 0.065, 1.000,128,2
Q2FVI9,0.143, 0.167, 1.000,35,0
Q2FVJ0,0.429, 1.000, 1.000,35,0
Q2FVJ1,0.050, 0.525, 0.620,587,4
Q2FVJ2,0.038, 0.481, 1.000,577,2
Q2FVJ3,0.830, 0.000, 0.975,47,0
Q2FVJ4,0.673, 1.000, 0.865,55,0
Q2FVJ5,0.017, 0.022, 1.000,228,1
Q2FVJ6,0.006, 0.031, 1.000,452,1
Q2FVJ7,0.045, 0.009, 1.000,335,1
Q2FVJ8,0.008, 0.103, 1.000,371,1
Q2FVJ9,0.004, 0.166, 1.000,230,1
Q2FVK0,0.039, 0.154, 1.000,155,1
Q2FVK1,0.105, 0.073, 0.238,325,2
Q2FVK2,0.146, 0.130, 0.281,315,3
Q2FVK3,0.110, 0.047, 0.145,309,2
Q2FVK4,0.417, 1.000, 0.959,60,0
Q2FVK5,0.353, 0.515, 0.363,436,3
Q2FVK6,0.118, 0.400, 1.000,34,0
Q2FVK7,0.007, 0.206, 1.000,288,1
Q2FVK8,0.000, 0.022, 1.000,228,1
Q2FVK9,0.088, 0.065, 1.000,34,1
Q2FVL0,0.958, 0.000, 0.844,47,0
Q2FVL1,0.028, 0.365, 1.000,452,2
Q2FVL2,0.119, 0.031, 0.353,259,1
Q2FVL3,0.025, 0.129, 1.000,239,1
Q2FVL4,0.008, 0.053, 1.000,243,1
Q2FVL5,0.005, 0.055, 1.000,416,1
Q2FVL6,0.146, 0.192, 0.411,116,1
Q2FVL7,0.156, 0.036, 0.679,199,1
Q2FVL8,0.036, 0.251, 0.556,801,3
Q2FVL9,0.019, 0.019, 1.000,104,1
Q2FVM0,0.086, 0.144, 0.500,325,2
Q2FVM1,0.009, 0.050, 1.000,1229,3
Q2FVM2,0.125, 0.161, 0.416,481,2
Q2FVM3,0.061, 0.125, 1.000,196,1
Q2FVM4,0.000, 0.156, 1.000,225,1
Q2FVM5,0.067, 0.243, 1.000,150,1
Q2FVM6,0.215, 0.622, 0.893,344,3
Q2FVM7,0.147, 0.346, 0.844,217,2
Q2FVM8,0.040, 0.347, 1.000,246,2
Q2FVM9,0.044, 0.062, 1.000,68,1
Q2FVN0,0.014, 0.067, 1.000,212,1
Q2FVN1,0.023, 0.163, 1.000,389,1
Q2FVN2,0.310, 0.296, 0.635,142,1
Q2FVN3,0.067, 0.087, 1.000,148,1
Q2FVN4,0.017, 0.151, 1.000,121,1
Q2FVN5,0.066, 0.355, 0.818,425,3
Q2FVN6,0.195, 0.484, 0.610,118,1
Q2FVN7,0.007, 0.137, 1.000,140,1
Q2FVN8,0.078, 0.440, 0.910,701,4
Q2FVN9,0.259, 0.175, 0.880,193,1
Q2FVP0,0.098, 0.531, 1.000,71,1
Q2FVP1,0.099, 0.352, 0.879,416,2
Q2FVP2,0.054, 0.448, 0.944,314,2
Q2FVP3,0.019, 0.271, 1.000,207,1
Q2FVP4,0.050, 0.302, 0.760,425,1
Q2FVP5,0.166, 0.400, 1.000,30,0
Q2FVP6,0.063, 0.067, 1.000,143,1
Q2FVP7,0.158, 1.000, 1.000,38,0
Q2FVP8,0.015, 0.150, 1.000,344,2
Q2FVP9,0.000, 0.063, 1.000,111,1
Q2FVQ0,0.013, 0.061, 1.000,300,2
Q2FVQ1,0.006, 0.118, 1.000,171,1
Q2FVQ2,0.483, 0.093, 0.406,209,1
Q2FVQ3,0.017, 0.168, 1.000,557,2
Q2FVQ4,0.011, 0.236, 1.000,532,2
Q2FVQ5,0.033, 0.166, 1.000,492,1
Q2FVQ6,0.013, 0.026, 1.000,151,1
Q2FVQ7,0.000, 0.184, 1.000,147,1
Q2FVQ8,0.020, 0.288, 1.000,457,3
Q2FVQ9,0.080, 0.398, 1.000,224,2
Q2FVR0,0.051, 0.264, 0.941,351,1
Q2FVR1,0.000, 0.104, 1.000,221,1
Q2FVR2,0.144, 0.465, 0.708,118,1
Q2FVR4,0.006, 0.028, 1.000,322,1
Q2FVR5,0.013, 0.065, 1.000,78,1
Q2FVR6,0.034, 0.071, 1.000,58,1
Q2FVR7,0.043, 0.032, 1.000,163,1
Q2FVR8,0.044, 0.279, 1.000,315,3
Q2FVR9,0.006, 0.052, 1.000,349,1
Q2FVS0,0.015, 0.124, 1.000,402,2
Q2FVS1,0.000, 0.015, 1.000,202,1
Q2FVS2,0.168, 0.040, 0.280,215,2
Q2FVS3,0.013, 0.183, 1.000,299,2
Q2FVS4,0.107, 0.456, 0.935,410,3
Q2FVS5,0.049, 0.275, 1.000,61,0
Q2FVS6,0.037, 0.336, 1.000,108,1
Q2FVS7,0.009, 0.095, 1.000,339,2
Q2FVS8,0.145, 0.320, 1.000,62,0
Q2FVS9,0.000, 0.065, 1.000,217,1
Q2FVT0,0.000, 0.009, 1.000,228,1
Q2FVT1,0.392, 0.145, 0.250,419,1
Q2FVT2,0.000, 0.045, 1.000,311,1
Q2FVT3,0.000, 0.014, 1.000,139,1
Q2FVT4,0.061, 0.142, 1.000,294,2
Q2FVT5,0.010, 0.007, 1.000,553,1
Q2FVT6,0.002, 0.078, 1.000,412,1
Q2FVT7,0.005, 0.019, 1.000,373,1
Q2FVT8,0.003, 0.010, 1.000,293,1
Q2FVT9,0.196, 0.940, 0.811,189,2
Q2FVU0,1.000, 0.000, 0.067,119,0
Q2FVU1,0.042, 0.223, 0.595,403,2
Q2FVU2,0.042, 0.112, 1.000,168,1
Q2FVU3,0.039, 0.176, 1.000,254,2
Q2FVU4,0.098, 0.288, 0.347,534,2
Q2FVU5,0.102, 0.133, 0.500,176,1
Q2FVU6,0.003, 0.405, 1.000,305,1
Q2FVU7,0.005, 0.033, 1.000,211,1
Q2FVU8,0.000, 0.159, 1.000,63,1
Q2FVU9,0.016, 0.200, 1.000,61,1
Q2FVV0,0.042, 0.885, 1.000,118,1
Q2FVV1,0.085, 0.402, 0.800,459,3
Q2FVV2,0.083, 0.181, 0.711,290,2
Q2FVV3,0.375, 0.643, 0.304,184,2
Q2FVV4,0.040, 0.123, 1.000,245,1
Q2FVV5,0.221, 0.246, 0.303,104,1
Q2FVV6,0.078, 0.287, 0.949,230,2
Q2FVV7,0.004, 0.094, 1.000,265,1
Q2FVV8,0.043, 0.146, 1.000,307,2
Q2FVV9,0.023, 0.080, 0.913,984,2
Q2FVW0,0.210, 0.387, 0.910,157,2
Q2FVW1,0.013, 0.723, 1.000,77,0
Q2FVW2,0.000, 0.099, 1.000,212,1
Q2FVW3,0.019, 0.090, 1.000,374,1
Q2FVW4,0.000, 0.013, 1.000,317,1
Q2FVW5,0.000, 0.010, 1.000,100,1
Q2FVW6,0.014, 0.106, 1.000,296,1
Q2FVW7,0.041, 0.054, 1.000,288,2
Q2FVW8,0.103, 0.462, 1.000,58,1
Q2FVW9,0.089, 0.003, 0.483,302,1
Q2FVX0,0.022, 0.046, 1.000,313,1
Q2FVX1,0.000, 0.033, 1.000,184,1
Q2FVX2,0.012, 0.071, 1.000,256,1
Q2FVX3,0.125, 0.107, 0.576,265,2
Q2FVX4,0.143, 0.018, 0.406,260,1
Q2FVX5,0.044, 0.085, 1.000,223,1
Q2FVX6,0.000, 0.050, 1.000,201,1
Q2FVX7,0.069, 0.164, 0.826,334,3
Q2FVX8,0.030, 0.067, 1.000,168,1
Q2FVX9,0.030, 0.101, 1.000,164,1
Q2FVY0,0.043, 0.124, 0.721,419,3
Q2FVY1,0.049, 0.111, 1.000,161,1
Q2FVY2,0.095, 0.052, 1.000,148,1
Q2FVY3,0.026, 0.027, 1.000,77,1
Q2FVY4,0.010, 0.081, 1.000,199,1
Q2FVY6,0.590, 0.000, 1.000,39,0
Q2FVY7,0.894, 0.000, 0.952,47,0
Q2FVY8,1.000, 0.000, 0.179,56,0
Q2FVY9,0.052, 0.073, 1.000,116,1
Q2FVZ0,0.087, 0.130, 0.345,403,2
Q2FVZ1,0.021, 0.105, 1.000,146,1
Q2FVZ2,0.004, 0.055, 1.000,254,2
Q2FVZ3,0.000, 0.157, 1.000,83,1
Q2FVZ4,0.004, 0.067, 1.000,421,2
Q2FVZ5,0.119, 0.648, 0.563,1055,9
Q2FVZ6,0.000, 0.181, 1.000,105,1
Q2FVZ7,0.000, 0.056, 1.000,54,1
Q2FVZ8,0.017, 0.340, 1.000,296,1
Q2FVZ9,0.163, 0.973, 1.000,43,0
Q2FW00,0.028, 0.179, 1.000,287,2
Q2FW01,0.027, 0.188, 1.000,295,1
Q2FW02,0.032, 0.334, 1.000,31,0
Q2FW03,0.049, 0.166, 0.714,711,2
Q2FW04,0.005, 0.303, 1.000,392,1
Q2FW05,0.070, 0.217, 1.000,129,1
Q2FW06,0.055, 0.270, 1.000,220,2
Q2FW07,0.000, 0.068, 1.000,207,1
Q2FW08,0.011, 0.111, 1.000,91,1
Q2FW10,0.109, 0.281, 1.000,92,1
Q2FW11,0.052, 0.081, 1.000,117,1
Q2FW12,0.055, 0.127, 1.000,217,1
Q2FW13,0.063, 0.022, 1.000,144,1
Q2FW14,0.029, 0.343, 1.000,69,1
Q2FW15,0.034, 0.083, 1.000,87,1
Q2FW16,0.000, 0.033, 1.000,122,1
Q2FW17,0.029, 0.196, 1.000,105,1
Q2FW18,0.006, 0.382, 1.000,179,1
Q2FW19,0.016, 0.016, 1.000,61,1
Q2FW20,0.008, 0.061, 1.000,132,1
Q2FW21,0.028, 0.162, 1.000,178,1
Q2FW22,0.017, 0.171, 1.000,119,1
Q2FW23,0.060, 0.102, 1.000,166,1
Q2FW27,0.000, 0.005, 1.000,215,1
Q2FW28,0.070, 0.746, 1.000,72,1
Q2FW29,0.000, 0.054, 1.000,37,1
Q2FW30,0.050, 0.165, 1.000,121,1
Q2FW31,0.070, 0.084, 1.000,129,1
Q2FW32,0.051, 0.379, 0.882,314,3
Q2FW33,0.008, 0.116, 1.000,122,1
Q2FW34,0.014, 0.257, 1.000,269,1
Q2FW35,0.003, 0.056, 1.000,286,1
Q2FW36,0.063, 0.554, 0.587,268,2
Q2FW37,0.022, 0.042, 1.000,267,1
Q2FW38,0.000, 0.124, 1.000,145,1
Q2FW39,0.023, 0.062, 1.000,132,1
Q2FW40,0.164, 0.305, 1.000,55,1
Q2FW41,0.000, 0.090, 1.000,365,1
Q2FW42,0.000, 0.010, 1.000,97,1
Q2FW43,0.528, 0.689, 0.352,231,1
Q2FW44,0.033, 0.138, 1.000,30,0
Q2FW45,0.063, 0.260, 0.667,378,2
Q2FW46,0.453, 0.618, 0.854,468,4
Q2FW47,0.033, 0.362, 1.000,60,1
Q2FW48,1.000, 0.000, 0.000,79,0
Q2FW49,0.020, 0.080, 1.000,554,1
Q2FW50,0.004, 0.009, 1.000,234,1
Q2FW51,0.291, 0.180, 0.172,141,1
Q2FW52,0.015, 0.090, 1.000,271,1
Q2FW53,0.035, 0.036, 1.000,284,1
Q2FW55,0.055, 0.904, 1.000,55,0
Q2FW56,0.014, 0.161, 1.000,138,1
Q2FW57,0.000, 0.025, 1.000,282,1
Q2FW58,0.488, 0.523, 1.000,41,0
Q2FW59,0.050, 0.177, 1.000,202,1
Q2FW60,0.679, 1.000, 1.000,53,0
Q2FW62,0.000, 0.000, 1.000,333,1
Q2FW63,0.059, 0.122, 0.746,520,1
Q2FW64,0.085, 0.478, 1.000,178,2
Q2FW65,0.316, 0.925, 0.921,79,0
Q2FW66,0.320, 0.226, 0.741,169,2
Q2FW67,0.070, 0.208, 1.000,114,1
Q2FW68,0.020, 0.206, 1.000,99,1
Q2FW69,0.169, 0.756, 1.000,266,3
Q2FW70,0.025, 0.086, 0.800,658,3
Q2FW71,0.056, 0.528, 0.589,397,2
Q2FW72,0.017, 0.134, 1.000,585,2
Q2FW73,0.028, 0.067, 1.000,356,1
Q2FW74,0.000, 0.659, 1.000,41,0
Q2FW75,0.119, 0.017, 0.387,327,1
Q2FW76,0.050, 0.346, 0.880,343,2
Q2FW77,0.006, 0.257, 1.000,322,1
Q2FW78,0.000, 0.338, 1.000,397,1
Q2FW79,0.012, 0.541, 1.000,86,1
Q2FW80,0.106, 0.242, 0.887,171,2
Q2FW81,0.023, 0.112, 1.000,395,1
Q2FW82,0.079, 0.067, 0.278,227,1
Q2FW83,0.052, 0.288, 0.692,447,2
Q2FW84,0.076, 0.531, 1.000,157,1
Q2FW85,0.054, 0.549, 0.574,480,2
Q2FW86,0.064, 0.362, 0.688,295,2
Q2FW87,0.066, 0.789, 1.000,61,1
Q2FW88,0.316, 1.000, 1.000,38,0
Q2FW89,0.882, 0.000, 1.000,34,0
Q2FW90,0.038, 0.104, 1.000,400,2
Q2FW91,0.013, 0.041, 1.000,302,1
Q2FW92,0.127, 0.294, 0.677,269,2
Q2FW93,0.045, 0.179, 1.000,310,2
Q2FW95,0.352, 0.745, 0.281,2478,13
Q2FW96,0.000, 0.019, 1.000,368,1
Q2FW97,0.000, 0.097, 1.000,144,1
Q2FW98,0.218, 0.685, 0.505,710,7
Q2FW99,0.170, 0.525, 0.588,512,3
Q2FWA0,0.012, 0.111, 1.000,601,1
Q2FWA1,0.000, 0.069, 1.000,260,1
Q2FWA2,0.004, 0.049, 1.000,285,1
Q2FWA3,0.038, 0.620, 1.000,52,1
Q2FWA4,0.267, 0.454, 1.000,30,0
Q2FWA5,0.042, 0.273, 1.000,378,3
Q2FWA6,0.313, 1.000, 1.000,67,0
Q2FWA7,0.235, 0.269, 1.000,34,0
Q2FWA8,0.168, 0.136, 0.018,363,1
Q2FWA9,0.107, 0.275, 0.486,326,2
Q2FWB0,0.085, 0.062, 1.000,106,1
Q2FWB1,0.009, 0.036, 1.000,221,1
Q2FWB2,0.581, 1.000, 0.418,74,1
Q2FWB3,0.008, 0.067, 1.000,285,1
Q2FWB4,0.013, 0.186, 1.000,76,1
Q2FWB5,0.103, 0.488, 0.485,457,3
Q2FWB6,0.058, 0.279, 1.000,137,1
Q2FWB7,0.007, 0.014, 1.000,147,1
Q2FWB8,0.008, 0.073, 1.000,236,1
Q2FWB9,0.019, 0.042, 1.000,220,1
Q2FWC0,0.333, 0.715, 1.000,42,0
Q2FWC1,0.007, 0.093, 1.000,433,1
Q2FWC2,0.000, 0.138, 1.000,116,1
Q2FWC3,0.006, 0.026, 1.000,156,1
Q2FWC4,0.008, 0.008, 1.000,394,1
Q2FWC5,0.028, 0.070, 1.000,397,1
Q2FWC6,0.049, 0.104, 1.000,223,2
Q2FWC7,0.004, 0.060, 1.000,267,2
Q2FWC8,0.019, 0.392, 1.000,52,0
Q2FWC9,0.020, 0.175, 1.000,286,2
Q2FWD0,0.483, 0.385, 0.930,176,1
Q2FWD1,0.022, 0.067, 1.000,536,3
Q2FWD2,0.024, 0.148, 1.000,173,1
Q2FWD3,0.000, 0.098, 1.000,286,1
Q2FWD4,0.002, 0.091, 1.000,419,1
Q2FWD5,0.036, 0.103, 1.000,111,1
Q2FWD6,0.000, 0.015, 1.000,475,1
Q2FWD7,0.048, 0.288, 0.562,438,2
Q2FWD8,0.596, 1.000, 0.940,84,0
Q2FWD9,0.116, 0.114, 0.871,199,2
Q2FWE0,0.023, 0.366, 1.000,358,2
Q2FWE1,0.000, 0.018, 1.000,278,1
Q2FWE2,0.093, 0.085, 0.473,365,2
Q2FWE3,0.000, 0.000, 1.000,139,1
Q2FWE4,0.017, 0.064, 1.000,174,1
Q2FWE5,0.002, 0.005, 1.000,412,1
Q2FWE6,0.005, 0.077, 1.000,209,1
Q2FWE7,0.051, 0.712, 1.000,179,2
Q2FWE8,0.024, 0.153, 1.000,502,2
Q2FWE9,0.072, 0.191, 1.000,265,1
Q2FWF0,0.006, 0.328, 1.000,470,1
Q2FWF1,0.007, 0.083, 1.000,134,2
Q2FWF2,0.400, 0.945, 1.000,30,0
Q2FWF3,0.013, 0.316, 1.000,77,1
Q2FWF4,0.005, 0.069, 1.000,421,1
Q2FWF5,0.007, 0.014, 1.000,146,1
Q2FWF6,0.180, 0.124, 0.333,167,1
Q2FWF7,0.214, 0.048, 0.537,131,1
Q2FWF8,0.472, 0.943, 0.174,231,2
Q2FWF9,0.907, 0.000, 1.000,43,0
Q2FWG0,0.021, 0.045, 1.000,229,1
Q2FWG1,0.065, 0.086, 0.831,276,2
Q2FWG2,0.034, 0.031, 1.000,263,1
Q2FWG3,0.023, 0.077, 1.000,213,1
Q2FWG4,0.131, 0.373, 0.420,290,1
Q2FWG5,0.333, 1.000, 1.000,30,0
Q2FWG6,0.086, 1.000, 1.000,35,0
Q2FWG7,0.088, 0.183, 0.898,215,1
Q2FWG8,0.091, 0.294, 1.000,494,2
Q2FWG9,0.083, 0.045, 1.000,97,1
Q2FWH0,0.000, 0.029, 1.000,69,1
Q2FWH1,0.267, 0.485, 1.000,45,0
Q2FWH2,0.093, 0.254, 0.462,400,2
Q2FWH3,0.054, 0.086, 0.685,356,2
Q2FWH4,0.000, 0.042, 1.000,452,1
Q2FWH5,0.162, 0.268, 0.198,506,2
Q2FWH6,0.039, 0.248, 1.000,231,2
Q2FWH7,0.177, 0.748, 0.655,885,7
Q2FWH8,0.056, 0.235, 1.000,36,0
Q2FWH9,0.016, 0.089, 1.000,558,2
Q2FWI0,0.087, 0.604, 0.977,657,3
Q2FWI1,0.038, 0.139, 1.000,186,2
Q2FWI2,0.308, 0.854, 0.795,159,1
Q2FWI3,0.146, 0.527, 0.452,527,3
Q2FWI4,0.024, 0.339, 1.000,163,1
Q2FWI7,0.072, 0.269, 1.000,56,1
Q2FWI8,0.067, 0.116, 1.000,120,1
Q2FWI9,0.221, 0.650, 0.882,77,0
Q2FWJ0,0.104, 1.000, 1.000,96,1
Q2FWJ1,0.030, 0.406, 1.000,262,1
Q2FWJ3,0.289, 0.301, 0.609,159,2
Q2FWJ4,0.074, 0.359, 0.581,256,3
Q2FWJ5,0.011, 0.188, 1.000,716,2
Q2FWJ6,0.000, 0.046, 1.000,151,1
Q2FWJ7,0.286, 1.000, 1.000,35,0
Q2FWJ8,0.491, 0.500, 0.959,51,0
Q2FWJ9,0.019, 0.111, 1.000,422,2
Q2FWK0,0.026, 0.173, 1.000,190,1
Q2FWK1,0.002, 0.018, 1.000,456,1
Q2FWK2,0.000, 0.055, 1.000,348,1
Q2FWK3,0.047, 0.256, 0.745,509,3
Q2FWK4,0.021, 0.009, 1.000,334,1
Q2FWK5,0.048, 0.050, 1.000,84,1
Q2FWK6,0.054, 0.043, 0.315,589,1
Q2FWK7,0.004, 0.139, 1.000,562,1
Q2FWK8,0.059, 0.813, 1.000,51,0
Q2FWK9,0.014, 0.113, 1.000,144,1
Q2FWL0,0.045, 0.067, 1.000,220,1
Q2FWL1,0.000, 0.081, 1.000,136,1
Q2FWL2,0.006, 0.050, 1.000,341,1
Q2FWL3,0.032, 0.347, 1.000,536,2
Q2FWL4,0.119, 0.513, 1.000,42,0
Q2FWL5,0.067, 0.501, 0.761,642,4
Q2FWL6,0.080, 0.165, 0.825,211,2
Q2FWL7,0.055, 0.246, 0.945,328,2
Q2FWL8,0.000, 0.014, 1.000,74,1
Q2FWL9,0.048, 0.036, 0.646,416,1
Q2FWM0,0.028, 0.163, 1.000,316,2
Q2FWM1,0.012, 0.014, 1.000,494,1
Q2FWM2,0.003, 0.110, 1.000,319,1
Q2FWM3,0.543, 0.000, 0.842,35,0
Q2FWM4,0.024, 0.084, 1.000,208,2
Q2FWM5,0.116, 0.686, 0.897,414,4
Q2FWM6,0.109, 0.561, 1.000,46,0
Q2FWM7,0.037, 0.088, 1.000,189,1
Q2FWM8,0.077, 0.334, 1.000,26,0
Q2FWM9,0.000, 0.019, 1.000,261,1
Q2FWN0,0.043, 0.015, 1.000,208,1
Q2FWN1,0.764, 1.000, 0.435,419,1
Q2FWN2,0.081, 0.071, 1.000,247,1
Q2FWN3,0.106, 0.262, 1.000,94,1
Q2FWN4,0.030, 0.276, 0.200,538,2
Q2FWN5,0.030, 0.339, 1.000,435,2
Q2FWN6,0.092, 0.055, 0.250,303,1
Q2FWN7,0.025, 0.110, 1.000,281,1
Q2FWN8,0.005, 0.047, 1.000,407,2
Q2FWN9,0.328, 0.080, 0.314,351,2
Q2FWP0,0.154, 0.207, 0.325,338,2
Q2FWP1,0.118, 0.054, 0.203,330,1
Q2FWP2,0.035, 0.207, 1.000,345,3
Q2FWP4,0.104, 1.000, 1.000,48,0
Q2FWP5,0.237, 0.976, 1.000,55,0
Q2FWP6,0.140, 0.405, 0.471,256,3
Q2FWP7,0.027, 0.055, 1.000,74,1
Q2FWP8,0.093, 0.257, 1.000,86,1
Q2FWP9,0.408, 0.774, 0.672,179,0
Q2FWQ0,0.102, 0.264, 1.000,118,1
Q2FWQ1,0.069, 0.088, 1.000,73,1
Q2FWQ2,0.061, 0.393, 1.000,65,1
Q2FWQ3,0.022, 0.711, 1.000,46,0
Q2FWQ4,0.895, 1.000, 0.335,210,1
Q2FWQ5,0.056, 0.310, 1.000,106,1
Q2FWQ7,0.000, 0.105, 1.000,86,1
Q2FWQ8,0.000, 0.301, 1.000,73,1
Q2FWQ9,0.112, 0.278, 0.795,259,2
Q2FWR0,0.279, 0.569, 0.373,183,1
Q2FWR1,0.031, 0.166, 1.000,223,2
Q2FWR2,0.000, 0.097, 1.000,93,1
Q2FWR3,0.316, 0.395, 0.332,256,2
Q2FWR4,0.043, 0.367, 1.000,259,2
Q2FWR5,0.019, 0.196, 1.000,52,1
Q2FWR6,0.137, 0.317, 1.000,73,1
Q2FWR7,0.060, 0.096, 1.000,134,1
Q2FWR8,0.098, 0.764, 1.000,61,1
Q2FWR9,0.171, 0.216, 0.953,123,1
Q2FWS0,0.097, 0.229, 1.000,82,1
Q2FWS1,0.009, 0.052, 1.000,115,1
Q2FWS2,0.380, 0.187, 0.876,129,1
Q2FWS3,0.012, 0.120, 1.000,84,1
Q2FWS4,0.172, 0.623, 1.000,64,1
Q2FWS5,0.034, 0.069, 1.000,178,1
Q2FWS6,0.316, 0.898, 0.778,57,1
Q2FWS7,0.000, 0.074, 1.000,68,1
Q2FWS8,0.387, 0.266, 0.948,49,0
Q2FWS9,0.900, 0.000, 0.619,70,0
Q2FWT0,0.359, 0.500, 0.713,156,1
Q2FWT1,0.133, 0.308, 1.000,150,2
Q2FWT2,0.000, 0.009, 1.000,114,1
Q2FWT3,0.142, 0.294, 0.683,155,1
Q2FWT4,0.039, 0.199, 1.000,564,1
Q2FWT5,0.367, 1.000, 1.000,79,1
Q2FWT6,0.064, 0.214, 1.000,110,1
Q2FWT7,0.018, 0.348, 1.000,111,2
Q2FWT8,0.208, 0.747, 0.962,125,1
Q2FWT9,0.175, 0.250, 0.274,126,2
Q2FWU0,0.098, 0.224, 0.449,317,2
Q2FWU1,0.109, 0.462, 0.624,148,1
Q2FWU2,0.525, 1.000, 0.905,40,0
Q2FWU3,0.568, 0.592, 0.259,1550,9
Q2FWU4,0.010, 0.136, 1.000,496,1
Q2FWU5,0.258, 0.621, 0.767,1261,10
Q2FWU6,0.300, 0.229, 1.000,50,1
Q2FWU7,0.179, 0.295, 0.883,95,1
Q2FWU8,0.010, 0.196, 1.000,98,1
Q2FWU9,0.034, 0.500, 1.000,58,0
Q2FWV0,0.629, 0.000, 0.863,35,0
Q2FWV1,0.405, 1.000, 0.970,84,0
Q2FWV2,0.040, 0.220, 1.000,251,2
Q2FWV3,0.270, 0.118, 0.819,163,1
Q2FWV4,0.000, 0.020, 1.000,98,1
Q2FWV5,0.376, 0.397, 0.394,149,1
Q2FWV6,0.285, 0.120, 0.182,116,1
Q2FWV7,0.116, 0.487, 1.000,86,1
Q2FWV8,0.569, 1.000, 1.000,51,0
Q2FWV9,0.424, 0.559, 0.960,59,0
Q2FWW1,0.250, 0.657, 0.500,584,5
Q2FWW2,0.010, 0.190, 1.000,96,1
Q2FWW3,0.000, 0.019, 1.000,428,1
Q2FWW4,0.062, 0.233, 1.000,32,0
Q2FWW5,0.121, 1.000, 1.000,58,0
Q2FWW6,0.008, 0.232, 1.000,126,2
Q2FWW7,0.044, 0.091, 1.000,298,1
Q2FWW8,0.084, 0.502, 0.786,226,2
Q2FWW9,0.051, 0.229, 1.000,290,2
Q2FWX0,0.012, 0.263, 1.000,246,1
Q2FWX1,0.016, 0.033, 1.000,187,1
Q2FWX2,0.121, 0.203, 1.000,174,1
Q2FWX3,0.038, 0.246, 1.000,160,2
Q2FWX4,0.039, 0.123, 1.000,280,1
Q2FWX5,0.046, 0.194, 1.000,346,3
Q2FWX6,0.018, 0.071, 1.000,57,1
Q2FWX7,0.113, 0.517, 1.000,133,1
Q2FWX8,0.000, 0.000, 1.000,342,1
Q2FWX9,0.002, 0.015, 1.000,459,1
Q2FWY0,0.088, 0.577, 1.000,57,0
Q2FWY1,0.003, 0.029, 1.000,309,2
Q2FWY2,0.021, 0.011, 1.000,186,1
Q2FWY3,0.000, 0.022, 1.000,365,1
Q2FWY4,0.054, 0.266, 0.185,520,2
Q2FWY5,0.029, 0.147, 1.000,35,0
Q2FWY6,0.103, 0.132, 0.175,399,2
Q2FWY7,0.038, 0.154, 0.474,512,1
Q2FWY8,0.050, 0.084, 1.000,100,1
Q2FWY9,0.002, 0.014, 1.000,485,1
Q2FWZ0,0.008, 0.165, 1.000,475,2
Q2FWZ1,0.188, 1.000, 1.000,48,0
Q2FWZ2,0.095, 0.179, 0.400,315,2
Q2FWZ3,0.004, 0.042, 1.000,453,1
Q2FWZ4,0.148, 0.254, 0.845,176,2
Q2FWZ5,0.035, 0.057, 1.000,346,1
Q2FWZ6,0.043, 0.040, 1.000,184,1
Q2FWZ7,0.067, 0.893, 1.000,30,0
Q2FWZ8,0.006, 0.012, 1.000,166,1
Q2FWZ9,0.036, 0.209, 1.000,437,2
Q2FX00,0.004, 0.053, 1.000,243,1
Q2FX01,0.111, 0.594, 1.000,36,1
Q2FX02,0.116, 0.314, 1.000,137,1
Q2FX03,0.051, 0.302, 0.588,328,3
Q2FX04,0.613, 1.000, 0.842,62,0
Q2FX05,0.008, 0.004, 1.000,252,1
Q2FX06,0.016, 0.175, 1.000,128,1
Q2FX07,0.091, 0.274, 0.901,233,2
Q2FX08,0.167, 0.685, 0.898,347,2
Q2FX09,0.005, 0.135, 1.000,209,2
Q2FX10,0.289, 0.520, 0.478,405,2
Q2FX11,0.253, 0.897, 0.957,91,1
Q2FX12,0.019, 0.040, 1.000,154,1
Q2FX13,0.103, 0.819, 1.000,68,1
Q2FX14,0.012, 0.012, 1.000,418,1
Q2FX15,0.046, 0.024, 1.000,176,1
Q2FX16,0.037, 0.117, 1.000,381,2
Q2FX17,0.046, 0.292, 1.000,348,2
Q2FX18,0.273, 0.271, 0.557,66,1
Q2FX19,0.306, 0.674, 0.598,301,2
Q2FX20,0.246, 0.412, 1.000,61,1
Q2FX21,0.054, 0.250, 1.000,55,1
Q2FX22,0.172, 0.287, 0.610,239,3
Q2FX23,0.153, 0.115, 1.000,72,1
Q2FX24,0.069, 0.400, 1.000,102,1
Q2FX25,0.076, 0.448, 0.303,263,2
Q2FX26,0.041, 0.268, 1.000,74,1
Q2FX27,1.000, 0.000, 0.208,149,0
Q2FX28,0.171, 0.282, 0.936,94,1
Q2FX29,0.151, 1.000, 1.000,53,0
Q2FX30,0.385, 0.343, 0.691,109,1
Q2FX31,0.189, 0.116, 0.698,106,1
Q2FX32,0.006, 0.237, 1.000,178,2
Q2FX33,0.104, 0.224, 0.817,259,2
Q2FX34,0.198, 0.090, 0.394,166,1
Q2FX35,0.124, 0.375, 1.000,73,1
Q2FX36,0.037, 0.194, 1.000,134,1
Q2FX37,0.066, 0.667, 1.000,61,1
Q2FX38,0.146, 0.184, 1.000,89,1
Q2FX39,0.143, 0.176, 1.000,119,1
Q2FX40,0.097, 0.244, 1.000,82,1
Q2FX41,0.012, 0.087, 1.000,81,1
Q2FX42,0.138, 0.478, 1.000,80,1
Q2FX43,0.056, 0.066, 1.000,178,1
Q2FX44,0.679, 1.000, 0.982,81,0
Q2FX45,0.177, 0.137, 1.000,62,1
Q2FX46,0.030, 0.328, 1.000,66,0
Q2FX47,0.484, 0.438, 1.000,62,0
Q2FX48,0.021, 0.596, 1.000,48,0
Q2FX49,0.157, 0.237, 0.771,140,2
Q2FX50,0.041, 0.264, 1.000,146,2
Q2FX51,0.051, 0.161, 0.824,425,2
Q2FX52,0.150, 0.403, 0.493,511,6
Q2FX53,0.175, 0.290, 0.657,331,3
Q2FX54,0.143, 0.541, 1.000,56,0
Q2FX55,0.320, 0.893, 0.531,206,2
Q2FX56,0.621, 1.000, 0.786,324,0
Q2FX57,0.032, 0.130, 1.000,95,1
Q2FX58,0.264, 0.136, 0.792,110,1
Q2FX59,0.070, 0.527, 1.000,100,1
Q2FX60,0.017, 0.230, 1.000,115,1
Q2FX61,0.173, 0.953, 0.636,127,2
Q2FX62,0.238, 0.476, 0.630,193,2
Q2FX63,0.148, 0.310, 0.723,121,1
Q2FX64,0.298, 0.537, 0.852,114,2
Q2FX65,0.970, 1.000, 0.370,1155,4
Q2FX66,0.000, 0.197, 1.000,315,1
Q2FX67,0.025, 0.316, 1.000,633,4
Q2FX68,0.005, 0.082, 1.000,636,2
Q2FX69,0.114, 0.371, 0.667,607,6
Q2FX70,0.304, 0.874, 0.632,125,2
Q2FX71,0.193, 0.239, 1.000,57,1
Q2FX72,0.071, 1.000, 1.000,99,0
Q2FX73,0.160, 0.320, 0.219,632,3
Q2FX74,0.405, 0.521, 0.741,390,2
Q2FX75,0.213, 0.224, 0.930,131,1
Q2FX76,0.559, 0.984, 0.852,145,0
Q2FX77,0.104, 0.273, 0.337,481,3
Q2FX78,0.140, 0.628, 1.000,50,0
Q2FX79,0.083, 0.485, 1.000,36,0
Q2FX80,0.076, 0.032, 1.000,66,1
Q2FX81,0.364, 0.571, 1.000,33,0
Q2FX82,1.000, 0.000, 0.780,82,0
Q2FX83,1.000, 0.000, 0.963,54,0
Q2FX85,0.031, 0.172, 1.000,353,1
Q2FX86,0.070, 0.140, 0.443,485,2
Q2FX87,0.000, 0.021, 1.000,242,1
Q2FX88,0.013, 0.029, 1.000,380,1
Q2FX89,0.058, 0.122, 1.000,156,1
Q2FX90,0.065, 0.140, 1.000,199,2
Q2FX91,0.360, 0.312, 0.889,50,0
Q2FX92,1.000, 0.000, 0.325,120,0
Q2FX93,0.008, 0.323, 1.000,131,1
Q2FX94,0.000, 0.024, 1.000,461,1
Q2FX95,0.000, 0.088, 1.000,273,1
Q2FX96,0.027, 0.320, 1.000,370,3
Q2FX97,0.000, 0.184, 1.000,207,2
Q2FX98,0.071, 0.112, 1.000,154,2
Q2FX99,0.011, 0.384, 1.000,374,3
Q2FXA0,0.018, 0.170, 1.000,114,1
Q2FXA1,0.719, 0.000, 1.000,32,0
Q2FXA2,0.667, 0.000, 0.916,36,0
Q2FXA3,0.009, 0.032, 1.000,345,1
Q2FXA4,0.003, 0.023, 1.000,307,1
Q2FXA5,0.002, 0.135, 1.000,466,1
Q2FXA6,0.680, 1.000, 0.804,75,0
Q2FXA7,0.022, 0.128, 1.000,184,2
Q2FXA8,0.034, 0.222, 1.000,262,2
Q2FXA9,0.173, 0.060, 0.064,179,1
Q2FXB0,0.117, 0.082, 0.359,306,3
Q2FXB1,0.104, 0.035, 0.144,327,2
Q2FXB2,1.000, 0.000, 0.681,47,0
Q2FXB3,0.026, 0.206, 0.769,997,5
Q2FXB4,0.022, 0.099, 1.000,414,2
Q2FXB5,0.006, 0.006, 1.000,172,1
Q2FXB6,0.094, 0.036, 0.234,457,2
Q2FXB7,0.009, 0.101, 1.000,230,1
Q2FXB8,0.040, 0.202, 1.000,253,2
Q2FXB9,0.052, 0.218, 1.000,232,2
Q2FXC0,0.240, 0.057, 0.046,188,1
Q2FXC1,1.000, 0.000, 0.306,72,0
Q2FXC2,0.191, 0.063, 0.199,235,1
Q2FXC3,0.183, 0.061, 0.180,240,1
Q2FXC4,0.188, 0.026, 0.176,239,1
Q2FXC5,0.168, 0.050, 0.101,239,1
Q2FXC6,0.057, 0.515, 1.000,35,0
Q2FXC7,0.164, 0.050, 0.384,238,1
Q2FXC8,0.154, 0.059, 0.052,239,1
Q2FXC9,0.931, 0.000, 0.952,44,0
Q2FXD0,0.133, 0.223, 0.391,579,2
Q2FXD1,0.023, 0.049, 1.000,399,3
Q2FXD2,0.079, 0.424, 0.911,1370,6
Q2FXD3,0.017, 0.068, 1.000,119,1
Q2FXD4,0.091, 0.600, 1.000,33,0
Q2FXD5,0.149, 0.950, 1.000,47,1
Q2FXD6,0.203, 0.782, 1.000,69,1
Q2FXD7,0.039, 0.467, 1.000,127,1
Q2FXD8,0.172, 1.000, 1.000,58,1
Q2FXD9,0.475, 1.000, 0.966,61,0
Q2FXE0,0.160, 0.229, 0.588,213,2
Q2FXE1,0.005, 0.027, 1.000,183,1
Q2FXE2,0.000, 0.011, 1.000,277,1
Q2FXE3,0.104, 0.304, 0.760,202,1
Q2FXE4,0.015, 0.182, 1.000,274,3
Q2FXE5,0.009, 0.104, 1.000,117,1
Q2FXE6,0.050, 0.157, 1.000,121,1
Q2FXE7,0.060, 0.894, 1.000,100,1
Q2FXE8,0.008, 0.013, 1.000,237,1
Q2FXE9,0.000, 0.047, 1.000,211,1
Q2FXF0,0.095, 0.451, 1.000,147,2
Q2FXF1,0.040, 0.106, 1.000,147,1
Q2FXF2,0.186, 0.378, 0.586,156,2
Q2FXF3,0.486, 1.000, 0.722,74,0
Q2FXF4,0.036, 0.223, 1.000,284,1
Q2FXF5,0.008, 0.031, 1.000,131,1
Q2FXF6,0.000, 0.179, 1.000,430,1
Q2FXF7,0.000, 0.154, 1.000,104,1
Q2FXF8,0.010, 0.099, 1.000,500,1
Q2FXF9,0.021, 0.169, 1.000,334,1
Q2FXG0,0.019, 0.131, 1.000,210,1
Q2FXG1,0.018, 0.298, 1.000,393,2
Q2FXG2,0.006, 0.013, 1.000,154,1
Q2FXG3,0.183, 0.202, 0.754,333,1
Q2FXG4,0.077, 0.417, 1.000,39,0
Q2FXG5,0.095, 0.072, 0.421,275,2
Q2FXG6,0.301, 0.711, 0.897,163,1
Q2FXG7,0.054, 0.557, 1.000,74,1
Q2FXG9,0.005, 0.032, 1.000,187,1
Q2FXH0,0.019, 0.025, 1.000,317,1
Q2FXH1,0.066, 0.201, 0.424,393,2
Q2FXH2,0.021, 0.208, 1.000,805,3
Q2FXH3,0.019, 0.059, 1.000,103,1
Q2FXH4,0.319, 0.805, 0.417,2186,12
Q2FXH5,0.012, 0.033, 1.000,422,1
Q2FXH6,0.036, 0.327, 0.861,553,2
Q2FXH7,0.004, 0.043, 1.000,231,1
Q2FXH8,0.565, 1.000, 0.595,140,1
Q2FXH9,0.000, 0.081, 1.000,469,2
Q2FXI0,0.000, 0.004, 1.000,282,1
Q2FXI1,0.037, 0.112, 1.000,241,1
Q2FXI2,0.023, 0.105, 1.000,214,1
Q2FXI3,0.022, 0.004, 1.000,280,1
Q2FXI4,0.010, 0.186, 1.000,103,1
Q2FXI5,0.003, 0.070, 1.000,358,2
Q2FXI6,0.000, 0.019, 1.000,103,1
Q2FXI7,0.077, 0.285, 0.727,285,2
Q2FXI8,0.005, 0.147, 1.000,198,2
Q2FXI9,0.600, 0.297, 0.063,1274,3
Q2FXJ0,0.016, 0.081, 1.000,437,2
Q2FXJ1,0.207, 0.261, 1.000,29,0
Q2FXJ2,0.466, 0.178, 0.024,895,2
Q2FXJ3,0.100, 0.333, 1.000,30,0
Q2FXJ4,0.040, 0.211, 1.000,301,2
Q2FXJ5,0.012, 0.183, 1.000,420,2
Q2FXJ6,0.246, 0.412, 0.423,424,2
Q2FXJ7,0.063, 0.151, 1.000,205,2
Q2FXJ8,0.041, 0.273, 0.195,488,2
Q2FXJ9,0.011, 0.075, 1.000,376,1
Q2FXK0,0.484, 0.000, 1.000,31,0
Q2FXK1,0.019, 0.153, 1.000,534,2
Q2FXK2,0.005, 0.010, 1.000,386,1
Q2FXK3,0.000, 0.027, 1.000,148,1
Q2FXK4,0.032, 0.008, 1.000,247,1
Q2FXK5,1.000, 0.000, 0.179,84,0
Q2FXK6,0.005, 0.146, 1.000,200,1
Q2FXK7,0.019, 0.066, 1.000,154,1
Q2FXK8,0.032, 0.813, 1.000,564,3
Q2FXK9,0.043, 0.522, 1.000,46,0
Q2FXL0,0.029, 0.016, 1.000,382,2
Q2FXL1,0.054, 0.112, 1.000,407,2
Q2FXL2,0.012, 0.273, 1.000,256,2
Q2FXL3,0.012, 0.142, 1.000,164,1
Q2FXL4,0.022, 0.113, 1.000,315,1
Q2FXL5,0.000, 0.022, 1.000,400,1
Q2FXL6,0.126, 0.193, 0.857,166,2
Q2FXL7,0.003, 0.038, 1.000,372,1
Q2FXL8,0.031, 0.581, 1.000,32,0
Q2FXL9,0.003, 0.011, 1.000,351,1
Q2FXM0,0.000, 0.004, 1.000,229,1
Q2FXM1,0.058, 0.132, 1.000,137,1
Q2FXM2,0.060, 0.320, 0.850,432,4
Q2FXM3,0.003, 0.032, 1.000,313,1
Q2FXM5,0.000, 0.022, 1.000,409,1
Q2FXM6,0.105, 0.016, 0.267,285,1
Q2FXM7,0.003, 0.029, 1.000,314,1
Q2FXM8,0.006, 0.075, 1.000,322,2
Q2FXM9,0.010, 0.057, 1.000,585,2
Q2FXN0,0.065, 0.704, 0.892,275,2
Q2FXN1,0.097, 0.132, 0.423,268,1
Q2FXN2,0.036, 0.478, 0.806,453,1
Q2FXN3,0.000, 0.039, 1.000,285,1
Q2FXN4,0.009, 0.050, 1.000,422,1
Q2FXN5,0.125, 0.397, 1.000,72,0
Q2FXN6,0.094, 0.278, 0.681,234,3
Q2FXN7,0.056, 0.496, 0.964,553,4
Q2FXN8,0.048, 0.221, 0.375,495,2
Q2FXN9,0.023, 0.201, 0.652,876,4
Q2FXP0,0.034, 0.054, 1.000,290,1
Q2FXP1,0.033, 0.020, 1.000,207,1
Q2FXP2,0.006, 0.032, 1.000,341,1
Q2FXP3,0.051, 0.277, 1.000,156,1
Q2FXP4,0.277, 0.656, 0.357,466,3
Q2FXP5,0.063, 0.317, 0.889,306,2
Q2FXP6,1.000, 0.000, 0.925,40,0
Q2FXP7,0.003, 0.168, 1.000,645,2
Q2FXP8,0.054, 0.302, 0.519,497,2
Q2FXP9,0.058, 0.127, 1.000,175,1
Q2FXQ0,0.030, 0.375, 1.000,66,1
Q2FXQ1,0.000, 0.059, 1.000,118,1
Q2FXQ2,0.636, 0.000, 0.524,33,0
Q2FXQ3,0.059, 0.163, 1.000,202,2
Q2FXQ4,0.052, 0.201, 0.558,309,2
Q2FXQ5,0.278, 1.000, 1.000,36,0
Q2FXQ6,0.012, 0.141, 1.000,433,2
Q2FXQ7,0.174, 0.375, 0.575,420,5
Q2FXQ8,0.010, 0.170, 1.000,196,2
Q2FXQ9,0.049, 0.377, 0.918,448,3
Q2FXR0,0.089, 0.312, 0.416,271,2
Q2FXR2,0.005, 0.059, 1.000,222,1
Q2FXR3,0.000, 0.019, 1.000,324,1
Q2FXR4,0.021, 0.029, 1.000,428,1
Q2FXR5,0.303, 0.957, 1.000,33,0
Q2FXR6,0.053, 0.485, 0.415,357,2
Q2FXR7,0.005, 0.022, 1.000,186,1
Q2FXR8,0.014, 0.171, 1.000,876,2
Q2FXR9,0.017, 0.159, 1.000,423,2
Q2FXS0,0.306, 1.000, 1.000,36,0
Q2FXS1,0.025, 0.192, 1.000,235,1
Q2FXS3,0.053, 0.652, 1.000,94,1
Q2FXS4,0.230, 0.281, 0.500,157,2
Q2FXS5,0.359, 0.601, 1.000,39,0
Q2FXS6,0.240, 0.286, 0.567,280,1
Q2FXS7,0.091, 0.343, 0.440,176,1
Q2FXS8,0.000, 0.167, 1.000,102,1
Q2FXS9,0.066, 0.101, 1.000,106,1
Q2FXT0,0.149, 0.150, 1.000,94,1
Q2FXT1,0.193, 0.398, 0.399,430,3
Q2FXT2,0.099, 0.176, 1.000,151,2
Q2FXT3,0.080, 0.359, 0.312,200,2
Q2FXT4,0.078, 0.085, 0.385,334,1
Q2FXT5,0.000, 0.117, 1.000,341,2
Q2FXT6,0.003, 0.095, 1.000,379,1
Q2FXT7,0.012, 0.176, 1.000,86,1
Q2FXT8,0.050, 0.612, 0.700,739,2
Q2FXT9,0.003, 0.160, 1.000,757,3
Q2FXU0,0.000, 0.052, 1.000,172,1
Q2FXU1,0.127, 0.573, 0.748,729,6
Q2FXU2,0.000, 0.000, 1.000,150,1
Q2FXU3,0.055, 0.142, 0.818,291,3
Q2FXU4,0.017, 0.128, 1.000,420,2
Q2FXU5,0.007, 0.096, 1.000,588,1
Q2FXU6,0.190, 1.000, 1.000,42,0
Q2FXU7,0.004, 0.078, 1.000,257,1
Q2FXU8,0.032, 0.187, 1.000,415,3
Q2FXU9,0.966, 0.000, 0.643,58,0
Q2FXV0,0.189, 0.138, 0.820,116,1
Q2FXV1,0.067, 0.821, 1.000,60,0
Q2FXV2,0.521, 1.000, 0.960,48,0
Q2FXV3,0.018, 0.100, 1.000,337,1
Q2FXV4,0.026, 0.033, 1.000,380,2
Q2FXV6,0.013, 0.114, 1.000,372,1
Q2FXV7,0.000, 0.032, 1.000,222,1
Q2FXV8,0.119, 0.491, 0.429,825,4
Q2FXV9,0.031, 0.256, 0.548,876,4
Q2FXW0,0.256, 0.063, 0.727,86,1
Q2FXW1,0.056, 0.365, 1.000,142,2
Q2FXW2,0.235, 0.885, 0.834,102,2
Q2FXW3,0.038, 0.201, 1.000,212,2
Q2FXW4,0.049, 0.123, 1.000,307,2
Q2FXW5,0.052, 0.145, 0.635,422,3
Q2FXW6,0.019, 0.079, 1.000,207,1
Q2FXW7,0.026, 0.123, 1.000,158,1
Q2FXW8,0.043, 0.166, 1.000,233,1
Q2FXW9,0.066, 0.071, 0.894,304,1
Q2FXX0,0.228, 0.234, 0.088,149,2
Q2FXX1,0.011, 0.076, 1.000,453,1
Q2FXX2,0.016, 0.089, 1.000,250,1
Q2FXX3,0.080, 0.252, 0.700,409,1
Q2FXX4,0.030, 0.215, 1.000,406,3
Q2FXX5,0.052, 0.113, 1.000,234,2
Q2FXX6,0.112, 1.000, 1.000,89,1
Q2FXX7,0.038, 0.726, 1.000,53,0
Q2FXX8,0.000, 0.044, 1.000,228,1
Q2FXX9,0.035, 0.207, 1.000,175,1
Q2FXY0,0.104, 0.509, 0.923,366,3
Q2FXY1,0.004, 0.086, 1.000,268,1
Q2FXY2,0.000, 0.333, 1.000,96,1
Q2FXY3,0.005, 0.085, 1.000,189,1
Q2FXY4,0.104, 0.427, 0.740,715,4
Q2FXY5,0.006, 0.121, 1.000,324,1
Q2FXY6,0.012, 0.207, 1.000,83,1
Q2FXY7,0.099, 0.645, 0.949,607,3
Q2FXY8,0.953, 0.000, 0.950,42,0
Q2FXY9,0.005, 0.045, 1.000,374,1
Q2FXZ0,0.071, 0.381, 0.915,325,2
Q2FXZ1,0.269, 0.218, 0.052,208,1
Q2FXZ2,0.064, 0.288, 0.391,610,3
Q2FXZ3,0.151, 0.332, 0.457,379,3
Q2FXZ4,0.122, 0.303, 0.762,312,3
Q2FXZ5,0.032, 0.074, 1.000,250,2
Q2FXZ6,0.016, 0.052, 1.000,448,1
Q2FXZ7,0.017, 0.421, 1.000,58,1
Q2FXZ8,0.150, 0.244, 0.647,227,2
Q2FXZ9,0.036, 0.366, 1.000,329,2
Q2FY00,0.539, 0.729, 0.408,232,1
Q2FY01,0.070, 0.204, 0.771,315,2
Q2FY02,0.077, 0.105, 1.000,155,2
Q2FY03,0.009, 0.071, 1.000,114,1
Q2FY04,0.007, 0.022, 1.000,134,1
Q2FY05,1.000, 0.000, 0.879,58,0
Q2FY06,0.020, 0.154, 1.000,299,1
Q2FY07,0.004, 0.121, 1.000,248,1
Q2FY08,0.009, 0.131, 1.000,463,2
Q2FY09,0.078, 0.242, 1.000,179,1
Q2FY10,0.030, 0.194, 1.000,272,3
Q2FY11,0.083, 0.255, 0.337,599,4
Q2FY13,0.000, 0.036, 1.000,225,1
Q2FY14,0.000, 0.030, 1.000,366,1
Q2FY15,0.089, 0.326, 0.876,448,2
Q2FY16,0.000, 0.014, 1.000,296,1
Q2FY17,0.130, 0.322, 0.562,261,1
Q2FY18,0.038, 0.312, 1.000,287,1
Q2FY19,0.000, 0.051, 1.000,136,1
Q2FY21,0.048, 0.265, 0.812,691,2
Q2FY22,0.000, 0.939, 1.000,49,1
Q2FY23,0.006, 0.073, 1.000,179,1
Q2FY24,0.018, 0.282, 1.000,336,1
Q2FY25,0.047, 0.105, 1.000,150,1
Q2FY26,0.015, 0.061, 1.000,67,1
Q2FY27,0.012, 0.053, 1.000,328,1
Q2FY28,0.046, 0.067, 1.000,109,1
Q2FY29,0.005, 0.053, 1.000,207,1
Q2FY30,0.025, 0.206, 1.000,324,2
Q2FY31,0.083, 0.273, 1.000,48,0
Q2FY32,0.103, 0.218, 0.777,174,2
Q2FY33,0.009, 0.011, 1.000,363,1
Q2FY34,0.009, 0.013, 1.000,448,1
Q2FY35,0.016, 0.052, 1.000,490,1
Q2FY36,0.008, 0.055, 1.000,128,1
Q2FY37,0.051, 0.122, 1.000,276,2
Q2FY38,0.014, 0.366, 1.000,72,1
Q2FY39,0.249, 0.297, 0.333,193,1
Q2FY40,0.003, 0.014, 1.000,353,1
Q2FY41,0.038, 0.056, 1.000,185,2
Q2FY42,0.266, 0.283, 0.658,154,2
Q2FY43,0.017, 0.072, 1.000,451,1
Q2FY44,0.125, 0.334, 1.000,120,1
Q2FY45,0.039, 0.161, 1.000,129,1
Q2FY46,0.043, 0.444, 0.837,445,4
Q2FY47,0.131, 0.152, 1.000,76,1
Q2FY48,0.027, 0.105, 1.000,293,2
Q2FY49,0.033, 0.158, 1.000,150,2
Q2FY50,0.039, 0.464, 1.000,559,5
Q2FY51,0.015, 0.041, 1.000,473,2
Q2FY52,0.015, 0.018, 1.000,330,1
Q2FY53,0.000, 0.018, 1.000,327,1
Q2FY54,0.173, 0.367, 0.098,424,3
Q2FY55,0.021, 0.078, 1.000,145,1
Q2FY56,0.092, 0.284, 0.500,326,3
Q2FY57,0.100, 0.778, 1.000,30,0
Q2FY58,0.136, 0.804, 1.000,59,0
Q2FY59,0.005, 0.016, 1.000,377,1
Q2FY60,0.000, 0.021, 1.000,468,1
Q2FY61,0.000, 0.024, 1.000,123,1
Q2FY62,0.191, 0.883, 0.749,84,0
Q2FY63,0.035, 0.156, 1.000,339,1
Q2FY64,0.017, 0.056, 1.000,549,2
Q2FY65,0.107, 0.226, 0.626,297,2
Q2FY66,0.040, 0.135, 0.700,494,3
Q2FY67,0.000, 0.088, 1.000,306,2
Q2FY68,0.016, 0.047, 1.000,261,1
Q2FY69,0.008, 0.089, 1.000,251,1
Q2FY70,0.061, 0.325, 1.000,82,1
Q2FY71,0.000, 0.017, 1.000,302,1
Q2FY72,0.017, 0.091, 1.000,180,2
Q2FY73,0.013, 0.095, 1.000,149,1
Q2FY74,0.081, 0.262, 1.000,295,2
Q2FY75,0.071, 0.167, 1.000,168,1
Q2FY76,0.161, 0.618, 0.845,243,3
Q2FY77,0.155, 0.257, 0.787,180,2
Q2FY78,0.016, 0.042, 1.000,245,1
Q2FY79,0.133, 0.196, 0.594,241,3
Q2FY80,0.071, 0.543, 0.803,583,5
Q2FY81,0.066, 0.063, 0.106,289,1
Q2FY82,0.100, 0.375, 0.640,675,7
Q2FY83,0.035, 0.282, 1.000,401,3
Q2FY84,0.362, 0.992, 0.920,204,2
Q2FY86,0.374, 0.851, 0.500,75,1
Q2FY87,0.036, 0.119, 1.000,113,1
Q2FY88,0.094, 0.317, 0.447,310,2
Q2FY89,0.123, 0.342, 0.894,237,3
Q2FY90,0.018, 0.286, 1.000,57,1
Q2FY91,0.000, 0.034, 1.000,87,1
Q2FY92,0.148, 0.406, 1.000,81,1
Q2FY93,0.041, 0.087, 1.000,121,1
Q2FY94,0.409, 1.000, 0.276,71,1
Q2FY95,0.068, 0.284, 1.000,87,1
Q2FY96,0.113, 0.873, 1.000,53,0
Q2FY97,0.000, 0.355, 1.000,107,1
Q2FY98,0.375, 0.667, 0.312,120,1
Q2FY99,0.067, 0.207, 0.612,388,2
Q2FYA0,0.054, 0.126, 1.000,185,1
Q2FYA1,0.000, 0.117, 1.000,650,2
Q2FYA2,0.000, 0.672, 1.000,61,1
Q2FYA3,0.106, 0.454, 1.000,133,2
Q2FYA4,0.259, 0.159, 0.907,85,1
Q2FYA5,0.030, 0.234, 1.000,66,1
Q2FYA6,0.062, 0.066, 1.000,80,1
Q2FYA7,0.015, 0.179, 1.000,68,1
Q2FYA8,0.015, 0.328, 1.000,133,2
Q2FYA9,0.026, 0.080, 1.000,115,1
Q2FYB0,0.049, 0.073, 1.000,102,1
Q2FYB1,0.013, 0.130, 1.000,78,1
Q2FYB2,0.105, 0.099, 0.895,180,2
Q2FYB3,0.194, 0.100, 1.000,62,1
Q2FYB4,0.030, 0.359, 1.000,66,0
Q2FYB5,0.327, 0.406, 1.000,55,0
Q2FYB6,0.015, 0.800, 1.000,66,1
Q2FYB7,0.065, 0.233, 0.923,665,4
Q2FYB8,0.361, 0.891, 0.870,86,1
Q2FYB9,0.281, 0.492, 0.890,96,1
Q2FYC0,0.265, 1.000, 1.000,34,0
Q2FYC1,0.041, 0.054, 1.000,96,1
Q2FYC2,0.093, 0.307, 0.667,455,3
Q2FYC3,0.269, 0.245, 0.513,145,2
Q2FYC4,0.163, 0.172, 0.706,104,1
Q2FYC5,0.089, 0.131, 1.000,101,1
Q2FYC6,0.060, 0.219, 0.767,563,2
Q2FYC7,0.214, 0.478, 0.556,412,2
Q2FYC8,0.513, 0.749, 0.199,2066,11
Q2FYC9,0.051, 0.161, 1.000,274,1
Q2FYD0,0.127, 0.324, 0.433,527,5
Q2FYD1,0.490, 1.000, 0.745,96,1
Q2FYD2,0.011, 0.245, 1.000,636,3
Q2FYD3,0.088, 0.351, 0.818,488,4
Q2FYD4,0.202, 0.612, 0.460,129,2
Q2FYD5,0.111, 0.125, 1.000,54,1
Q2FYD6,0.061, 0.484, 1.000,99,2
Q2FYD7,0.540, 1.000, 0.833,100,1
Q2FYD8,0.107, 0.324, 0.327,484,3
Q2FYD9,0.067, 0.554, 1.000,60,1
Q2FYE0,0.029, 0.244, 1.000,278,2
Q2FYE1,0.496, 0.794, 0.474,115,1
Q2FYE2,0.112, 0.052, 0.089,305,1
Q2FYE3,0.095, 0.153, 0.147,296,1
Q2FYE4,0.500, 1.000, 1.000,68,0
Q2FYE5,0.112, 0.133, 0.089,304,1
Q2FYE6,0.282, 0.822, 1.000,39,0
Q2FYE7,0.039, 0.173, 1.000,181,1
Q2FYE8,0.014, 0.027, 1.000,74,1
Q2FYE9,0.003, 0.044, 1.000,317,1
Q2FYF0,0.048, 0.291, 0.958,459,1
Q2FYF1,0.862, 0.283, 0.289,486,1
Q2FYF2,0.447, 0.429, 1.000,38,0
Q2FYF3,0.018, 0.053, 1.000,328,1
Q2FYF4,0.000, 0.143, 1.000,322,1
Q2FYF5,0.005, 0.110, 1.000,183,1
Q2FYF6,0.105, 0.618, 1.000,38,0
Q2FYF7,0.289, 0.624, 1.000,45,0
Q2FYF8,0.048, 0.383, 1.000,63,0
Q2FYF9,0.581, 1.000, 0.771,391,2
Q2FYG0,0.078, 0.286, 0.731,436,3
Q2FYG1,0.003, 0.042, 1.000,332,1
Q2FYG2,0.000, 0.000, 1.000,90,1
Q2FYG3,0.394, 0.698, 0.830,104,1
Q2FYG4,0.053, 0.289, 1.000,190,1
Q2FYG5,0.095, 0.243, 0.895,200,2
Q2FYG6,0.016, 0.145, 1.000,314,1
Q2FYG7,0.000, 0.013, 1.000,149,1
Q2FYG8,0.045, 0.857, 1.000,66,1
Q2FYG9,0.013, 0.058, 1.000,388,1
Q2FYH0,0.000, 0.051, 1.000,354,1
Q2FYH2,0.008, 0.083, 1.000,367,1
Q2FYH3,0.083, 0.228, 1.000,191,2
Q2FYH4,0.015, 0.073, 1.000,195,1
Q2FYH5,0.057, 0.331, 0.947,897,4
Q2FYH6,0.009, 0.061, 1.000,430,1
Q2FYH7,0.140, 0.153, 0.971,228,2
Q2FYH8,0.005, 0.018, 1.000,219,1
Q2FYH9,0.027, 0.028, 1.000,113,1
Q2FYI0,0.116, 0.215, 0.276,727,2
Q2FYI1,0.226, 0.172, 0.274,225,1
Q2FYI2,0.224, 0.956, 1.000,58,0
Q2FYI3,0.043, 0.045, 1.000,116,1
Q2FYI4,0.011, 0.043, 1.000,187,1
Q2FYI5,0.228, 0.409, 0.461,114,1
Q2FYI6,0.029, 0.078, 1.000,381,2
Q2FYI7,0.109, 0.357, 1.000,110,1
Q2FYI8,0.080, 0.761, 1.000,50,0
Q2FYI9,0.139, 0.331, 0.662,446,3
Q2FYJ0,0.185, 0.741, 0.692,1146,8
Q2FYJ1,0.003, 0.048, 1.000,292,1
Q2FYJ2,0.000, 0.054, 1.000,372,1
Q2FYJ3,0.043, 0.082, 1.000,346,1
Q2FYJ4,0.052, 0.262, 0.827,440,2
Q2FYJ5,0.043, 0.292, 0.558,463,2
Q2FYJ7,0.000, 0.030, 1.000,133,1
Q2FYJ8,0.422, 0.454, 0.957,57,1
Q2FYJ9,0.697, 0.000, 0.967,43,0
Q2FYK0,0.013, 0.147, 1.000,234,2
Q2FYK1,0.014, 0.166, 1.000,73,1
Q2FYK2,0.000, 0.096, 1.000,83,1
Q2FYK3,0.115, 0.275, 0.443,374,3
Q2FYK4,0.007, 0.062, 1.000,145,1
Q2FYK5,0.003, 0.069, 1.000,318,1
Q2FYK6,0.000, 0.013, 1.000,159,1
Q2FYK7,0.039, 0.112, 1.000,279,2
Q2FYL0,0.060, 0.026, 1.000,166,1
Q2FYL1,0.000, 0.082, 1.000,73,1
Q2FYL2,0.961, 0.000, 0.612,51,0
Q2FYL3,0.078, 0.144, 0.231,496,2
Q2FYL4,0.006, 0.167, 1.000,169,1
Q2FYL5,0.034, 0.128, 1.000,356,2
Q2FYL6,0.010, 0.227, 1.000,204,1
Q2FYL7,0.621, 1.000, 0.560,66,0
Q2FYL8,0.581, 1.000, 0.520,43,0
Q2FYM1,0.048, 0.091, 0.354,932,2
Q2FYM2,0.178, 0.352, 0.242,422,3
Q2FYM3,0.004, 0.056, 1.000,269,1
Q2FYM4,0.033, 0.294, 1.000,447,1
Q2FYM5,0.185, 0.811, 0.957,130,1
Q2FYM6,0.026, 0.676, 1.000,38,1
Q2FYM7,0.365, 0.476, 0.348,378,2
Q2FYM8,0.125, 0.339, 0.960,209,1
Q2FYM9,0.000, 0.022, 1.000,89,1
Q2FYN0,0.000, 0.029, 1.000,102,1
Q2FYN1,0.065, 0.811, 1.000,62,1
Q2FYN2,0.000, 0.045, 1.000,66,1
Q2FYN3,0.143, 0.263, 0.629,133,1
Q2FYN4,0.023, 0.025, 1.000,421,1
Q2FYN6,0.003, 0.052, 1.000,383,1
Q2FYN7,0.017, 0.072, 1.000,239,1
Q2FYP0,0.006, 0.009, 1.000,329,1
Q2FYP1,0.015, 0.122, 1.000,401,2
Q2FYP2,0.006, 0.236, 1.000,533,3
Q2FYP3,0.050, 0.211, 1.000,300,2
Q2FYP4,0.041, 0.362, 1.000,98,1
Q2FYP5,0.717, 0.000, 0.947,53,0
Q2FYP6,0.144, 0.018, 0.299,327,1
Q2FYP7,0.029, 0.824, 1.000,35,0
Q2FYP8,0.068, 0.171, 0.956,308,1
Q2FYP9,0.046, 0.131, 1.000,305,1
Q2FYQ0,0.113, 0.020, 0.062,283,1
Q2FYQ1,0.038, 0.093, 1.000,213,2
Q2FYQ2,0.005, 0.038, 1.000,604,1
Q2FYQ3,0.474, 1.000, 0.907,114,0
Q2FYQ4,0.033, 0.644, 1.000,61,0
Q2FYQ5,0.104, 0.337, 0.442,328,1
Q2FYQ6,0.044, 0.110, 1.000,276,1
Q2FYQ7,0.043, 0.252, 1.000,257,1
Q2FYQ8,0.017, 0.349, 1.000,233,1
Q2FYQ9,0.070, 0.130, 1.000,157,1
Q2FYR0,0.000, 0.082, 1.000,255,1
Q2FYR1,0.005, 0.069, 1.000,419,2
Q2FYR2,0.026, 0.064, 1.000,420,2
Q2FYR3,0.041, 0.082, 1.000,242,2
Q2FYR4,0.012, 0.085, 1.000,404,1
Q2FYR5,0.072, 0.052, 1.000,210,2
Q2FYR6,0.008, 0.113, 1.000,260,2
Q2FYR7,0.021, 0.089, 1.000,332,1
Q2FYR8,0.005, 0.102, 1.000,188,2
Q2FYR9,0.022, 0.153, 1.000,468,3
Q2FYS0,0.003, 0.009, 1.000,343,1
Q2FYS1,0.052, 0.154, 0.577,363,2
Q2FYS2,0.019, 0.114, 1.000,420,2
Q2FYS3,0.812, 0.000, 0.962,32,0
Q2FYS4,0.010, 0.141, 1.000,800,2
Q2FYS5,0.108, 0.442, 0.694,663,3
Q2FYS6,0.000, 0.099, 1.000,202,1
Q2FYS7,0.000, 0.071, 1.000,98,1
Q2FYS8,0.000, 0.039, 1.000,155,1
Q2FYS9,0.007, 0.102, 1.000,901,2
Q2FYT0,0.057, 0.246, 0.772,548,2
Q2FYT1,0.500, 0.740, 0.888,162,0
Q2FYT2,0.029, 0.912, 1.000,35,0
Q2FYT3,0.124, 0.795, 0.798,1009,9
Q2FYT4,0.065, 0.157, 0.708,373,3
Q2FYT5,0.324, 1.000, 1.000,142,1
Q2FYT6,0.594, 0.000, 0.842,32,0
Q2FYT7,0.085, 0.621, 1.000,95,1
Q2FYT8,0.002, 0.013, 1.000,625,2
Q2FYT9,0.089, 0.847, 1.000,79,1
Q2FYU0,0.624, 0.414, 0.729,77,0
Q2FYU1,0.140, 0.377, 0.900,207,2
Q2FYU2,0.003, 0.066, 1.000,287,1
Q2FYU3,0.029, 0.181, 1.000,34,0
Q2FYU4,0.021, 0.104, 1.000,325,2
Q2FYU5,0.000, 0.011, 1.000,89,1
Q2FYU6,0.000, 0.939, 1.000,49,1
Q2FYU7,0.032, 0.025, 0.750,505,1
Q2FYU8,0.058, 0.424, 0.534,484,3
Q2FYU9,0.500, 1.000, 0.942,34,0
Q2FYV0,0.192, 0.441, 0.599,104,1
Q2FYV1,0.007, 0.004, 1.000,267,1
Q2FYV2,0.003, 0.043, 1.000,304,1
Q2FYV3,0.011, 0.161, 1.000,353,1
Q2FYV4,0.078, 0.155, 0.397,426,2
Q2FYV5,0.015, 0.095, 1.000,460,2
Q2FYV6,0.058, 0.077, 1.000,191,2
Q2FYV7,0.134, 0.695, 0.761,284,2
Q2FYV8,0.124, 0.251, 0.637,177,1
Q2FYV9,0.081, 0.439, 1.000,62,1
Q2FYW0,0.000, 0.110, 1.000,200,2
Q2FYW1,0.088, 0.616, 0.716,363,3
Q2FYW2,0.008, 0.191, 1.000,243,1
Q2FYW3,0.092, 0.289, 0.391,302,2
Q2FYW4,0.095, 0.262, 0.874,493,3
Q2FYW5,0.990, 0.000, 0.374,108,0
Q2FYW6,0.000, 0.003, 1.000,341,1
Q2FYW7,0.000, 0.000, 1.000,63,1
Q2FYW8,0.053, 0.243, 1.000,113,1
Q2FYW9,0.000, 0.016, 1.000,64,1
Q2FYX0,0.010, 0.095, 1.000,96,1
Q2FYX1,0.341, 0.965, 1.000,44,0
Q2FYX2,0.422, 0.846, 1.000,45,0
Q2FYX3,0.034, 0.200, 1.000,88,1
Q2FYX4,0.182, 0.334, 1.000,33,0
Q2FYX5,0.225, 1.000, 1.000,40,0
Q2FYX6,0.000, 0.073, 1.000,82,1
Q2FYX7,0.103, 0.431, 0.748,194,2
Q2FYX8,0.012, 0.012, 1.000,83,1
Q2FYX9,0.368, 0.417, 0.810,57,1
Q2FYY0,0.617, 0.000, 0.953,34,0
Q2FYY1,0.000, 0.033, 1.000,61,1
Q2FYY2,0.278, 0.385, 1.000,36,0
Q2FYY3,0.059, 0.031, 1.000,68,1
Q2FYY4,0.041, 0.099, 1.000,74,1
Q2FYY5,0.000, 0.015, 1.000,65,1
Q2FYY6,0.011, 0.115, 1.000,446,2
Q2FYY7,0.213, 0.292, 0.615,122,1
Q2FYY8,0.007, 0.036, 1.000,412,1
Q2FYY9,0.143, 0.623, 0.762,412,3
Q2FYZ0,0.032, 0.033, 1.000,158,2
Q2FYZ1,0.182, 0.048, 1.000,77,1
Q2FYZ2,0.035, 0.100, 1.000,311,2
Q2FYZ3,0.003, 0.043, 1.000,304,1
Q2FYZ4,0.029, 0.170, 0.931,557,2
Q2FYZ5,0.004, 0.048, 1.000,498,1
Q2FYZ6,0.000, 0.059, 1.000,272,1
Q2FYZ7,0.023, 0.011, 1.000,180,1
Q2FYZ9,0.089, 0.335, 0.360,872,6
Q2FZ00,0.025, 0.258, 1.000,163,2
Q2FZ01,0.041, 0.052, 1.000,121,1
Q2FZ02,0.074, 0.105, 0.189,514,1
Q2FZ03,0.000, 0.031, 1.000,97,1
Q2FZ04,0.000, 0.042, 1.000,288,1
Q2FZ05,0.000, 0.060, 1.000,586,2
Q2FZ06,0.008, 0.008, 1.000,265,1
Q2FZ07,0.127, 0.371, 1.000,71,1
Q2FZ08,0.087, 0.388, 0.931,519,5
Q2FZ09,0.090, 0.068, 0.311,322,1
Q2FZ10,0.042, 0.229, 0.881,383,2
Q2FZ11,0.016, 0.344, 1.000,192,1
Q2FZ12,0.100, 0.180, 1.000,130,1
Q2FZ13,0.128, 0.258, 0.344,275,2
Q2FZ14,0.000, 0.051, 1.000,234,1
Q2FZ15,0.000, 0.030, 1.000,428,1
Q2FZ16,0.045, 0.067, 0.733,421,2
Q2FZ17,0.013, 0.106, 1.000,237,1
Q2FZ18,0.152, 0.374, 0.270,747,3
Q2FZ19,0.005, 0.202, 1.000,557,2
Q2FZ20,0.006, 0.206, 1.000,698,2
Q2FZ21,0.011, 0.242, 1.000,184,2
Q2FZ22,0.004, 0.134, 1.000,240,1
Q2FZ23,0.007, 0.083, 1.000,293,1
Q2FZ24,0.108, 0.607, 1.000,37,0
Q2FZ25,0.122, 0.067, 0.385,255,1
Q2FZ26,0.067, 0.322, 1.000,30,0
Q2FZ27,0.019, 0.191, 1.000,257,2
Q2FZ28,0.180, 0.217, 0.550,467,3
Q2FZ29,0.022, 0.136, 1.000,181,1
Q2FZ30,0.091, 0.277, 0.890,298,2
Q2FZ31,0.042, 0.163, 0.881,435,3
Q2FZ32,0.034, 0.162, 0.647,689,6
Q2FZ33,0.020, 0.108, 1.000,246,1
Q2FZ34,0.002, 0.043, 1.000,414,1
Q2FZ36,0.010, 0.051, 1.000,302,1
Q2FZ37,0.000, 0.093, 1.000,388,1
Q2FZ38,0.004, 0.027, 1.000,255,1
Q2FZ39,0.044, 0.188, 1.000,294,2
Q2FZ40,0.008, 0.091, 1.000,868,2
Q2FZ41,0.491, 0.444, 0.961,53,0
Q2FZ42,0.018, 0.070, 1.000,116,1
Q2FZ43,0.012, 0.054, 1.000,245,1
Q2FZ44,0.000, 0.108, 1.000,167,2
Q2FZ45,0.011, 0.145, 1.000,91,1
Q2FZ46,0.262, 0.568, 0.748,455,2
Q2FZ47,0.027, 0.057, 1.000,110,1
Q2FZ48,0.214, 0.462, 0.383,416,2
Q2FZ49,0.082, 0.792, 0.963,1188,9
Q2FZ50,0.049, 0.190, 1.000,243,2
Q2FZ51,0.026, 0.414, 1.000,77,1
Q2FZ52,0.188, 0.808, 1.000,32,0
Q2FZ53,0.004, 0.041, 1.000,244,1
Q2FZ54,0.006, 0.013, 1.000,308,1
Q2FZ55,0.021, 0.084, 1.000,328,1
Q2FZ56,0.047, 0.100, 1.000,190,1
Q2FZ58,0.082, 0.234, 0.329,548,3
Q2FZ59,0.072, 0.226, 1.000,124,1
Q2FZ60,0.032, 0.750, 1.000,62,1
Q2FZ61,0.061, 0.200, 1.000,213,1
Q2FZ62,0.000, 0.009, 1.000,214,1
Q2FZ63,0.130, 0.315, 0.623,285,3
Q2FZ64,0.161, 0.259, 0.348,664,4
Q2FZ65,0.008, 0.045, 1.000,247,1
Q2FZ66,0.033, 0.151, 1.000,364,1
Q2FZ67,0.010, 0.107, 1.000,435,1
Q2FZ68,0.000, 0.042, 1.000,311,2
Q2FZ69,0.572, 0.834, 0.774,70,0
Q2FZ70,0.039, 0.072, 1.000,203,1
Q2FZ71,0.009, 0.084, 1.000,230,1
Q2FZ72,0.035, 0.245, 0.886,1057,4
Q2FZ73,0.005, 0.019, 1.000,366,1
Q2FZ74,0.002, 0.014, 1.000,424,1
Q2FZ75,0.040, 0.096, 1.000,293,2
Q2FZ76,0.036, 0.243, 1.000,435,1
Q2FZ77,0.063, 0.074, 1.000,175,2
Q2FZ78,0.036, 0.119, 1.000,305,2
Q2FZ79,0.018, 0.131, 1.000,163,1
Q2FZ80,0.000, 0.681, 1.000,69,0
Q2FZ81,0.008, 0.034, 1.000,265,1
Q2FZ82,0.001, 0.095, 1.000,917,2
Q2FZ83,0.293, 0.199, 0.717,205,2
Q2FZ84,0.048, 0.082, 1.000,268,1
Q2FZ85,0.000, 0.062, 1.000,96,1
Q2FZ86,0.567, 0.085, 0.848,187,1
Q2FZ87,0.010, 0.118, 1.000,222,1
Q2FZ88,0.000, 0.077, 1.000,221,1
Q2FZ89,0.226, 0.301, 0.261,390,1
Q2FZ91,0.426, 0.195, 0.150,439,1
Q2FZ92,0.004, 0.116, 1.000,449,2
Q2FZ93,0.047, 0.094, 1.000,321,1
Q2FZ94,0.078, 0.245, 0.333,744,4
Q2FZ95,0.428, 0.474, 0.860,133,0
Q2FZ97,0.021, 0.093, 1.000,143,1
Q2FZ98,0.000, 0.080, 1.000,540,2
Q2FZA1,0.034, 0.383, 1.000,146,1
Q2FZA2,0.018, 0.026, 1.000,231,1
Q2FZA3,0.341, 1.000, 1.000,44,0
Q2FZA4,0.023, 1.000, 1.000,44,0
Q2FZA5,0.048, 0.136, 1.000,62,1
Q2FZA6,0.044, 0.073, 1.000,315,1
Q2FZA7,0.186, 1.000, 1.000,75,0
Q2FZA8,0.016, 0.355, 1.000,496,2
Q2FZA9,0.000, 0.132, 1.000,310,1
Q2FZB0,0.012, 0.067, 1.000,333,1
Q2FZB1,0.149, 0.102, 0.027,241,1
Q2FZB2,0.158, 0.133, 0.133,241,1
Q2FZB3,0.152, 0.144, 0.086,238,1
Q2FZB4,0.068, 0.102, 1.000,74,1
Q2FZB5,0.431, 1.000, 1.000,51,0
Q2FZB6,1.000, 0.000, 0.815,81,0
Q2FZB7,0.327, 0.116, 0.263,116,1
Q2FZB8,0.255, 0.390, 0.333,165,2
Q2FZB9,0.131, 0.610, 0.954,168,1
Q2FZC0,0.278, 0.490, 0.270,133,1
Q2FZC1,0.833, 0.000, 1.000,30,0
Q2FZC2,0.294, 0.143, 0.344,109,1
Q2FZC3,0.291, 0.436, 1.000,55,0
Q2FZC4,0.000, 0.000, 1.000,167,1
Q2FZC5,0.015, 0.042, 1.000,195,1
Q2FZC6,0.004, 0.034, 1.000,266,1
Q2FZC7,0.092, 0.081, 0.283,271,1
Q2FZC8,0.015, 0.059, 1.000,588,1
Q2FZC9,0.015, 0.070, 1.000,204,2
Q2FZD0,0.160, 0.619, 0.863,593,6
Q2FZD1,0.613, 0.000, 0.948,31,0
Q2FZD2,0.010, 0.010, 1.000,104,1
Q2FZD3,0.085, 0.422, 0.553,782,5
Q2FZD4,0.002, 0.053, 1.000,570,1
Q2FZD5,0.017, 0.141, 1.000,173,1
Q2FZD6,0.047, 0.208, 1.000,86,1
Q2FZD7,0.076, 0.118, 0.289,312,2
Q2FZD8,0.000, 0.070, 1.000,800,2
Q2FZD9,0.028, 0.260, 1.000,352,1
Q2FZE0,0.000, 0.041, 1.000,246,1
Q2FZE1,0.886, 0.000, 0.967,35,0
Q2FZE2,0.000, 0.009, 1.000,107,1
Q2FZE3,0.029, 0.093, 1.000,244,1
Q2FZE4,0.598, 1.000, 0.811,97,0
Q2FZE5,0.056, 0.254, 0.946,321,1
Q2FZE6,0.127, 0.039, 0.189,292,2
Q2FZE7,0.632, 0.621, 0.222,358,1
Q2FZE9,0.645, 0.040, 0.053,350,1
Q2FZF0,0.476, 0.071, 0.011,645,1
Q2FZF1,0.086, 0.604, 1.000,58,1
Q2FZF2,0.041, 0.380, 1.000,74,1
Q2FZF3,0.146, 0.405, 0.925,185,2
Q2FZF4,0.024, 0.138, 1.000,379,2
Q2FZF5,0.025, 0.122, 1.000,160,1
Q2FZF6,0.032, 0.099, 1.000,156,1
Q2FZF7,0.008, 0.071, 1.000,129,1
Q2FZF8,0.024, 0.232, 1.000,84,1
Q2FZF9,0.107, 0.032, 0.215,308,1
Q2FZG0,0.167, 0.091, 0.293,144,1
Q2FZG1,0.026, 0.139, 1.000,273,2
Q2FZG2,0.448, 1.000, 0.967,67,0
Q2FZG3,0.020, 0.107, 1.000,153,1
Q2FZG4,0.016, 0.011, 1.000,370,1
Q2FZG5,0.091, 0.079, 0.791,208,1
Q2FZG6,0.000, 0.000, 1.000,183,1
Q2FZG7,0.050, 0.816, 1.000,40,0
Q2FZG8,0.000, 0.139, 1.000,72,1
Q2FZG9,0.026, 0.160, 1.000,565,3
Q2FZH0,0.883, 0.000, 0.977,51,0
Q2FZH1,0.019, 0.134, 1.000,220,2
Q2FZH2,0.074, 0.564, 1.000,339,2
Q2FZH3,0.016, 0.121, 1.000,453,1
Q2FZH4,0.026, 0.027, 1.000,77,1
Q2FZH5,0.044, 0.291, 1.000,572,2
Q2FZH6,0.000, 0.011, 1.000,88,1
Q2FZH7,0.306, 0.672, 0.817,180,2
Q2FZH8,0.000, 0.062, 1.000,390,1
Q2FZH9,0.348, 0.790, 0.767,431,2
Q2FZI0,0.045, 0.405, 1.000,44,0
Q2FZI1,0.282, 1.000, 1.000,39,0
Q2FZI2,0.099, 0.169, 0.949,191,2
Q2FZI3,0.024, 0.284, 1.000,466,2
Q2FZI4,0.093, 0.444, 0.882,268,2
Q2FZI5,0.004, 0.067, 1.000,415,1
Q2FZI6,0.000, 0.098, 1.000,492,2
Q2FZI7,0.000, 0.005, 1.000,188,1
Q2FZI8,0.012, 0.077, 1.000,342,1
Q2FZI9,0.069, 0.061, 0.681,494,2
Q2FZJ0,0.016, 0.102, 1.000,729,1
Q2FZJ1,0.004, 0.009, 1.000,223,1
Q2FZJ2,0.069, 0.012, 1.000,87,1
Q2FZJ3,0.000, 0.030, 1.000,234,1
Q2FZJ4,0.013, 0.133, 1.000,374,1
Q2FZJ5,0.000, 0.007, 1.000,139,1
Q2FZJ6,0.003, 0.031, 1.000,286,1
Q2FZJ7,0.257, 0.013, 0.335,105,1
Q2FZJ8,0.075, 0.730, 1.000,40,0
Q2FZJ9,0.085, 0.262, 0.835,366,1
Q2FZK0,0.016, 0.133, 1.000,662,1
Q2FZK1,0.269, 0.824, 0.777,201,2
Q2FZK2,0.083, 0.329, 1.000,96,1
Q2FZK3,0.051, 0.068, 0.451,397,1
Q2FZK7,0.237, 0.362, 0.072,1256,5
Q2FZK8,0.861, 0.000, 0.967,36,0
Q2FZK9,0.014, 0.219, 1.000,139,1
Q2FZL0,0.036, 0.203, 1.000,336,1
Q2FZL1,0.003, 0.070, 1.000,384,1
Q2FZL2,0.348, 0.046, 0.385,336,1
Q2FZL3,0.138, 0.074, 0.739,393,2
Q2FZL5,0.004, 0.007, 1.000,273,1
Q2FZL6,0.011, 0.011, 1.000,267,1
Q2FZL7,0.004, 0.057, 1.000,557,1
Q2FZL8,0.022, 0.223, 1.000,403,2
Q2FZL9,0.941, 0.000, 0.844,34,0
Q2FZM0,0.036, 0.186, 1.000,312,2
Q2FZM1,0.000, 0.000, 1.000,183,1
Q2FZM2,0.000, 0.167, 1.000,96,0
Q2FZM3,0.395, 0.615, 0.942,43,0
Q2FZM4,0.010, 0.095, 1.000,287,2
Q2FZM5,0.008, 0.034, 1.000,118,1
Q2FZM6,0.019, 0.087, 1.000,260,1
Q2FZM7,0.026, 0.039, 1.000,235,1
Q2FZM8,0.105, 0.236, 1.000,95,1
Q2FZM9,0.208, 0.645, 1.000,96,1
Q2FZN0,0.023, 0.178, 1.000,213,1
Q2FZN1,0.009, 0.133, 1.000,106,1
Q2FZN2,0.104, 0.681, 0.894,654,3
Q2FZN3,0.121, 0.586, 1.000,33,0
Q2FZN4,0.029, 0.088, 1.000,35,1
Q2FZN5,0.015, 0.208, 1.000,200,2
Q2FZN6,0.034, 0.500, 1.000,58,1
Q2FZN7,0.049, 0.157, 1.000,328,2
Q2FZN8,0.181, 0.509, 1.000,72,1
Q2FZN9,0.068, 0.195, 1.000,176,1
Q2FZP0,0.038, 0.124, 0.579,503,3
Q2FZP1,0.055, 0.398, 0.964,452,2
Q2FZP2,0.476, 0.365, 0.189,769,2
Q2FZP3,0.086, 0.213, 0.523,267,2
Q2FZP4,0.106, 0.411, 0.651,520,3
Q2FZP5,0.035, 0.205, 1.000,86,1
Q2FZP6,0.008, 0.030, 1.000,493,1
Q2FZP7,0.092, 0.246, 0.467,391,2
Q2FZP8,0.053, 0.323, 0.849,396,2
Q2FZP9,0.000, 0.036, 1.000,169,1
Q2FZQ0,0.040, 0.025, 1.000,252,1
Q2FZQ1,0.035, 0.266, 0.714,522,2
Q2FZQ2,0.238, 0.480, 0.954,361,2
Q2FZQ3,0.004, 0.055, 1.000,256,1
Q2FZQ4,0.104, 0.556, 0.750,614,5
Q2FZQ5,0.053, 0.174, 0.623,461,2
Q2FZQ6,0.000, 0.032, 1.000,284,2
Q2FZQ7,0.015, 0.108, 1.000,329,2
Q2FZQ8,0.037, 0.100, 1.000,293,1
Q2FZQ9,0.050, 0.254, 0.940,320,1
Q2FZR0,0.046, 0.196, 1.000,326,3
Q2FZR1,0.034, 0.224, 1.000,328,2
Q2FZR2,0.057, 0.115, 0.070,571,1
Q2FZR3,0.046, 0.057, 0.326,551,1
Q2FZR4,0.029, 0.227, 1.000,313,2
Q2FZR5,0.034, 0.175, 1.000,360,2
Q2FZR6,0.155, 0.365, 0.510,356,1
Q2FZR7,0.019, 0.205, 1.000,308,1
Q2FZR8,0.049, 0.462, 1.000,123,2
Q2FZR9,0.004, 0.010, 1.000,414,1
Q2FZS0,0.000, 0.000, 1.000,313,1
Q2FZS1,0.098, 0.182, 1.000,61,1
Q2FZS2,0.305, 0.120, 0.295,144,1
Q2FZS3,0.000, 0.006, 1.000,171,1
Q2FZS4,0.073, 0.328, 0.479,372,2
Q2FZS5,0.000, 0.113, 1.000,213,1
Q2FZS6,0.010, 0.101, 1.000,381,2
Q2FZS7,0.052, 0.172, 1.000,289,2
Q2FZS8,0.061, 0.477, 0.803,869,7
Q2FZS9,0.107, 0.226, 0.383,604,2
Q2FZT0,0.000, 0.148, 1.000,88,1
Q2FZT1,0.011, 0.103, 1.000,274,2
Q2FZT3,0.186, 0.676, 1.000,129,1
Q2FZT4,0.013, 0.054, 1.000,300,1
Q2FZT5,0.101, 0.387, 0.733,1217,5
Q2FZT6,0.022, 0.294, 0.682,1158,4
Q2FZT7,0.142, 0.157, 0.866,155,1
Q2FZT8,0.017, 0.094, 1.000,174,1
Q2FZT9,0.257, 0.409, 0.837,191,1
Q2FZU0,0.000, 0.002, 1.000,443,1
Q2FZU1,0.027, 0.084, 1.000,401,2
Q2FZU2,0.015, 0.066, 1.000,459,1
Q2FZU3,0.140, 0.003, 0.164,309,1
Q2FZU4,0.889, 0.000, 0.964,63,0
Q2FZU5,0.012, 0.078, 1.000,414,1
Q2FZU6,0.000, 0.013, 1.000,396,1
Q2FZU7,0.000, 0.016, 1.000,375,1
Q2FZU8,0.096, 0.252, 1.000,114,1
Q2FZU9,0.005, 0.015, 1.000,197,1
Q2FZV0,0.079, 0.094, 1.000,127,2
Q2FZV1,0.043, 0.210, 0.977,801,3
Q2FZV2,0.063, 0.413, 1.000,142,1
Q2FZV3,0.062, 0.292, 1.000,113,1
Q2FZV4,0.016, 0.016, 1.000,124,1
Q2FZV5,0.039, 0.496, 0.769,438,3
Q2FZV6,0.000, 0.061, 1.000,491,1
Q2FZV7,0.007, 0.002, 1.000,402,1
Q2FZV8,0.269, 0.529, 0.561,119,1
Q2FZV9,0.026, 0.369, 1.000,78,1
Q2FZW0,0.006, 0.097, 1.000,354,1
Q2FZW1,0.028, 0.048, 1.000,107,1
Q2FZW2,0.300, 1.000, 0.917,80,1
Q2FZW3,0.030, 0.076, 1.000,391,1
Q2FZW4,0.000, 0.026, 1.000,78,1
Q2FZW5,0.034, 0.149, 1.000,404,3
Q2FZW6,0.006, 0.207, 1.000,485,1
Q2FZW7,0.507, 0.636, 1.000,67,0
Q2FZW8,0.083, 0.242, 1.000,36,0
Q2FZW9,0.000, 0.020, 1.000,294,1
Q2FZX0,0.000, 0.042, 1.000,259,1
Q2FZX1,0.084, 0.068, 1.000,144,1
Q2FZX2,0.000, 0.034, 1.000,88,1
Q2FZX3,0.212, 0.390, 0.443,127,1
Q2FZX4,0.036, 0.245, 1.000,305,1
Q2FZX5,0.000, 0.011, 1.000,439,1
Q2FZX6,0.007, 0.143, 1.000,275,1
Q2FZX7,0.018, 0.145, 1.000,282,1
Q2FZX8,0.031, 0.355, 1.000,32,0
Q2FZX9,0.008, 0.057, 1.000,355,1
Q2FZY0,0.096, 0.201, 0.938,346,2
Q2FZY1,0.000, 0.087, 1.000,104,1
Q2FZY2,0.244, 0.735, 1.000,45,0
Q2FZY3,0.127, 0.288, 0.795,465,3
Q2FZY4,0.071, 0.133, 1.000,154,1
Q2FZY5,0.027, 0.014, 1.000,416,1
Q2FZY6,0.014, 0.102, 1.000,435,1
Q2FZY7,0.012, 0.036, 1.000,253,1
Q2FZY8,0.064, 0.200, 0.891,283,2
Q2FZY9,0.125, 0.679, 1.000,64,1
Q2FZZ0,0.107, 0.020, 0.551,273,1
Q2FZZ1,0.009, 0.061, 1.000,231,1
Q2FZZ2,0.023, 0.216, 1.000,341,2
Q2FZZ3,0.082, 0.056, 1.000,98,1
Q2FZZ4,0.164, 0.122, 0.811,128,1
Q2FZZ5,0.730, 0.000, 0.926,37,0
Q2FZZ6,0.010, 0.080, 1.000,292,2
Q2FZZ7,0.054, 0.143, 1.000,37,1
Q2FZZ8,0.000, 0.016, 1.000,126,1
Q2FZZ9,0.000, 0.305, 1.000,118,1
Q2G000,0.000, 0.019, 1.000,106,1
Q2G001,0.000, 0.084, 1.000,179,1
Q2G002,0.000, 0.038, 1.000,238,1
Q2G003,0.015, 0.303, 1.000,67,1
Q2G004,0.116, 0.342, 1.000,86,1
Q2G005,0.032, 0.316, 1.000,62,1
Q2G006,0.233, 0.172, 0.794,189,1
Q2G007,0.032, 0.055, 1.000,94,1
Q2G008,0.042, 0.116, 1.000,72,1
Q2G009,0.000, 0.045, 1.000,66,1
Q2G010,0.236, 0.287, 0.407,228,1
Q2G011,0.571, 0.135, 0.270,156,1
Q2G012,1.000, 0.000, 0.000,340,0
Q2G013,0.411, 0.608, 0.217,450,2
Q2G014,0.590, 0.000, 1.000,39,0
Q2G015,0.667, 0.317, 0.043,927,0
Q2G016,0.011, 0.028, 1.000,176,1
Q2G017,0.052, 0.494, 1.000,173,1
Q2G018,0.000, 0.078, 1.000,51,1
Q2G019,0.202, 0.171, 0.530,242,1
Q2G020,0.021, 0.298, 1.000,48,1
Q2G021,0.000, 0.019, 1.000,107,1
Q2G022,1.000, 0.000, 0.280,93,0
Q2G023,0.051, 0.315, 1.000,154,1
Q2G024,0.124, 0.288, 0.306,790,4
Q2G025,0.008, 0.037, 1.000,246,1
Q2G026,0.264, 0.522, 1.000,91,0
Q2G027,0.039, 0.089, 1.000,152,1
Q2G028,0.005, 0.032, 1.000,434,1
Q2G029,0.004, 0.022, 1.000,505,1
Q2G030,0.000, 0.028, 1.000,253,1
Q2G031,0.003, 0.066, 1.000,396,1
Q2G032,0.000, 0.036, 1.000,336,1
Q2G033,0.012, 0.186, 1.000,337,1
Q2G034,0.780, 0.718, 0.485,209,0
Q2G035,0.003, 0.100, 1.000,300,1
Q2G036,0.015, 0.047, 1.000,195,1
Q2G037,0.010, 0.106, 1.000,314,2
Q2G038,0.036, 0.031, 1.000,331,1
Q2G039,0.119, 0.461, 0.555,303,3
Q2G040,0.993, 0.000, 0.464,141,0
Q2G041,0.003, 0.055, 1.000,311,1
Q2G042,0.039, 0.150, 0.744,479,2
Q2G043,0.025, 0.147, 1.000,161,1
Q2G044,0.036, 0.071, 1.000,279,1
Q2G045,0.013, 0.114, 1.000,310,1
Q2G046,0.024, 0.351, 0.875,948,3
Q2G047,0.101, 0.216, 0.485,324,2
Q2G048,0.981, 0.000, 0.941,52,0
Q2G049,0.050, 0.146, 0.180,338,1
Q2G050,0.015, 0.139, 1.000,343,1
Q2G051,0.295, 1.000, 0.956,78,0
Q2G052,0.061, 0.403, 0.951,291,3
Q2G053,0.117, 0.300, 1.000,34,0
Q2G055,0.210, 0.567, 0.424,190,2
Q2G056,0.058, 0.237, 1.000,224,2
Q2G057,0.019, 0.360, 1.000,312,2
Q2G058,0.008, 0.262, 1.000,127,1
Q2G059,0.014, 0.019, 1.000,213,1
Q2G060,0.077, 0.337, 0.961,351,2
Q2G061,0.037, 0.201, 1.000,356,1
Q2G062,0.032, 0.151, 1.000,253,1
Q2G063,0.086, 0.073, 1.000,164,1
Q2G064,0.002, 0.005, 1.000,408,1
Q2G065,0.027, 0.129, 1.000,374,2
Q2G066,0.000, 0.019, 1.000,106,1
Q2G067,0.072, 0.125, 0.764,292,1
Q2G068,0.041, 0.243, 1.000,172,1
Q2G069,0.010, 0.016, 1.000,307,1
Q2G070,0.000, 0.019, 1.000,104,1
Q2G071,0.105, 0.092, 0.333,342,1
Q2G072,0.024, 0.060, 1.000,253,1
Q2G073,0.028, 0.275, 1.000,318,2
Q2G074,0.068, 0.269, 0.824,323,1
Q2G075,0.431, 0.931, 0.910,51,0
Q2G076,1.000, 0.000, 1.000,34,0
Q2G077,0.074, 0.086, 0.122,323,1
Q2G078,0.061, 0.099, 0.705,721,1
Q2G079,0.069, 0.032, 1.000,132,1
Q2G080,0.020, 0.377, 1.000,244,2
Q2G081,0.030, 0.230, 1.000,166,1
Q2G082,0.022, 0.176, 1.000,501,1
Q2G083,0.152, 0.464, 1.000,33,0
Q2G084,0.203, 0.235, 0.808,305,3
Q2G085,0.375, 1.000, 1.000,32,0
Q2G086,0.017, 0.141, 1.000,180,1
Q2G087,0.000, 0.065, 1.000,352,1
Q2G088,0.008, 0.216, 1.000,504,2
Q2G089,0.083, 0.423, 0.554,325,2
Q2G090,0.049, 0.374, 0.551,593,3
Q2G091,0.072, 0.477, 0.736,627,4
Q2G092,0.269, 1.000, 1.000,52,0
Q2G093,0.030, 0.094, 0.733,646,1
Q2G094,0.003, 0.105, 1.000,334,2
Q2G095,0.063, 0.122, 1.000,236,1
Q2G096,0.029, 0.318, 1.000,68,1
Q2G097,0.000, 0.025, 1.000,202,1
Q2G098,0.029, 0.110, 1.000,383,2
Q2G099,0.015, 0.098, 1.000,197,1
Q2G0A0,0.044, 0.078, 1.000,160,1
Q2G0A1,0.347, 0.561, 0.308,150,1
Q2G0A2,0.067, 0.350, 0.687,388,2
Q2G0A3,0.000, 0.014, 1.000,140,1
Q2G0A4,0.063, 0.292, 1.000,205,2
Q2G0A5,0.096, 0.289, 1.000,115,1
Q2G0A6,0.009, 0.053, 1.000,457,1
Q2G0A7,0.041, 0.201, 0.098,517,1
Q2G0A8,0.021, 0.216, 1.000,95,1
Q2G0A9,0.000, 0.023, 1.000,302,1
Q2G0B0,0.179, 0.356, 0.492,308,3
Q2G0B1,0.061, 0.080, 1.000,147,1
Q2G0B2,0.033, 0.331, 0.879,557,2
Q2G0B3,0.039, 0.320, 0.615,543,2
Q2G0B4,0.065, 0.128, 0.369,291,2
Q2G0B5,0.207, 0.545, 0.957,227,2
Q2G0B6,0.000, 0.092, 1.000,152,1
Q2G0B7,0.021, 0.087, 1.000,188,1
Q2G0B8,0.006, 0.089, 1.000,180,1
Q2G0B9,0.131, 0.360, 1.000,99,2
Q2G0C0,0.572, 0.429, 0.720,131,1
Q2G0C1,0.000, 0.109, 1.000,147,1
Q2G0C2,0.135, 0.722, 0.874,229,3
Q2G0C3,0.000, 0.111, 1.000,162,1
Q2G0C4,0.069, 0.262, 0.464,406,2
Q2G0C5,0.645, 0.000, 1.000,31,0
Q2G0C6,0.038, 0.076, 1.000,288,2
Q2G0C7,0.150, 0.022, 0.033,214,1
Q2G0C8,0.237, 1.000, 1.000,38,0
Q2G0C9,0.000, 0.013, 1.000,157,1
Q2G0D0,0.075, 0.073, 0.893,238,1
Q2G0D1,0.008, 0.034, 1.000,119,1
Q2G0D2,0.096, 0.397, 0.698,716,5
Q2G0D3,0.042, 0.157, 1.000,214,1
Q2G0D4,0.396, 0.669, 0.361,265,3
Q2G0D5,0.015, 0.221, 1.000,335,2
Q2G0D6,0.020, 0.064, 1.000,205,1
Q2G0D7,0.100, 0.629, 0.790,629,6
Q2G0D8,0.024, 0.105, 1.000,253,1
Q2G0D9,0.087, 0.452, 0.862,346,3
Q2G0E0,0.044, 0.252, 1.000,224,2
Q2G0E1,0.049, 0.288, 1.000,307,2
Q2G0E2,0.006, 0.084, 1.000,168,1
Q2G0E3,0.148, 0.174, 0.905,142,1
Q2G0E4,0.387, 0.447, 0.667,62,0
Q2G0E5,0.118, 0.134, 0.364,347,1
Q2G0E6,0.048, 0.204, 0.938,355,1
Q2G0E7,0.000, 0.115, 1.000,165,1
Q2G0E8,0.000, 0.008, 1.000,120,1
Q2G0E9,0.020, 0.032, 1.000,194,1
Q2G0F0,0.015, 0.163, 1.000,262,2
Q2G0F1,0.016, 0.500, 1.000,238,1
Q2G0F2,0.161, 0.036, 0.075,168,1
Q2G0F3,0.019, 0.027, 1.000,266,1
Q2G0F4,0.055, 0.075, 1.000,239,1
Q2G0F5,0.031, 0.252, 1.000,316,1
Q2G0F6,0.054, 0.054, 1.000,275,1
Q2G0F7,0.019, 0.058, 1.000,211,1
Q2G0F8,0.002, 0.105, 1.000,553,1
Q2G0F9,0.055, 0.159, 1.000,127,1
Q2G0G0,0.029, 0.117, 1.000,35,0
Q2G0G1,0.000, 0.015, 1.000,336,1
Q2G0G2,0.202, 0.029, 0.084,173,1
Q2G0G3,0.023, 0.121, 1.000,431,1
Q2G0G4,0.000, 0.044, 1.000,158,1
Q2G0G5,0.000, 0.006, 1.000,178,1
Q2G0G6,0.006, 0.051, 1.000,312,1
Q2G0G7,0.077, 0.646, 1.000,208,2
Q2G0G8,1.000, 0.000, 0.814,86,0
Q2G0G9,0.128, 0.468, 0.852,211,2
Q2G0H0,0.137, 0.994, 0.847,189,3
Q2G0H1,0.062, 0.454, 1.000,209,2
Q2G0H2,0.214, 0.333, 1.000,42,0
Q2G0H3,0.103, 0.676, 1.000,155,1
Q2G0H4,0.080, 0.485, 0.938,213,2
Q2G0H5,0.137, 0.765, 0.964,197,2
Q2G0H6,0.079, 0.172, 1.000,38,0
Q2G0H7,0.057, 0.345, 1.000,209,2
Q2G0H8,0.199, 0.828, 1.000,181,1
Q2G0H9,0.197, 0.380, 0.477,213,2
Q2G0I0,0.243, 0.786, 0.868,185,2
Q2G0I1,0.499, 0.635, 0.158,469,1
Q2G0I2,0.000, 0.152, 1.000,33,0
Q2G0I3,0.050, 0.076, 1.000,138,1
Q2G0I4,0.000, 0.009, 1.000,440,1
Q2G0I5,0.009, 0.259, 1.000,113,1
Q2G0I6,0.003, 0.145, 1.000,358,1
Q2G0I7,0.031, 0.029, 1.000,327,2
Q2G0I8,0.075, 0.417, 1.000,306,2
Q2G0I9,0.022, 0.096, 1.000,278,1
Q2G0J0,0.003, 0.058, 1.000,328,1
Q2G0J1,0.024, 0.053, 1.000,250,1
Q2G0J2,0.019, 0.283, 1.000,216,1
Q2G0J3,0.060, 0.029, 1.000,150,1
Q2G0J4,0.042, 0.165, 0.571,494,2
Q2G0J5,0.008, 0.075, 1.000,122,1
Q2G0J6,0.484, 0.430, 0.525,126,1
Q2G0J7,0.014, 0.005, 1.000,218,1
Q2G0J8,0.050, 0.076, 1.000,276,1
Q2G0J9,0.018, 0.444, 1.000,55,1
Q2G0K0,0.067, 0.145, 1.000,89,1
Q2G0K1,0.083, 0.126, 1.000,121,1
Q2G0K2,0.000, 0.047, 1.000,379,1
Q2G0K3,0.041, 0.251, 1.000,458,2
Q2G0K4,0.023, 0.295, 1.000,466,2
Q2G0K5,0.005, 0.009, 1.000,215,1
Q2G0K6,0.042, 0.106, 1.000,167,1
Q2G0K7,0.005, 0.052, 1.000,210,1
Q2G0K8,0.040, 0.029, 1.000,252,1
Q2G0K9,0.092, 0.129, 1.000,120,2
Q2G0L0,0.045, 0.081, 1.000,221,1
Q2G0L1,0.003, 0.075, 1.000,292,1
Q2G0L2,0.024, 0.069, 1.000,496,2
Q2G0L3,0.006, 0.085, 1.000,490,2
Q2G0L4,0.358, 0.282, 0.036,1349,4
Q2G0L5,0.480, 0.191, 0.021,995,3
Q2G0L6,0.906, 0.000, 0.961,85,0
Q2G0L7,0.005, 0.037, 1.000,188,1
Q2G0L8,0.003, 0.146, 1.000,289,2
Q2G0L9,0.019, 0.033, 1.000,156,1
Q2G0M0,0.030, 0.080, 1.000,205,1
Q2G0M1,0.009, 0.202, 1.000,220,1
Q2G0M2,0.013, 0.183, 1.000,227,2
Q2G0M3,0.825, 0.000, 0.298,57,0
Q2G0M4,0.022, 0.057, 1.000,358,2
Q2G0M5,0.022, 0.077, 1.000,321,1
Q2G0M6,0.006, 0.048, 1.000,545,1
Q2G0M7,0.013, 0.021, 1.000,292,1
Q2G0M8,0.003, 0.030, 1.000,395,1
Q2G0M9,0.005, 0.043, 1.000,391,1
Q2G0N0,0.023, 0.226, 1.000,394,2
Q2G0N1,0.062, 0.468, 0.952,693,3
Q2G0N5,0.036, 0.355, 0.361,1207,3
Q2G0N7,0.005, 0.074, 1.000,202,1
Q2G0N9,0.862, 1.000, 0.510,166,0
Q2G0P0,0.009, 0.649, 1.000,230,1
Q2G0P2,0.225, 0.475, 0.733,182,3
Q2G0P4,0.111, 0.441, 0.234,189,2
Q2G0P5,0.118, 0.721, 0.551,818,6
Q2G0P6,0.039, 0.118, 1.000,335,2
Q2G0P7,0.207, 0.530, 0.589,188,2
Q2G0P8,0.020, 0.127, 1.000,153,1
Q2G0P9,0.054, 0.128, 1.000,404,2
Q2G0Q0,0.022, 0.044, 1.000,186,2
Q2G0Q1,0.003, 0.068, 1.000,295,1
Q2G0Q2,0.078, 0.125, 0.782,460,3
Q2G0Q3,0.014, 0.064, 1.000,495,1
Q2G0Q4,0.033, 0.138, 1.000,30,0
Q2G0Q5,0.019, 0.097, 1.000,158,1
Q2G0Q6,0.000, 0.000, 1.000,121,1
Q2G0Q7,0.086, 0.098, 0.826,267,1
Q2G0Q8,0.006, 0.048, 1.000,310,1
Q2G0Q9,0.007, 0.048, 1.000,293,1
Q2G0R0,0.224, 0.639, 0.674,697,3
Q2G0R1,0.056, 0.053, 1.000,179,2
Q2G0R2,0.065, 0.206, 0.785,431,4
Q2G0R3,0.369, 0.666, 0.734,133,1
Q2G0R4,0.131, 0.770, 0.824,130,1
Q2G0R5,0.023, 0.153, 1.000,87,1
Q2G0R6,0.023, 0.222, 1.000,397,3
Q2G0R7,0.085, 0.301, 0.882,508,3
Q2G0R8,0.147, 0.689, 0.776,1168,7
Q2G0R9,0.000, 0.032, 1.000,190,1
Q2G0S0,0.180, 0.736, 0.411,217,2
Q2G0S1,0.611, 0.000, 1.000,36,0
Q2G0S2,0.043, 0.062, 1.000,321,2
Q2G0S3,0.000, 0.024, 1.000,450,1
Q2G0S4,0.116, 0.158, 1.000,43,1
Q2G0S5,0.130, 0.080, 1.000,100,1
Q2G0S6,0.008, 0.024, 1.000,126,1
Q2G0S7,0.015, 0.193, 1.000,274,1
Q2G0S8,0.007, 0.097, 1.000,282,1
Q2G0S9,0.138, 0.240, 1.000,87,1
Q2G0T0,0.014, 0.065, 1.000,297,1
Q2G0T1,0.034, 0.105, 1.000,178,2
Q2G0T2,0.031, 0.129, 1.000,32,0
Q2G0T3,0.005, 0.030, 1.000,198,1
Q2G0T4,0.133, 0.121, 1.000,105,1
Q2G0T5,0.147, 0.501, 0.367,557,3
Q2G0T6,0.000, 0.115, 1.000,174,1
Q2G0T7,0.242, 0.520, 1.000,33,0
Q2G0T8,0.041, 0.285, 1.000,242,2
Q2G0T9,0.010, 0.033, 1.000,546,1
Q2G0U0,0.063, 0.335, 0.730,475,2
Q2G0U1,0.010, 0.067, 1.000,487,1
Q2G0U2,0.015, 0.166, 0.800,1499,3
Q2G0U3,0.065, 0.251, 0.738,294,2
Q2G0U4,0.051, 0.366, 0.784,372,1
Q2G0U5,0.057, 0.265, 1.000,260,1
Q2G0U6,0.025, 0.089, 1.000,161,1
Q2G0U7,0.039, 0.055, 1.000,131,1
Q2G0U8,0.460, 1.000, 0.878,89,1
Q2G0U9,0.435, 0.671, 0.434,334,4
Q2G0V0,0.082, 0.027, 0.561,280,1
Q2G0V1,0.028, 0.047, 1.000,219,1
Q2G0V2,0.003, 0.212, 1.000,341,2
Q2G0V3,0.000, 0.082, 1.000,380,1
Q2G0V4,0.023, 0.044, 1.000,304,1
Q2G0V5,0.054, 0.249, 0.833,445,1
Q2G0V6,0.946, 0.000, 0.943,37,0
Q2G0V7,0.016, 0.046, 1.000,244,1
Q2G0V8,0.031, 0.064, 1.000,224,1
Q2G0V9,0.442, 1.000, 0.787,138,1
Q2G0W0,0.008, 0.050, 1.000,120,1
Q2G0W1,0.079, 0.277, 0.278,901,4
Q2G0W2,0.043, 0.402, 1.000,494,3
Q2G0W3,0.429, 0.417, 1.000,42,0
Q2G0W4,0.155, 0.382, 0.310,400,4
Q2G0W5,0.256, 0.547, 1.000,86,0
Q2G0W6,0.125, 0.110, 1.000,104,1
Q2G0W7,0.009, 0.189, 1.000,107,1
Q2G0W8,0.135, 0.421, 0.852,442,3
Q2G0W9,0.163, 0.208, 0.135,270,1
Q2G0X0,0.142, 0.214, 0.162,261,1
Q2G0X1,0.191, 0.349, 0.681,262,2
Q2G0X2,0.451, 0.803, 0.412,102,1
Q2G0X3,0.285, 0.351, 0.147,502,5
Q2G0X4,0.169, 0.171, 0.237,225,1
Q2G0X5,0.032, 0.113, 1.000,403,2
Q2G0X6,0.041, 0.147, 0.854,490,2
Q2G0X7,0.463, 0.052, 0.024,356,1
Q2G0X8,0.178, 0.169, 0.270,231,1
Q2G0X9,0.155, 0.078, 0.116,226,1
Q2G0Y0,0.008, 0.004, 1.000,281,1
Q2G0Y1,0.000, 0.025, 1.000,119,1
Q2G0Y2,0.604, 1.000, 0.808,86,0
Q2G0Y3,0.156, 0.645, 1.000,90,1
Q2G0Y4,0.017, 0.065, 1.000,234,2
Q2G0Y5,0.000, 0.416, 1.000,178,1
Q2G0Y6,0.066, 0.222, 0.470,513,2
Q2G0Y7,0.004, 0.157, 1.000,488,1
Q2G0Y8,0.026, 0.295, 1.000,422,1
Q2G0Y9,0.005, 0.089, 1.000,192,1
Q2G0Z0,0.363, 0.604, 0.328,135,2
Q2G0Z1,0.050, 0.229, 1.000,220,2
Q2G0Z2,0.496, 0.700, 0.151,318,2
Q2G0Z3,0.212, 0.500, 1.000,33,0
Q2G0Z4,0.049, 0.380, 0.878,462,4
Q2G0Z5,0.004, 0.020, 1.000,251,1
Q2G0Z8,0.423, 1.000, 0.927,97,1
Q2G0Z9,0.207, 0.194, 0.536,208,2
Q2G100,0.094, 0.513, 1.000,127,1
Q2G101,0.021, 0.027, 1.000,193,1
Q2G102,0.971, 0.000, 0.986,69,0
Q2G103,0.036, 0.663, 1.000,83,1
Q2G104,0.172, 0.361, 1.000,87,1
Q2G105,0.227, 0.068, 0.326,190,1
Q2G106,0.049, 0.242, 1.000,122,1
Q2G107,0.291, 0.048, 0.069,203,1
Q2G108,0.134, 0.133, 1.000,52,1
Q2G109,0.010, 0.137, 1.000,103,1
Q2G110,0.058, 0.225, 1.000,312,2
Q2G111,0.263, 0.797, 0.951,80,1
Q2G112,0.336, 0.081, 0.482,167,1
Q2G113,0.030, 0.042, 1.000,98,1
Q2G114,0.016, 0.033, 1.000,63,1
Q2G115,0.096, 0.179, 0.740,365,2
Q2G116,0.120, 0.644, 1.000,67,1
Q2G117,0.078, 0.174, 0.962,293,1
Q2G118,0.146, 0.467, 0.534,281,2
Q2G119,0.005, 0.115, 1.000,367,1
Q2G120,0.028, 0.101, 1.000,386,1
Q2G121,0.047, 0.171, 0.830,613,3
Q2G122,0.018, 0.081, 1.000,742,2
Q2G123,0.012, 0.024, 1.000,250,1
Q2G124,0.000, 0.003, 1.000,393,1
Q2G125,0.538, 0.918, 1.000,52,0
Q2G126,0.000, 0.039, 1.000,129,1
Q2G127,0.203, 0.339, 1.000,74,1
Q2G128,0.101, 0.582, 0.822,218,1
Q2G129,0.245, 0.730, 0.833,560,6
Q2G130,0.105, 0.057, 0.067,409,1
Q2G131,0.113, 0.047, 0.248,284,1
Q2G132,0.006, 0.028, 1.000,181,1
Q2G133,1.000, 0.000, 0.274,135,0
Q2G134,0.042, 0.104, 1.000,331,2
Q2G135,0.011, 0.016, 1.000,188,1
Q2G136,0.014, 0.072, 1.000,353,1
Q2G137,0.000, 0.039, 1.000,308,1
Q2G138,0.069, 0.532, 0.580,452,2
Q2G139,0.014, 0.118, 1.000,146,1
Q2G140,0.022, 0.263, 1.000,451,1
Q2G141,0.007, 0.029, 1.000,139,1
Q2G142,0.183, 0.660, 0.765,651,7
Q2G143,0.027, 0.147, 1.000,147,1
Q2G144,0.000, 0.191, 1.000,94,1
Q2G145,0.027, 0.149, 1.000,448,1
Q2G146,0.018, 0.108, 1.000,341,1
Q2G147,0.050, 0.089, 0.880,340,2
Q2G148,0.077, 0.031, 0.169,314,1
Q2G149,0.019, 0.054, 1.000,266,1
Q2G150,0.000, 0.022, 1.000,90,1
Q2G151,0.000, 0.153, 1.000,333,1
Q2G152,0.300, 0.810, 1.000,30,0
Q2G153,0.041, 0.125, 0.805,399,1
Q2G154,0.007, 0.015, 1.000,275,1
Q2G155,0.445, 0.040, 0.038,690,1
Q2G156,0.027, 0.195, 1.000,437,2
Q2G157,0.005, 0.000, 1.000,222,1
Q2G158,0.049, 0.213, 1.000,266,2
Q2G159,0.000, 0.052, 1.000,286,1
Q2G160,0.003, 0.007, 1.000,293,1
Q2G161,0.051, 0.080, 0.882,510,2
Q2G162,0.076, 0.117, 0.645,406,2
Q2G163,0.006, 0.055, 1.000,307,1
Q2G164,0.038, 0.081, 1.000,372,2
Q2G165,0.012, 0.262, 1.000,316,2
Q2G166,1.000, 0.000, 0.804,46,0
Q2G167,0.022, 0.145, 1.000,225,1
Q2G168,0.023, 0.264, 1.000,349,1
Q2G169,0.169, 0.297, 1.000,77,1
Q2G170,0.166, 0.008, 0.145,296,1
Q2G171,0.040, 0.360, 0.825,425,1
Q2G172,0.043, 0.080, 1.000,274,1
Q2G173,0.083, 0.132, 1.000,132,1
Q2G174,0.201, 0.030, 0.881,124,1
Q2G175,0.083, 0.530, 1.000,72,1
Q2G176,0.025, 0.313, 1.000,203,2
Q2G177,0.031, 0.227, 1.000,227,2
Q2G178,0.000, 0.055, 1.000,163,1
Q2G179,0.719, 0.330, 0.363,614,3
Q2G180,0.133, 1.000, 1.000,105,1
Q2G181,0.147, 0.487, 0.578,224,2
Q2G182,0.106, 0.430, 1.000,104,1
Q2G183,0.076, 0.158, 1.000,130,2
Q2G184,0.063, 0.626, 0.778,1479,5
Q2G185,0.081, 0.284, 0.753,444,2
Q2G186,0.161, 0.077, 1.000,93,1
Q2G187,0.546, 0.855, 0.795,152,0
Q2G188,0.501, 0.882, 0.820,1009,8
Q2G189,0.041, 0.279, 1.000,97,1
Q2G190,0.549, 0.582, 0.288,297,2
Q2G191,0.000, 0.282, 1.000,195,1
Q2G192,0.028, 0.176, 1.000,217,1
Q2G193,0.089, 0.357, 0.978,507,3
Q2G194,0.173, 0.701, 0.954,388,3
Q2G195,0.055, 0.633, 0.945,306,3
Q2G196,0.000, 0.041, 1.000,219,1
Q2G198,0.003, 0.039, 1.000,330,1
Q2G199,0.052, 0.581, 0.712,458,1
Q2G1A0,0.231, 0.495, 0.905,134,1
Q2G1A1,0.015, 0.156, 1.000,130,1
Q2G1A2,1.000, 0.000, 0.559,59,0
Q2G1A3,0.042, 0.097, 1.000,332,2
Q2G1A4,0.007, 0.268, 1.000,293,1
Q2G1A5,0.000, 0.007, 1.000,134,1
Q2G1A6,0.003, 0.033, 1.000,304,1
Q2G1A7,0.318, 0.466, 1.000,44,0
Q2G1A8,0.008, 0.120, 1.000,253,1
Q2G1A9,0.025, 0.051, 1.000,478,2
Q2G1B0,0.103, 0.072, 0.184,263,2
Q2G1B1,0.085, 0.229, 1.000,234,2
Q2G1B7,0.007, 0.081, 1.000,574,2
Q2G1B8,0.020, 0.242, 1.000,562,2
Q2G1B9,0.000, 0.047, 1.000,341,1
Q2G1C0,0.021, 0.121, 1.000,238,1
Q2G1C1,0.033, 0.194, 1.000,389,3
Q2G1C2,0.142, 0.368, 0.465,513,1
Q2G1C3,1.000, 0.000, 0.516,95,0
Q2G1C4,0.000, 0.047, 1.000,341,1
Q2G1C5,0.055, 0.234, 0.764,380,2
Q2G1C6,0.016, 0.068, 1.000,525,1
Q2G1C7,0.024, 0.166, 1.000,501,2
Q2G1C8,0.004, 0.052, 1.000,403,1
Q2G1C9,0.000, 0.056, 1.000,753,2
Q2G1D0,0.000, 0.015, 1.000,394,1
Q2G1D1,1.000, 0.000, 0.589,56,1
Q2G1D2,0.343, 0.565, 1.000,35,0
Q2G1D3,0.561, 0.272, 0.025,636,2
Q2G1D4,0.403, 0.338, 0.261,114,1
Q2G1D5,0.019, 0.189, 1.000,587,2
Q2G1D6,1.000, 0.000, 0.984,64,0
Q2G1D7,0.004, 0.044, 1.000,251,1
Q2G1D8,0.009, 0.037, 1.000,749,1
Q2G1D9,0.087, 0.037, 0.391,322,1
Q2G1E0,0.118, 0.562, 0.805,518,3
Q2G1E1,0.131, 0.402, 0.634,252,3
Q2G1E2,0.029, 0.280, 1.000,459,2
Q2G1E3,0.005, 0.159, 1.000,190,1
Q2G1E4,0.000, 0.016, 1.000,322,1
Q2G1E5,0.003, 0.017, 1.000,346,1
Q2G1E6,0.000, 0.059, 1.000,358,2
Q2G1E7,0.050, 0.143, 1.000,279,1
Q2G1E8,0.029, 0.190, 1.000,422,1
Q2G1E9,0.109, 0.031, 0.349,423,1
Q2G1F0,0.003, 0.151, 1.000,365,1
Q2G1F1,0.130, 0.168, 0.600,192,1
Q2G1F2,0.000, 0.000, 1.000,208,1
Q2G1F3,0.070, 0.301, 0.829,257,1
Q2G1F4,0.073, 0.168, 0.507,668,3
Q2G1F5,0.053, 0.161, 0.038,591,1
Q2G1F6,0.044, 0.140, 0.591,387,1
Q2G1F7,0.157, 0.465, 0.376,492,2
Q2G1F8,0.021, 0.311, 1.000,530,2
Q2G1F9,0.022, 0.318, 1.000,370,1
Q2G1G0,0.049, 0.205, 1.000,307,1
Q2G1G1,0.018, 0.062, 1.000,280,1
Q2G1G2,0.113, 0.516, 0.770,929,7
Q2G1G3,0.043, 0.315, 1.000,93,1
Q2G1G4,0.072, 0.207, 0.861,291,3
Q2G1G5,0.033, 0.289, 1.000,484,2
Q2G1G6,0.020, 0.055, 1.000,299,1
Q2G1G7,0.026, 0.166, 1.000,346,2
Q2G1G8,0.107, 0.342, 0.505,681,3
Q2G1G9,0.182, 0.556, 1.000,33,0
Q2G1H0,0.000, 0.035, 1.000,546,2
Q2G1H1,0.012, 0.110, 1.000,165,1
Q2G1H2,0.027, 0.242, 1.000,451,1
Q2G1H3,0.008, 0.010, 1.000,394,1
Q2G1H4,0.000, 0.038, 1.000,343,1
Q2G1H5,0.031, 0.020, 1.000,413,1
Q2G1H6,0.000, 0.087, 1.000,254,1
Q2G1H7,0.006, 0.013, 1.000,159,1
Q2G1H8,0.019, 0.162, 1.000,214,1
Q2G1H9,0.260, 0.695, 0.600,2391,13
Q2G1I0,0.079, 0.188, 0.329,416,2
Q2G1I1,0.006, 0.047, 1.000,341,1
Q2G1I2,0.008, 0.050, 1.000,119,1
Q2G1I3,0.003, 0.058, 1.000,343,1
Q2G1I4,0.036, 0.107, 1.000,253,1
Q2G1I5,0.121, 0.014, 0.231,324,1
Q2G1I6,0.040, 0.275, 1.000,246,1
Q2G1I7,0.018, 0.359, 1.000,170,1
Q2G1I8,0.075, 0.338, 1.000,67,1
Q2G1I9,0.148, 0.349, 0.554,319,2
Q2G1J0,0.002, 0.006, 1.000,495,1
Q2G1J1,0.268, 0.947, 0.735,127,1
Q2G1J2,0.083, 0.050, 1.000,108,1
Q2G1J3,0.013, 0.074, 1.000,381,1
Q2G1J4,0.002, 0.090, 1.000,420,1
Q2G1J5,0.031, 0.095, 1.000,295,1
Q2G1J6,0.092, 0.178, 0.880,185,2
Q2G1J7,0.004, 0.161, 1.000,401,1
Q2G1J8,0.082, 0.299, 0.756,401,2
Q2G1J9,0.074, 0.195, 0.865,388,3
Q2G1K0,0.000, 0.138, 1.000,369,2
Q2G1K1,0.106, 0.086, 0.547,208,1
Q2G1K2,0.016, 0.089, 1.000,374,1
Q2G1K3,0.038, 0.048, 1.000,369,2
Q2G1K4,0.000, 0.020, 1.000,342,1
Q2G1K5,0.089, 0.394, 0.764,607,4
Q2G1K6,0.028, 0.016, 1.000,254,1
Q2G1K7,0.096, 0.039, 0.635,228,1
Q2G1K8,0.068, 0.338, 1.000,222,2
Q2G1K9,0.012, 0.073, 1.000,869,2
Q2G1L0,0.425, 1.000, 0.967,73,1
Q2G1L1,0.232, 1.000, 0.953,95,0
Q2G1L2,0.000, 0.052, 1.000,96,1
Q2G1L3,0.137, 0.230, 0.818,161,1
Q2G1L4,0.194, 0.722, 1.000,67,1
Q2G1L5,0.000, 0.096, 1.000,511,1
Q2G1L6,0.112, 0.180, 0.205,514,2
Q2G1L7,0.128, 0.007, 0.070,318,1
Q2G1L8,0.016, 0.127, 1.000,257,1
Q2G1L9,0.064, 0.153, 0.938,266,1
Q2G1M0,0.725, 0.000, 0.966,40,0
Q2G1M1,0.012, 0.067, 1.000,258,1
Q2G1M2,0.553, 1.000, 0.347,208,1
Q2G1M3,0.252, 0.515, 0.560,135,1
Q2G1M4,0.175, 0.750, 1.000,63,0
Q2G1M5,0.016, 0.152, 1.000,254,1
Q2G1M6,0.042, 0.029, 0.833,400,2
Q2G1M7,0.012, 0.043, 1.000,258,1
Q2G1M8,0.080, 0.104, 0.325,616,1
Q2G1M9,0.036, 0.120, 0.528,578,2
Q2G1N0,0.096, 0.251, 0.948,418,2
Q2G1N1,0.019, 0.040, 1.000,584,2
Q2G1N2,0.006, 0.062, 1.000,336,1
Q2G1N3,0.024, 0.050, 1.000,326,1
Q2G1N4,0.113, 0.007, 0.513,330,1
Q2G1N5,0.021, 0.244, 1.000,331,1
Q2G1N6,0.017, 0.281, 1.000,304,1
Q2G1N7,0.088, 0.439, 0.545,250,2
Q2G1N9,0.029, 0.268, 1.000,530,2
Q2G1P0,0.006, 0.270, 1.000,157,1
Q2G1P1,0.059, 0.194, 1.000,442,2
Q2G1P2,0.048, 0.217, 1.000,290,2
Q2G1P3,0.000, 0.037, 1.000,591,1
Q2G1P4,0.127, 0.503, 0.756,553,3
Q2G1P5,0.041, 0.361, 0.634,462,2
Q2G1P6,0.011, 0.013, 1.000,392,1
Q2G1P7,0.116, 0.410, 0.612,732,5
Q2G1P8,0.137, 0.277, 0.431,255,1
Q2G1P9,0.125, 0.260, 0.216,255,1
Q2G1Q0,0.132, 0.270, 0.205,256,1
Q2G1Q1,0.149, 0.286, 0.396,255,2
Q2G1Q2,0.085, 0.020, 0.318,328,1
Q2G1Q3,0.850, 1.000, 0.875,160,0
Q2G1Q4,0.038, 0.288, 0.737,1050,6
Q2G1Q5,0.145, 0.673, 0.862,200,2
Q2G1Q6,0.085, 0.287, 0.953,247,2
Q2G1Q7,0.011, 0.069, 1.000,177,1
Q2G1Q8,0.076, 0.337, 0.961,286,2
Q2G1Q9,0.005, 0.105, 1.000,183,1
Q2G1R0,0.044, 0.224, 0.614,406,2
Q2G1R1,0.020, 0.094, 1.000,98,1
Q2G1R2,0.149, 1.000, 1.000,67,0
Q2G1R3,0.013, 0.078, 1.000,310,1
Q2G1R4,0.303, 0.957, 1.000,33,0
Q2G1R5,0.003, 0.003, 1.000,397,1
Q2G1R6,0.000, 0.088, 1.000,444,2
Q2G1R7,0.062, 0.336, 0.452,355,3
Q2G1R8,0.035, 0.373, 1.000,86,1
Q2G1R9,0.034, 0.154, 0.588,657,2
Q2G1S0,0.431, 1.000, 1.000,51,0
Q2G1S1,0.018, 0.055, 1.000,279,2
Q2G1S2,0.004, 0.008, 1.000,257,1
Q2G1S3,0.005, 0.091, 1.000,427,1
Q2G1S4,0.116, 0.294, 0.422,466,4
Q2G1S5,0.186, 0.160, 0.140,231,2
Q2G1S6,0.167, 0.097, 0.102,234,1
Q2G1S7,0.535, 1.000, 0.830,99,0
Q2G1S8,0.373, 0.030, 0.043,308,1
Q2G1S9,0.667, 0.000, 1.000,45,0
Q2G1T0,0.059, 0.477, 1.000,205,2
Q2G1T1,0.000, 0.011, 1.000,186,1
Q2G1T2,0.077, 0.041, 1.000,78,1
Q2G1T3,0.000, 0.036, 1.000,140,1
Q2G1T4,0.073, 0.132, 1.000,164,1
Q2G1T5,0.653, 0.210, 0.096,917,1
Q2G1T6,0.000, 0.042, 1.000,288,1
Q2G1T7,0.004, 0.151, 1.000,247,2
Q2G1T9,0.097, 0.092, 1.000,72,1
Q2G1U0,0.029, 0.249, 1.000,207,2
Q2G1U1,0.043, 0.224, 0.953,565,3
Q2G1U2,0.000, 0.053, 1.000,133,1
Q2G1U3,0.005, 0.032, 1.000,602,1
Q2G1U4,0.033, 0.139, 1.000,328,2
Q2G1U5,0.334, 0.667, 0.713,239,2
Q2G1U6,0.008, 0.154, 1.000,131,1
Q2G1U7,0.300, 1.000, 0.943,60,0
Q2G1U8,0.103, 0.104, 0.282,516,3
Q2G1U9,0.000, 0.232, 1.000,155,1
Q2G1V0,0.007, 0.040, 1.000,274,1
Q2G1V1,0.006, 0.243, 1.000,178,1
Q2G1V2,0.020, 0.117, 1.000,243,2
Q2G1V3,0.037, 0.275, 1.000,377,1
Q2G1V4,0.000, 0.150, 1.000,280,1
Q2G1V5,0.080, 0.330, 1.000,237,2
Q2G1V6,0.048, 0.462, 1.000,209,2
Q2G1V7,0.045, 0.063, 1.000,67,1
Q2G1V8,0.014, 0.123, 1.000,140,1
Q2G1V9,0.600, 1.000, 0.922,85,0
Q2G1W0,0.003, 0.072, 1.000,360,1
Q2G1W1,0.470, 0.750, 0.283,166,1
Q2G1W2,0.031, 0.077, 0.742,530,2
Q2G1W3,0.254, 0.491, 0.854,161,1
Q2G1W4,0.038, 0.081, 1.000,397,2
Q2G1W5,0.053, 0.322, 0.943,302,3
Q2G1W6,0.177, 0.521, 0.627,396,4
Q2G1W7,0.041, 0.237, 1.000,194,1
Q2G1W8,0.296, 0.891, 0.544,415,4
Q2G1W9,0.019, 0.333, 1.000,52,1
Q2G1X0,0.201, 0.212, 0.328,319,2
Q2G1X1,0.026, 0.147, 1.000,77,1
Q2G1X2,0.403, 0.930, 0.861,72,1
Q2G1X3,0.147, 0.692, 1.000,61,0
Q2G1X4,0.209, 1.000, 1.000,48,0
Q2G1X5,0.036, 0.045, 1.000,139,1
Q2G1X6,0.163, 0.156, 0.969,222,2
Q2G1X7,0.000, 0.017, 1.000,237,1
Q2G1Y0,0.037, 0.421, 0.811,667,4
Q2G1Y1,0.010, 0.051, 1.000,100,1
Q2G1Y2,0.064, 0.328, 0.641,482,1
Q2G1Y3,0.688, 1.000, 0.795,64,0
Q2G1Y4,0.000, 0.011, 1.000,445,1
Q2G1Y5,0.012, 0.045, 1.000,319,1
Q2G1Y6,0.095, 0.393, 0.621,615,5
Q2G1Y7,0.250, 0.175, 0.700,160,2
Q2G1Y8,1.000, 0.000, 0.032,95,0
Q2G1Y9,0.036, 0.226, 1.000,55,1
Q2G1Z0,0.003, 0.016, 1.000,322,1
Q2G1Z1,0.033, 0.376, 1.000,338,1
Q2G1Z2,0.057, 0.422, 0.737,334,1
Q2G1Z3,0.023, 0.120, 1.000,265,1
Q2G1Z4,0.007, 0.058, 1.000,567,1
Q2G1Z5,0.028, 0.306, 1.000,394,4
Q2G1Z6,0.008, 0.093, 1.000,260,1
Q2G1Z7,0.063, 0.054, 0.683,256,1
Q2G1Z8,0.043, 0.299, 0.395,1436,4
Q2G1Z9,0.015, 0.121, 1.000,269,1
Q2G200,0.000, 0.009, 1.000,115,1
Q2G201,0.020, 0.020, 1.000,197,1
Q2G202,0.000, 0.019, 1.000,105,1
Q2G203,0.094, 0.169, 0.202,268,1
Q2G204,0.043, 0.178, 1.000,211,1
Q2G205,0.016, 0.118, 1.000,517,1
Q2G206,0.024, 0.449, 1.000,452,2
Q2G207,0.990, 0.000, 0.465,100,0
Q2G208,0.062, 0.037, 1.000,226,1
Q2G209,0.273, 0.542, 1.000,33,0
Q2G210,0.025, 0.269, 1.000,160,1
Q2G211,0.842, 1.000, 0.692,108,0
Q2G212,0.040, 0.228, 0.950,498,1
Q2G213,0.079, 0.276, 1.000,114,2
Q2G214,0.135, 0.172, 0.948,141,1
Q2G215,0.219, 0.360, 1.000,32,0
Q2G216,0.404, 0.715, 1.000,47,0
Q2G217,0.000, 0.013, 1.000,311,1
Q2G218,0.009, 0.041, 1.000,317,1
Q2G219,0.059, 0.251, 0.695,509,3
Q2G220,0.005, 0.022, 1.000,186,1
Q2G221,0.224, 0.593, 0.509,993,6
Q2G222,0.438, 0.041, 0.180,619,2
Q2G223,0.003, 0.032, 1.000,312,2
Q2G224,0.019, 0.042, 1.000,220,1
Q2G225,0.074, 0.207, 1.000,271,1
Q2G226,0.077, 0.373, 0.831,450,1
Q2G227,0.005, 0.033, 1.000,392,1
Q2G228,0.000, 0.060, 1.000,235,1
Q2G229,0.211, 0.175, 0.915,109,1
Q2G230,0.005, 0.147, 1.000,205,1
Q2G231,0.034, 0.447, 1.000,58,0
Q2G232,0.002, 0.067, 1.000,445,1
Q2G233,0.000, 0.095, 1.000,264,1
Q2G234,0.034, 0.003, 1.000,358,1
Q2G235,0.000, 0.054, 1.000,480,1
Q2G236,0.015, 0.108, 1.000,273,1
Q2G237,0.474, 1.000, 0.962,57,0
Q2G238,0.000, 0.036, 1.000,306,1
Q2G239,0.089, 0.341, 0.461,652,3
Q2G240,0.028, 0.223, 1.000,254,1
Q2G241,0.019, 0.069, 1.000,484,2
Q2G242,0.094, 0.469, 0.755,351,4
Q2G243,0.090, 0.292, 0.578,444,2
Q2G244,0.211, 1.000, 1.000,52,0
Q2G245,0.587, 0.847, 0.422,505,1
Q2G246,0.059, 0.781, 1.000,34,0
Q2G247,0.294, 0.374, 0.939,163,1
Q2G248,0.019, 0.073, 1.000,363,2
Q2G249,1.000, 0.000, 0.000,159,0
Q2G250,0.166, 0.320, 1.000,30,0
Q2G251,0.000, 0.477, 1.000,44,0
Q2G252,0.006, 0.069, 1.000,159,1
Q2G253,0.345, 0.063, 0.099,772,2
Q2G254,0.000, 0.181, 1.000,105,1
Q2G255,0.018, 0.091, 1.000,380,1
Q2G256,0.003, 0.126, 1.000,366,2
Q2G257,0.000, 0.155, 1.000,226,1
Q2G258,0.003, 0.015, 1.000,323,1
Q2G259,0.851, 0.000, 0.841,74,0
Q2G260,0.613, 0.468, 0.065,199,1
Q2G261,0.000, 0.010, 1.000,199,1
Q2G262,0.023, 0.236, 1.000,476,2
Q2G263,0.068, 0.321, 0.529,251,2
Q2G264,0.221, 0.223, 0.213,317,2
Q2G265,0.012, 0.050, 1.000,162,1
Q2G266,0.099, 0.451, 0.899,802,5
Q2G267,0.196, 0.905, 1.000,92,0
Q2G268,0.038, 0.195, 1.000,399,3
Q2G269,0.288, 1.000, 1.000,59,0
Q2G270,0.019, 0.179, 1.000,108,1
Q2G272,0.022, 0.081, 1.000,278,1
Q2G273,0.015, 0.055, 1.000,204,1
Q2G274,0.091, 0.347, 0.626,644,4
Q2G275,0.005, 0.125, 1.000,370,1
Q2G276,0.037, 0.103, 1.000,81,1
Q2G277,0.028, 0.200, 1.000,216,1
Q2G278,0.452, 0.432, 0.049,279,2
Q2G279,0.486, 1.000, 0.940,35,0
Q2G280,0.000, 0.033, 1.000,151,1
Q2G281,0.003, 0.114, 1.000,316,1
Q2G282,0.027, 0.229, 1.000,148,2
Q2G283,0.021, 0.021, 1.000,429,2
Q2G284,0.242, 0.440, 1.000,33,0
Q2G285,0.000, 0.060, 1.000,83,1
Q2G286,0.023, 0.035, 1.000,88,1
Q2G287,0.127, 0.199, 0.449,230,1
Q2G288,0.165, 0.444, 0.855,412,2
Q2G289,0.052, 0.071, 0.942,326,2
Q2G290,0.100, 0.089, 0.150,388,2
Q2G291,0.189, 0.533, 1.000,37,0
Q2G292,0.025, 0.027, 1.000,389,1
Q2G293,0.020, 0.010, 1.000,210,1
Q2G294,0.023, 0.200, 1.000,568,2
Q2G295,0.030, 0.194, 1.000,329,1
Q2G296,0.013, 0.062, 1.000,555,1
Q2G297,0.005, 0.052, 1.000,194,1
Q2G298,0.035, 0.133, 1.000,117,1
Q2G299,0.276, 0.188, 0.221,228,3
Q2G2A0,0.012, 0.093, 1.000,238,1
Q2G2A1,0.007, 0.078, 1.000,143,1
Q2G2A2,0.110, 0.037, 1.000,91,1
Q2G2A3,0.008, 0.013, 1.000,468,1
Q2G2A4,0.197, 0.440, 0.305,430,3
Q2G2A5,0.000, 0.006, 1.000,325,1
Q2G2A6,0.050, 0.112, 1.000,179,2
Q2G2A7,0.019, 0.126, 1.000,364,1
Q2G2A8,0.026, 0.092, 1.000,357,1
Q2G2A9,0.085, 0.545, 0.918,269,1
Q2G2B0,0.045, 0.281, 1.000,265,1
Q2G2B1,0.042, 0.071, 1.000,118,1
Q2G2B2,0.257, 0.889, 0.335,1627,17
Q2G2B3,0.040, 0.140, 1.000,397,2
Q2G2B4,0.052, 0.521, 1.000,77,1
Q2G2B5,0.118, 0.622, 1.000,102,1
Q2G2B6,0.098, 1.000, 1.000,92,1
Q2G2B7,0.032, 0.046, 1.000,155,1
Q2G2B8,0.153, 0.580, 0.588,698,8
Q2G2B9,0.056, 0.038, 0.411,303,1
Q2G2C0,0.030, 0.197, 1.000,303,2
Q2G2C1,0.020, 0.212, 0.850,1150,3
Q2G2C2,0.066, 0.336, 1.000,408,3
Q2G2C3,0.066, 0.247, 1.000,91,1
Q2G2C4,0.021, 0.133, 1.000,238,1
Q2G2C5,0.000, 0.020, 1.000,347,1
Q2G2C6,0.146, 0.756, 1.000,48,1
Q2G2C7,0.020, 0.014, 1.000,351,1
Q2G2C8,0.033, 0.365, 1.000,419,2
Q2G2C9,0.010, 0.019, 1.000,105,1
Q2G2D0,0.161, 0.412, 0.435,705,5
Q2G2D1,0.000, 0.085, 1.000,94,1
Q2G2D2,0.113, 0.248, 0.204,391,1
Q2G2D3,0.026, 0.470, 1.000,155,2
Q2G2D4,0.070, 0.304, 0.571,570,2
Q2G2D5,0.000, 0.004, 1.000,470,1
Q2G2D6,0.007, 0.058, 1.000,294,1
Q2G2D7,0.006, 0.094, 1.000,333,1
Q2G2D8,0.097, 0.053, 0.268,312,2
Q2G2D9,0.080, 0.430, 0.950,278,2
Q2G2E0,0.205, 0.659, 0.693,667,8
Q2G2E1,0.124, 0.418, 1.000,145,1
Q2G2E2,0.047, 0.417, 1.000,277,2
Q2G2E3,0.100, 0.814, 1.000,30,0
Q2G2E4,0.036, 0.289, 1.000,409,2
Q2G2E5,0.064, 0.312, 0.891,575,2
Q2G2E6,0.849, 0.000, 0.928,33,0
Q2G2E7,0.044, 0.263, 1.000,251,2
Q2G2E8,0.020, 0.115, 1.000,150,2
Q2G2E9,0.083, 0.479, 1.000,581,2
Q2G2F0,0.014, 0.007, 1.000,140,1
Q2G2F1,0.008, 0.061, 1.000,246,1
Q2G2F2,0.069, 0.462, 1.000,407,3
Q2G2F3,0.030, 0.037, 1.000,167,1
Q2G2F4,0.802, 1.000, 0.495,242,1
Q2G2F5,0.005, 0.099, 1.000,375,1
Q2G2F6,0.000, 0.057, 1.000,70,1
Q2G2F7,0.413, 0.852, 0.823,150,2
Q2G2F8,0.110, 0.182, 0.318,173,1
Q2G2F9,0.088, 0.401, 1.000,194,2
Q2G2G0,0.288, 0.029, 0.476,146,1
Q2G2G1,0.217, 0.227, 0.940,157,1
Q2G2G2,0.109, 0.271, 0.761,228,3
Q2G2G3,0.104, 0.375, 0.788,450,2
Q2G2G4,0.051, 0.058, 1.000,275,1
Q2G2G5,0.137, 0.284, 0.423,139,1
Q2G2G6,0.490, 0.890, 0.476,339,2
Q2G2G7,0.010, 0.029, 1.000,204,1
Q2G2G9,0.029, 0.068, 1.000,272,2
Q2G2H0,0.000, 0.042, 1.000,96,1
Q2G2H1,0.038, 0.980, 1.000,53,1
Q2G2H3,0.124, 0.238, 0.411,505,2
Q2G2H4,0.008, 0.126, 1.000,377,2
Q2G2H5,0.079, 0.161, 0.304,453,3
Q2G2H6,0.144, 0.205, 1.000,97,1
Q2G2H7,0.020, 0.166, 1.000,498,2
Q2G2H8,0.006, 0.266, 1.000,159,1
Q2G2H9,0.017, 0.189, 1.000,118,1
Q2G2I0,0.005, 0.021, 1.000,384,1
Q2G2I1,0.058, 0.264, 0.259,460,2
Q2G2I2,0.191, 0.441, 1.000,42,0
Q2G2I3,0.042, 0.401, 1.000,312,1
Q2G2I4,1.000, 0.000, 0.697,89,0
Q2G2I5,0.032, 0.174, 1.000,95,1
Q2G2I6,0.023, 0.596, 1.000,306,1
Q2G2I7,0.122, 0.369, 0.943,148,1
Q2G2I8,0.094, 0.417, 1.000,106,1
Q2G2I9,0.040, 0.353, 1.000,124,1
Q2G2J0,0.068, 0.166, 1.000,103,1
Q2G2J1,1.000, 0.000, 0.750,80,0
Q2G2J2,0.641, 0.781, 0.170,267,1
Q2G2J3,0.024, 0.387, 1.000,466,2
Q2G2J4,0.292, 0.759, 0.678,651,6
Q2G2J5,0.089, 0.267, 1.000,247,2
Q2G2J6,0.712, 1.000, 1.000,59,0
Q2G2J7,0.216, 0.632, 0.958,111,1
Q2G2J8,0.041, 0.203, 1.000,263,1
Q2G2J9,0.284, 0.760, 0.433,628,4
Q2G2K0,0.053, 0.153, 1.000,131,1
Q2G2K1,0.193, 0.314, 0.487,213,1
Q2G2K2,0.000, 0.033, 1.000,151,1
Q2G2K3,0.181, 0.053, 0.144,116,1
Q2G2K4,0.308, 1.000, 1.000,52,0
Q2G2K5,0.002, 0.042, 1.000,571,1
Q2G2K6,0.066, 0.268, 1.000,136,1
Q2G2K7,0.004, 0.101, 1.000,229,1
Q2G2K8,0.053, 0.197, 1.000,150,1
Q2G2K9,0.020, 0.151, 1.000,250,1
Q2G2L0,0.005, 0.070, 1.000,214,1
Q2G2L1,0.030, 0.281, 1.000,264,1
Q2G2L2,0.089, 0.200, 0.315,247,1
Q2G2L3,0.039, 0.258, 1.000,254,1
Q2G2L4,0.348, 0.826, 0.655,416,4
Q2G2L5,0.213, 0.647, 0.601,281,2
Q2G2L6,0.522, 0.470, 0.487,138,1
Q2G2L7,0.095, 0.173, 0.958,230,2
Q2G2L8,0.067, 0.194, 0.940,254,2
Q2G2M0,0.000, 0.016, 1.000,61,1
Q2G2M2,0.112, 0.552, 0.946,840,4
Q2G2M3,0.008, 0.300, 1.000,248,1
Q2G2M4,0.059, 0.103, 1.000,134,2
Q2G2M5,0.178, 0.455, 1.000,174,2
Q2G2M6,0.021, 0.171, 1.000,466,3
Q2G2M7,0.093, 0.200, 0.903,215,1
Q2G2M8,0.028, 0.029, 1.000,180,1
Q2G2M9,0.007, 0.282, 1.000,578,2
Q2G2N0,0.067, 0.786, 1.000,30,0
Q2G2N1,0.176, 0.451, 0.722,347,3
Q2G2N2,0.229, 0.594, 0.782,402,2
Q2G2N3,0.255, 0.390, 1.000,55,0
Q2G2N4,0.049, 0.234, 1.000,283,2
Q2G2N5,0.035, 0.254, 0.600,486,2
Q2G2N6,0.100, 0.207, 1.000,70,1
Q2G2N7,0.092, 0.416, 0.837,196,3
Q2G2N8,0.807, 1.000, 0.778,145,0
Q2G2N9,0.007, 0.076, 1.000,147,1
Q2G2P0,0.400, 0.565, 0.522,115,1
Q2G2P1,0.229, 1.000, 1.000,35,0
Q2G2P2,0.042, 0.197, 1.000,381,1
Q2G2P3,0.158, 1.000, 1.000,57,0
Q2G2P4,0.017, 0.095, 1.000,118,1
Q2G2P5,0.051, 0.083, 0.039,491,1
Q2G2P6,0.030, 0.513, 1.000,231,2
Q2G2P7,0.010, 0.082, 1.000,504,1
Q2G2P8,0.011, 0.029, 1.000,276,1
Q2G2Q0,0.132, 0.268, 0.348,887,2
Q2G2Q1,0.011, 0.034, 1.000,89,1
Q2G2Q2,0.056, 0.135, 0.893,323,1
Q2G2Q3,0.000, 0.030, 1.000,305,1
Q2G2Q4,0.216, 0.561, 0.759,116,1
Q2G2Q5,0.000, 0.025, 1.000,162,1
Q2G2Q6,0.000, 0.054, 1.000,166,1
Q2G2Q7,0.012, 0.036, 1.000,166,1
Q2G2Q8,0.225, 0.103, 0.604,213,1
Q2G2Q9,0.006, 0.042, 1.000,166,1
Q2G2R0,0.000, 0.041, 1.000,171,1
Q2G2R4,0.000, 0.014, 1.000,142,1
Q2G2R5,0.010, 0.019, 1.000,103,1
Q2G2R6,0.000, 0.018, 1.000,57,1
Q2G2R7,0.046, 0.311, 1.000,108,1
Q2G2R8,0.167, 0.216, 0.383,388,2
Q2G2R9,0.130, 0.500, 0.885,200,2
Q2G2S0,0.002, 0.035, 1.000,431,1
Q2G2S1,0.190, 0.265, 0.695,257,1
Q2G2S2,0.181, 0.783, 0.685,387,2
Q2G2S3,0.087, 0.119, 1.000,92,1
Q2G2S4,0.045, 0.676, 1.000,110,1
Q2G2S5,0.120, 0.188, 1.000,133,1
Q2G2S6,0.125, 0.082, 0.152,320,1
Q2G2S7,0.085, 0.250, 0.882,398,2
Q2G2S8,0.090, 0.635, 0.900,978,9
Q2G2S9,0.092, 0.297, 0.880,185,2
Q2G2T0,0.735, 1.000, 0.517,121,1
Q2G2T1,0.010, 0.132, 1.000,313,1
Q2G2T2,0.029, 0.347, 1.000,312,2
Q2G2T3,0.013, 0.169, 1.000,150,1
Q2G2T4,0.009, 0.141, 1.000,322,1
Q2G2T5,0.193, 0.750, 0.808,109,0
Q2G2T6,0.033, 0.392, 0.727,655,3
Q2G2T7,0.211, 0.430, 0.739,327,3
Q2G2T8,0.011, 0.018, 1.000,279,1
Q2G2T9,0.062, 0.380, 0.613,449,3
Q2G2U0,0.034, 0.032, 1.000,393,1
Q2G2U1,0.092, 0.568, 0.717,351,4
Q2G2U2,0.069, 0.205, 0.609,262,2
Q2G2U3,0.098, 0.164, 0.378,427,2
Q2G2U4,0.078, 0.535, 0.744,608,5
Q2G2U5,0.008, 0.011, 1.000,266,1
Q2G2U6,0.073, 0.297, 0.534,233,2
Q2G2U7,0.030, 0.149, 1.000,297,1
Q2G2U8,0.053, 0.257, 0.906,800,1
Q2G2U9,0.056, 0.179, 1.000,124,1
Q2G2V0,0.108, 0.127, 0.750,186,2
Q2G2V1,0.354, 0.192, 0.624,113,1
Q2G2V2,0.000, 0.018, 1.000,333,1
Q2G2V3,0.102, 0.192, 0.382,492,3
Q2G2V4,0.224, 0.864, 1.000,85,1
Q2G2V5,0.006, 0.103, 1.000,157,1
Q2G2V6,0.020, 0.041, 1.000,248,1
Q2G2V7,0.126, 0.449, 0.944,278,1
Q2G2V8,1.000, 0.000, 0.579,76,0
Q2G2V9,0.003, 0.226, 1.000,325,2
Q2G2W0,0.000, 0.049, 1.000,345,2
Q2G2W1,0.202, 0.546, 0.455,643,2
Q2G2W2,0.472, 0.822, 0.860,212,1
Q2G2W3,0.040, 0.073, 1.000,300,1
Q2G2W4,0.032, 0.163, 1.000,183,1
Q2G2W5,0.060, 0.237, 1.000,215,2
Q2G2W6,0.021, 0.235, 1.000,139,1
Q2G2W7,0.024, 0.238, 1.000,82,1
Q2G2W8,0.247, 0.633, 0.231,105,2
Q2G2W9,0.034, 0.310, 1.000,267,2
Q2G2X0,0.091, 0.091, 0.132,241,2
Q2G2X1,0.014, 0.204, 1.000,279,1
Q2G2X2,0.000, 0.038, 1.000,132,1
Q2G2X4,0.038, 0.128, 1.000,367,2
Q2G2X5,0.015, 0.267, 1.000,270,2
Q2G2X6,0.065, 0.114, 0.600,431,2
Q2G2X7,0.176, 0.155, 0.074,227,1
Q2G2X8,0.142, 0.201, 0.514,232,1
Q2G2X9,0.160, 0.251, 0.594,232,2
Q2G2Y0,0.169, 0.114, 0.178,231,1
Q2G2Y1,1.000, 0.000, 0.758,33,0
Q2G2Y2,0.009, 0.186, 1.000,114,1
Q2G2Y3,0.474, 0.270, 0.388,331,1
Q2G2Y4,0.694, 0.348, 0.540,216,1
Q2G2Y5,0.534, 0.082, 0.378,208,1
Q2G2Y6,0.165, 0.158, 0.600,151,1
Q53700,0.041, 0.172, 1.000,243,1
Q53705,0.039, 0.350, 0.923,584,3
Q53726,0.013, 0.058, 1.000,230,1
Q53727,0.089, 0.312, 0.449,730,4
Q59801,0.059, 0.079, 0.119,807,1
Q7BHL7,0.171, 0.513, 0.749,327,2
Q7X2S2,0.003, 0.105, 1.000,313,1
Q8KQR1,0.396, 0.182, 0.500,227,1
Q93Q23,0.160, 0.129, 0.675,269,2
Q93T05,0.233, 0.446, 0.275,669,3
Q9EYW6,0.000, 0.064, 1.000,109,1
Q9EZ08,0.011, 0.033, 1.000,361,2
Q9EZ11,0.000, 0.054, 1.000,240,1
Q9EZ12,0.010, 0.010, 1.000,295,1
Q9F0R1,0.026, 0.152, 1.000,115,1
Q9F1K0,0.030, 0.342, 0.733,1065,4
Q9KJN3,0.085, 0.569, 0.918,451,5
Q9KJN4,0.050, 0.260, 1.000,219,2
Q9RFJ6,0.108, 0.196, 0.333,166,1
Q9RQP6,0.035, 0.228, 1.000,350,1
Q9RQP7,0.193, 0.159, 0.285,290,1
Q9RQP8,0.466, 1.000, 0.957,101,0
Q9RQP9,0.070, 0.292, 0.971,412,2
Q9RQQ0,0.000, 0.113, 1.000,186,1
Q9ZAH5,0.000, 0.008, 1.000,382,1
Q9ZAH6,0.008, 0.017, 1.000,119,1
Q9ZNI1,0.496, 0.196, 0.163,383,2
